pkg_name,vignette_any,vignette_cnt,vignette_words_cnt_min,vignette_words_cnt_max,vignette_words_cnt_mean,vignette_words_cnt_median,exported_func_cnt
gcite,0,0,NA,NA,NA,NA,15
EdSurvey,1,5,11,4561,1945.8,2075,25
fdq,0,0,NA,NA,NA,NA,27
RBesT,1,4,751,1247,999.75,1000.5,45
recipes,1,4,178,1043,535.5,460.5,60
tensorflow,0,0,NA,NA,NA,NA,6
BART,0,0,NA,NA,NA,NA,21
cleanNLP,0,0,NA,NA,NA,NA,22
lvnet,0,0,NA,NA,NA,NA,9
pinbasic,0,0,NA,NA,NA,NA,12
RcppMsgPack,0,0,NA,NA,NA,NA,3
SpaDES.core,1,2,2568,4426,3497,3497,108
valr,1,2,518,1154,836,836,33
ggeffects,1,1,917,917,917,917,9
wTO,0,0,NA,NA,NA,NA,11
ems,0,0,NA,NA,NA,NA,7
GENEAclassify,1,1,2349,2349,2349,2349,28
jmv,0,0,NA,NA,NA,NA,18
reproducible,0,0,NA,NA,NA,NA,24
canvasXpress,1,1,261,261,261,261,5
divest,0,0,NA,NA,NA,NA,1
FRegSigCom,0,0,NA,NA,NA,NA,10
hommel,0,0,NA,NA,NA,NA,6
pkggraph,1,1,928,928,928,928,29
POUMM,1,1,2310,2310,2310,2310,34
Rdimtools,0,0,NA,NA,NA,NA,28
wrapr,1,2,332,410,371,371,10
DescToolsAddIns,0,0,NA,NA,NA,NA,2
giphyr,0,0,NA,NA,NA,NA,3
GJRM,0,0,NA,NA,NA,NA,82
LNIRT,0,0,NA,NA,NA,NA,3
mnreadR,0,0,NA,NA,NA,NA,10
palm,0,0,NA,NA,NA,NA,14
personalized,1,1,3387,3387,3387,3387,10
configr,0,0,NA,NA,NA,NA,11
dimRed,0,0,NA,NA,NA,NA,49
helixvis,1,1,1059,1059,1059,1059,4
skpr,0,0,NA,NA,NA,NA,29
sys,0,0,NA,NA,NA,NA,1
fastLink,0,0,NA,NA,NA,NA,26
fingertipsR,1,2,577,697,637,637,7
FSelectorRcpp,1,2,533,719,626,626,5
reqres,0,0,NA,NA,NA,NA,8
STARTS,0,0,NA,NA,NA,NA,2
AMCTestmakeR,1,1,933,933,933,933,3
nandb,1,1,308,308,308,308,35
Rcrawler,0,0,NA,NA,NA,NA,10
reportReg,0,0,NA,NA,NA,NA,1
aphid,1,1,2393,2393,2393,2393,23
gastempt,1,1,43,43,43,43,11
antiword,0,0,NA,NA,NA,NA,1
arsenal,1,3,899,2857,2201,2847,21
dtangle,1,1,697,697,697,697,6
httptest,0,0,NA,NA,NA,NA,9
idefix,0,0,NA,NA,NA,NA,9
MALDIrppa,1,1,2710,2710,2710,2710,23
quickPlot,1,1,2598,2598,2598,2598,41
survHE,0,0,NA,NA,NA,NA,15
unrtf,0,0,NA,NA,NA,NA,1
walker,1,1,1003,1003,1003,1003,1
MADPop,1,1,1678,1678,1678,1678,9
memapp,0,0,NA,NA,NA,NA,2
breathteststan,0,0,NA,NA,NA,NA,1
elasticsearchr,1,1,1274,1274,1274,1274,24
exampletestr,1,1,592,592,592,592,7
gggenes,1,1,232,232,232,232,6
huxtable,1,2,696,697,696.5,696.5,43
worrms,1,1,131,131,131,131,17
mdmb,0,0,NA,NA,NA,NA,8
webmockr,0,0,NA,NA,NA,NA,23
WVPlots,1,2,483,484,483.5,483.5,28
augSIMEX,0,0,NA,NA,NA,NA,8
autothresholdr,1,1,180,180,180,180,2
eulerr,1,1,483,483,483,483,2
jmvcore,0,0,NA,NA,NA,NA,17
semtree,0,0,NA,NA,NA,NA,26
sessioninfo,0,0,NA,NA,NA,NA,4
shinyWidgets,0,0,NA,NA,NA,NA,26
spant,1,1,122,122,122,122,46
KarsTS,0,0,NA,NA,NA,NA,153
sigr,1,1,152,152,152,152,36
egg,1,2,481,1279,880,880,5
numform,0,0,NA,NA,NA,NA,19
owmr,0,0,NA,NA,NA,NA,26
tidyRSS,1,1,198,198,198,198,2
dexter,1,2,797,1586,1191.5,1191.5,21
redlistr,1,1,1640,1640,1640,1640,15
tesseract,0,0,NA,NA,NA,NA,1
VARtests,0,0,NA,NA,NA,NA,9
hutils,0,0,NA,NA,NA,NA,11
incidence,1,3,357,762,558.666666666667,557,7
automultinomial,0,0,NA,NA,NA,NA,22
flextable,1,3,512,601,542.333333333333,514,34
gibble,0,0,NA,NA,NA,NA,3
mvord,1,1,7112,7112,7112,7112,19
RATest,1,1,3151,3151,3151,3151,5
restriktor,0,0,NA,NA,NA,NA,19
shallot,0,0,NA,NA,NA,NA,13
spatstat.utils,0,0,NA,NA,NA,NA,24
AMModels,0,0,NA,NA,NA,NA,14
cpt,0,0,NA,NA,NA,NA,2
filesstrings,1,2,157,220,188.5,188.5,36
GDINA,0,0,NA,NA,NA,NA,34
greta,1,3,100,2650,1140.33333333333,671,16
lemon,1,4,275,887,581.75,582.5,15
vennLasso,1,1,1538,1538,1538,1538,13
rsparkling,0,0,NA,NA,NA,NA,4
strip,0,0,NA,NA,NA,NA,1
atus,0,0,NA,NA,NA,NA,3
ebimetagenomics,0,0,NA,NA,NA,NA,10
spectrolab,1,3,354,1221,667.666666666667,428,80
sugrrants,1,1,1005,1005,1005,1005,9
uavRmp,1,1,2306,2306,2306,2306,16
vistime,0,0,NA,NA,NA,NA,2
ggspatial,0,0,NA,NA,NA,NA,10
BayesS5,0,0,NA,NA,NA,NA,10
commonsMath,0,0,NA,NA,NA,NA,1
drake,1,1,2135,2135,2135,2135,25
latexpdf,1,1,201,201,201,201,12
link2GI,0,0,NA,NA,NA,NA,18
electoral,0,0,NA,NA,NA,NA,8
JuliaCall,0,0,NA,NA,NA,NA,12
microdemic,0,0,NA,NA,NA,NA,8
MODIS,0,0,NA,NA,NA,NA,31
PhenotypeSimulator,1,1,2326,2326,2326,2326,22
reactR,1,1,102,102,102,102,2
rlang,1,1,1366,1366,1366,1366,126
rlas,0,0,NA,NA,NA,NA,3
sitree,1,1,1246,1246,1246,1246,23
solvebio,0,0,NA,NA,NA,NA,14
texPreview,0,0,NA,NA,NA,NA,3
CrossVA,0,0,NA,NA,NA,NA,4
d3r,0,0,NA,NA,NA,NA,9
dodgr,1,2,533,2676,1604.5,1604.5,12
mmpf,1,1,421,421,421,421,6
mvLSW,0,0,NA,NA,NA,NA,15
NetworkInference,1,1,1064,1064,1064,1064,18
rsMove,0,0,NA,NA,NA,NA,15
rWind,0,0,NA,NA,NA,NA,5
sf,1,1,3194,3194,3194,3194,0
taskscheduleR,1,1,317,317,317,317,7
trackdem,0,0,NA,NA,NA,NA,16
blogdown,0,0,NA,NA,NA,NA,11
DEploid,1,1,450,450,450,450,11
isdparser,1,1,243,243,243,243,3
websearchr,0,0,NA,NA,NA,NA,13
xaringan,0,0,NA,NA,NA,NA,3
bikedata,1,1,3536,3536,3536,3536,15
dLagM,0,0,NA,NA,NA,NA,10
dynamichazard,1,2,2950,7583,5266.5,5266.5,10
FishResp,0,0,NA,NA,NA,NA,23
meteoland,1,1,4046,4046,4046,4046,33
osmdata,1,2,1715,2803,2259,2259,17
bridgesampling,1,1,1134,1134,1134,1134,4
cdata,1,1,2023,2023,2023,2023,4
RApiDatetime,0,0,NA,NA,NA,NA,2
lexicon,0,0,NA,NA,NA,NA,32
ciTools,0,0,NA,NA,NA,NA,16
poliscidata,0,0,NA,NA,NA,NA,45
webTRISr,0,0,NA,NA,NA,NA,5
wikitaxa,1,1,174,174,174,174,9
xtensor,0,0,NA,NA,NA,NA,2
antaresRead,1,1,829,829,829,829,20
bsplinePsd,0,0,NA,NA,NA,NA,14
charlatan,1,1,379,379,379,379,35
evaluator,1,1,1322,1322,1322,1322,34
hNMF,0,0,NA,NA,NA,NA,8
PowerUpR,0,0,NA,NA,NA,NA,63
PWEALL,0,0,NA,NA,NA,NA,25
sdpt3r,1,13,295,6181,922,398,31
BimodalIndex,1,1,279,279,279,279,1
breathtestcore,1,1,35,35,35,35,27
clickR,0,0,NA,NA,NA,NA,27
dataPreparation,1,1,1043,1043,1043,1043,22
fergm,1,1,803,803,803,803,11
GenAlgo,1,1,2481,2481,2481,2481,6
pinyin,1,1,317,317,317,317,5
pivottabler,1,5,401,1981,1133.6,1035,27
bcROCsurface,1,1,1073,1073,1073,1073,12
bookdownplus,0,0,NA,NA,NA,NA,1
grattan,1,4,150,1971,727.5,394.5,41
queuecomputer,1,2,314,334,324,324,7
cosinor2,0,0,NA,NA,NA,NA,11
crminer,0,0,NA,NA,NA,NA,16
define,0,0,NA,NA,NA,NA,14
dendroTools,0,0,NA,NA,NA,NA,14
dslabs,0,0,NA,NA,NA,NA,2
readJDX,1,1,853,853,853,853,1
stormwindmodel,1,2,1365,4030,2697.5,2697.5,35
analytics,0,0,NA,NA,NA,NA,3
touch,0,0,NA,NA,NA,NA,3
GSED,0,0,NA,NA,NA,NA,7
hoardr,1,1,139,139,139,139,2
psychmeta,0,0,NA,NA,NA,NA,175
Rnightlights,0,0,NA,NA,NA,NA,84
treemapify,1,1,532,532,532,532,7
bamlss,0,0,NA,NA,NA,NA,56
mMPA,1,1,228,228,228,228,4
mrfDepth,0,0,NA,NA,NA,NA,23
antaresViz,0,0,NA,NA,NA,NA,13
BatchGetSymbols,1,1,426,426,426,426,3
FLightR,0,0,NA,NA,NA,NA,17
GetLattesData,1,1,379,379,379,379,5
GROAN,1,1,1886,1886,1886,1886,35
itunesr,0,0,NA,NA,NA,NA,3
partialCI,1,1,1581,1581,1581,1581,12
Rodam,1,1,495,495,495,495,2
stacomiR,0,0,NA,NA,NA,NA,363
tidyselect,0,0,NA,NA,NA,NA,6
airGR,1,1,1379,1379,1379,1379,37
emdi,0,0,NA,NA,NA,NA,17
NetworkChange,0,0,NA,NA,NA,NA,20
wooldridge,1,1,4618,4618,4618,4618,105
EFAutilities,0,0,NA,NA,NA,NA,3
mindr,1,1,150,150,150,150,3
nucim,0,0,NA,NA,NA,NA,16
billboarder,1,2,330,521,425.5,425.5,48
c212,0,0,NA,NA,NA,NA,36
easyreg,0,0,NA,NA,NA,NA,11
psda,0,0,NA,NA,NA,NA,14
sptemExp,0,0,NA,NA,NA,NA,39
pollen,0,0,NA,NA,NA,NA,3
ratelimitr,1,1,268,268,268,268,3
rmapzen,0,0,NA,NA,NA,NA,22
wallace,0,0,NA,NA,NA,NA,2
bazar,0,0,NA,NA,NA,NA,22
googledrive,1,1,30,30,30,30,49
pdSpecEst,1,1,711,711,711,711,11
spmoran,1,1,23,23,23,23,5
CMatching,0,0,NA,NA,NA,NA,5
comtradr,0,0,NA,NA,NA,NA,7
PWFSLSmoke,1,2,552,724,638,638,108
uiucthemes,0,0,NA,NA,NA,NA,2
auk,1,1,2345,2345,2345,2345,20
Delta,0,0,NA,NA,NA,NA,15
partitionComparison,0,0,NA,NA,NA,NA,52
rjmcmc,0,0,NA,NA,NA,NA,6
soundgen,1,2,6233,7108,6670.5,6670.5,88
spatstat.data,0,0,NA,NA,NA,NA,56
TileManager,0,0,NA,NA,NA,NA,8
ClassDiscovery,1,2,486,1471,978.5,978.5,14
dataMaid,0,0,NA,NA,NA,NA,53
mdsOpt,0,0,NA,NA,NA,NA,4
odr,1,1,950,950,950,950,3
PeakSegJoint,0,0,NA,NA,NA,NA,22
RcmdrPlugin.RiskDemo,0,0,NA,NA,NA,NA,22
vein,0,0,NA,NA,NA,NA,42
tensorBF,0,0,NA,NA,NA,NA,9
WeightedROC,1,2,338,426,382,382,2
carData,0,0,NA,NA,NA,NA,56
loon,1,2,2352,3770,3061,3061,235
metaplot,0,0,NA,NA,NA,NA,17
nanotime,0,0,NA,NA,NA,NA,2
nonmemica,1,1,1347,1347,1347,1347,176
clustermq,1,1,629,629,629,629,24
fDMA,0,0,NA,NA,NA,NA,16
LearnGeom,1,1,2048,2048,2048,2048,39
shadow,1,1,1243,1243,1243,1243,11
antaresProcessing,1,1,349,349,349,349,14
BETS,0,0,NA,NA,NA,NA,31
ecm,0,0,NA,NA,NA,NA,5
scalpel,0,0,NA,NA,NA,NA,31
textreadr,0,0,NA,NA,NA,NA,12
ggridges,1,2,258,1232,745,745,13
boxcoxmix,0,0,NA,NA,NA,NA,7
seplyr,1,1,241,241,241,241,10
frequencyConnectedness,0,0,NA,NA,NA,NA,43
grf,0,0,NA,NA,NA,NA,15
parallelDist,1,1,1002,1002,1002,1002,1
revengc,0,0,NA,NA,NA,NA,6
smapr,1,1,424,424,424,424,5
geex,1,8,169,1132,507.375,365,46
geojsonR,0,0,NA,NA,NA,NA,5
jtools,1,3,561,1850,1039.33333333333,707,11
sparsepp,0,0,NA,NA,NA,NA,1
uGMAR,1,1,1205,1205,1205,1205,29
HEMDAG,0,0,NA,NA,NA,NA,45
RInno,1,2,418,469,443.5,443.5,20
datasauRus,1,1,134,134,134,134,10
gravity,0,0,NA,NA,NA,NA,9
phuse,0,0,NA,NA,NA,NA,19
rcoreoa,1,1,887,887,887,887,9
ROptSpace,0,0,NA,NA,NA,NA,1
BayLum,1,1,1694,1694,1694,1694,30
CIAAWconsensus,0,0,NA,NA,NA,NA,7
dataCompareR,1,1,818,818,818,818,65
replyr,1,2,285,1304,794.5,794.5,22
hetGP,0,0,NA,NA,NA,NA,19
later,1,1,489,489,489,489,2
ReIns,1,1,2378,2378,2378,2378,109
gdns,0,0,NA,NA,NA,NA,7
mbir,1,1,3957,3957,3957,3957,14
aiRthermo,0,0,NA,NA,NA,NA,47
graphon,0,0,NA,NA,NA,NA,10
hIRT,0,0,NA,NA,NA,NA,8
reprex,0,0,NA,NA,NA,NA,3
usmap,1,2,139,280,209.5,209.5,12
BLPestimatoR,0,0,NA,NA,NA,NA,3
spData,0,0,NA,NA,NA,NA,5
LabourMarketAreas,0,0,NA,NA,NA,NA,30
mize,1,4,907,4533,1990.25,1260.5,6
moveVis,0,0,NA,NA,NA,NA,5
sgmcmc,1,4,704,891,803,808.5,8
document,1,1,361,361,361,361,14
EnvCpt,0,0,NA,NA,NA,NA,4
HDtest,0,0,NA,NA,NA,NA,14
knor,0,0,NA,NA,NA,NA,3
nse,0,0,NA,NA,NA,NA,7
SimPhe,1,1,664,664,664,664,24
bigstep,0,0,NA,NA,NA,NA,10
bomrang,1,2,472,4076,2274,2274,12
geosapi,0,0,NA,NA,NA,NA,19
getCRUCLdata,1,1,605,605,605,605,3
ggmosaic,1,1,1295,1295,1295,1295,13
grec,0,0,NA,NA,NA,NA,4
merDeriv,0,0,NA,NA,NA,NA,4
odpc,0,0,NA,NA,NA,NA,6
sjlabelled,1,2,370,1396,883,883,27
fastnet,0,0,NA,NA,NA,NA,41
IncDTW,0,0,NA,NA,NA,NA,3
mixKernel,0,0,NA,NA,NA,NA,8
PhylogeneticEM,1,1,840,840,840,840,135
prettycode,0,0,NA,NA,NA,NA,4
scorecard,0,0,NA,NA,NA,NA,10
zoocat,1,1,368,368,368,368,33
BIGL,1,2,884,2247,1565.5,1565.5,47
datasets.load,0,0,NA,NA,NA,NA,10
ghibli,1,1,120,120,120,120,2
naniar,1,2,431,1889,1160,1160,68
penaltyLearning,1,1,1675,1675,1675,1675,33
rly,0,0,NA,NA,NA,NA,8
udpipe,1,2,812,1972,1392,1392,6
redR,0,0,NA,NA,NA,NA,10
reportROC,0,0,NA,NA,NA,NA,2
fitur,1,1,161,161,161,161,5
ggdmc,0,0,NA,NA,NA,NA,52
healthcareai,0,0,NA,NA,NA,NA,35
fastR2,1,1,34,34,34,34,70
gamesGA,0,0,NA,NA,NA,NA,8
iMediate,0,0,NA,NA,NA,NA,4
sinew,0,0,NA,NA,NA,NA,5
taxonomizr,1,1,463,463,463,463,12
bayesImageS,1,1,3436,3436,3436,3436,11
intccr,0,0,NA,NA,NA,NA,11
lero.lero,0,0,NA,NA,NA,NA,1
OOBCurve,0,0,NA,NA,NA,NA,1
PeerPerformance,0,0,NA,NA,NA,NA,9
RiskPortfolios,0,0,NA,NA,NA,NA,6
covatest,0,0,NA,NA,NA,NA,9
fdANOVA,1,1,7615,7615,7615,7615,12
cytometree,0,0,NA,NA,NA,NA,18
SSLASSO,0,0,NA,NA,NA,NA,2
eDMA,1,1,8932,8932,8932,8932,9
MCMCvis,1,1,711,711,711,711,6
tidycensus,0,0,NA,NA,NA,NA,10
vpc,0,0,NA,NA,NA,NA,33
bgsmtr,0,0,NA,NA,NA,NA,2
mclustcomp,0,0,NA,NA,NA,NA,6
supc,1,1,1742,1742,1742,1742,7
startup,0,0,NA,NA,NA,NA,6
symDMatrix,0,0,NA,NA,NA,NA,11
TeXCheckR,0,0,NA,NA,NA,NA,30
tfruns,0,0,NA,NA,NA,NA,13
adiv,0,0,NA,NA,NA,NA,40
BGData,0,0,NA,NA,NA,NA,14
gsynth,0,0,NA,NA,NA,NA,9
keras,1,10,310,2010,878.8,480.5,171
perccalc,1,2,165,725,445,445,2
quickmatch,0,0,NA,NA,NA,NA,7
rtrim,1,3,254,1258,761.333333333333,772,46
scclust,0,0,NA,NA,NA,NA,8
stepPenal,0,0,NA,NA,NA,NA,12
CINNA,1,1,1560,1560,1560,1560,28
manet,0,0,NA,NA,NA,NA,7
micemd,0,0,NA,NA,NA,NA,14
sarima,1,1,594,594,594,594,40
BayesNetBP,0,0,NA,NA,NA,NA,20
BioInstaller,0,0,NA,NA,NA,NA,10
collapsibleTree,0,0,NA,NA,NA,NA,3
Eagle,0,0,NA,NA,NA,NA,7
geometa,0,0,NA,NA,NA,NA,72
GMSE,0,0,NA,NA,NA,NA,5
lidR,0,0,NA,NA,NA,NA,48
lmridge,0,0,NA,NA,NA,NA,20
rstantools,1,1,1301,1301,1301,1301,9
rvinecopulib,0,0,NA,NA,NA,NA,11
SSBtools,0,0,NA,NA,NA,NA,12
TLMoments,1,2,408,616,512,512,19
quickblock,0,0,NA,NA,NA,NA,6
rsolr,1,1,1461,1461,1461,1461,20
lagged,0,0,NA,NA,NA,NA,10
RLT,0,0,NA,NA,NA,NA,4
shinyFeedback,1,1,175,175,175,175,5
censusapi,1,1,766,766,766,766,6
dwapi,1,1,311,311,311,311,49
hrbrthemes,1,1,960,960,960,960,12
IPEC,0,0,NA,NA,NA,NA,9
mockery,1,1,607,607,607,607,6
sweep,1,3,978,1264,1076.66666666667,988,24
timetk,1,4,1233,1974,1497,1390.5,13
narray,1,1,283,283,283,283,20
AbSim,1,1,1950,1950,1950,1950,11
bigstatsr,0,0,NA,NA,NA,NA,45
DMMF,0,0,NA,NA,NA,NA,6
GPrank,1,1,1666,1666,1666,1666,23
haploR,1,1,275,275,275,275,3
optrdd,0,0,NA,NA,NA,NA,2
textutils,1,1,90,90,90,90,12
batchtools,1,4,307,1010,565,471.5,51
castor,0,0,NA,NA,NA,NA,40
datastructures,1,1,509,509,509,509,14
mapedit,0,0,NA,NA,NA,NA,13
openEBGM,1,5,393,1047,740.6,772,17
processx,0,0,NA,NA,NA,NA,4
BMisc,0,0,NA,NA,NA,NA,16
cholera,1,5,125,2821,1563.8,1157,49
civis,1,4,342,1086,736.25,758.5,357
distances,0,0,NA,NA,NA,NA,7
vetr,1,2,1046,2152,1599,1599,12
LMfilteR,0,0,NA,NA,NA,NA,1
powerlmm,1,4,523,1160,856.5,871.5,39
ProliferativeIndex,1,1,519,519,519,519,7
snakecase,1,1,268,268,268,268,4
EL2Surv,0,0,NA,NA,NA,NA,4
kirby21.base,0,0,NA,NA,NA,NA,10
kirby21.fmri,0,0,NA,NA,NA,NA,2
kirby21.t1,0,0,NA,NA,NA,NA,2
sequoia,1,1,3841,3841,3841,3841,27
subprocess,1,1,1024,1024,1024,1024,6
genBaRcode,0,0,NA,NA,NA,NA,24
libstableR,0,0,NA,NA,NA,NA,5
MCMCprecision,0,0,NA,NA,NA,NA,9
jcolors,1,1,267,267,267,267,8
IDmining,0,0,NA,NA,NA,NA,7
PRISMAstatement,1,1,96,96,96,96,1
taxa,1,1,1703,1703,1703,1703,94
gridsample,0,0,NA,NA,NA,NA,4
nsROC,0,0,NA,NA,NA,NA,11
roadoi,1,1,733,733,733,733,3
tmaptools,0,0,NA,NA,NA,NA,32
coda.base,0,0,NA,NA,NA,NA,7
crochet,0,0,NA,NA,NA,NA,3
DSAIDE,1,1,1801,1801,1801,1801,15
gasfluxes,0,0,NA,NA,NA,NA,10
MatrixLDA,0,0,NA,NA,NA,NA,4
reticulate,1,2,1454,1562,1508,1508,25
rPraat,0,0,NA,NA,NA,NA,65
simmer.plot,1,2,91,373,232,232,2
ggformula,1,1,2357,2357,2357,2357,47
icesTAF,0,0,NA,NA,NA,NA,21
pre,0,0,NA,NA,NA,NA,9
TOSTER,1,1,989,989,989,989,15
bayesplot,1,3,526,1832,1201.33333333333,1246,23
LncFinder,0,0,NA,NA,NA,NA,10
colourvision,0,0,NA,NA,NA,NA,18
hyper2,1,1,2489,2489,2489,2489,19
flifo,1,1,175,175,175,175,9
gcKrig,0,0,NA,NA,NA,NA,36
geomerge,0,0,NA,NA,NA,NA,14
janitor,1,1,953,953,953,953,15
statip,0,0,NA,NA,NA,NA,11
dotCall64,0,0,NA,NA,NA,NA,2
reghelper,0,0,NA,NA,NA,NA,54
sylly,1,1,540,540,540,540,13
makedummies,0,0,NA,NA,NA,NA,1
woeBinning,0,0,NA,NA,NA,NA,6
CBCgrps,0,0,NA,NA,NA,NA,3
CSeqpat,0,0,NA,NA,NA,NA,1
aws.ec2metadata,0,0,NA,NA,NA,NA,1
errors,0,0,NA,NA,NA,NA,3
GPoM,1,6,597,1855,1058.66666666667,859,32
projmanr,0,0,NA,NA,NA,NA,5
regplot,0,0,NA,NA,NA,NA,1
dbplyr,1,3,313,1315,970.666666666667,1284,28
netCoin,0,0,NA,NA,NA,NA,29
oddsratio,1,1,405,405,405,405,2
shinyjqui,1,2,328,1281,804.5,804.5,6
simglm,1,5,327,1750,941.8,832,39
textTinyR,1,1,4042,4042,4042,4042,20
anMC,0,0,NA,NA,NA,NA,10
safer,0,0,NA,NA,NA,NA,9
mapsapi,1,1,319,319,319,319,7
nmaINLA,1,1,782,782,782,782,21
officer,1,2,696,975,835.5,835.5,48
textclean,0,0,NA,NA,NA,NA,20
WordR,1,1,726,726,726,726,4
ggiraphExtra,1,1,278,278,278,278,33
MSbox,0,0,NA,NA,NA,NA,7
survutils,0,0,NA,NA,NA,NA,10
BAMBI,0,0,NA,NA,NA,NA,34
ggpval,1,1,104,104,104,104,1
wdman,1,1,1221,1221,1221,1221,6
BALCONY,0,0,NA,NA,NA,NA,40
ggstance,0,0,NA,NA,NA,NA,13
lumberjack,1,2,468,755,611.5,611.5,8
Seurat,0,0,NA,NA,NA,NA,158
spind,1,1,1567,1567,1567,1567,25
spm,1,1,1111,1111,1111,1111,30
vagalumeR,0,0,NA,NA,NA,NA,6
blastula,0,0,NA,NA,NA,NA,9
ncar,0,0,NA,NA,NA,NA,13
NonCompart,0,0,NA,NA,NA,NA,12
rwalkr,0,0,NA,NA,NA,NA,2
binman,1,1,919,919,919,919,13
CNLTreg,0,0,NA,NA,NA,NA,7
CNLTtsa,0,0,NA,NA,NA,NA,10
future.batchtools,0,0,NA,NA,NA,NA,13
qqplotr,0,0,NA,NA,NA,NA,7
rmpw,0,0,NA,NA,NA,NA,2
SmoothWin,0,0,NA,NA,NA,NA,4
CATkit,0,0,NA,NA,NA,NA,3
CodeDepends,1,1,768,768,768,768,24
dgo,0,0,NA,NA,NA,NA,14
easyDes,0,0,NA,NA,NA,NA,1
glue,0,0,NA,NA,NA,NA,4
pinp,0,0,NA,NA,NA,NA,1
rmda,0,0,NA,NA,NA,NA,10
RTransProb,0,0,NA,NA,NA,NA,19
scatterpie,1,1,128,128,128,128,3
BayesianTools,1,1,2721,2721,2721,2721,84
beyondWhittle,0,0,NA,NA,NA,NA,51
DendroSync,0,0,NA,NA,NA,NA,16
GCalignR,1,1,2119,2119,2119,2119,17
keyring,0,0,NA,NA,NA,NA,12
ordinalForest,0,0,NA,NA,NA,NA,6
spacyr,0,0,NA,NA,NA,NA,10
WRTDStidal,0,0,NA,NA,NA,NA,47
benchr,0,0,NA,NA,NA,NA,8
GreedyExperimentalDesign,1,1,1049,1049,1049,1049,28
MODIStsp,1,1,3362,3362,3362,3362,16
Rlinsolve,1,1,217,217,217,217,10
SpaDES.tools,0,0,NA,NA,NA,NA,34
FRK,1,1,7509,7509,7509,7509,36
htree,0,0,NA,NA,NA,NA,8
incadata,1,2,239,819,529,529,9
Rlda,0,0,NA,NA,NA,NA,8
gemlog,0,0,NA,NA,NA,NA,5
MAGNAMWAR,1,1,1772,1772,1772,1772,21
qGaussian,0,0,NA,NA,NA,NA,5
spass,0,0,NA,NA,NA,NA,18
desctable,1,1,1599,1599,1599,1599,32
polyPK,1,1,453,453,453,453,18
bayesDP,0,0,NA,NA,NA,NA,7
cetcolor,1,1,193,193,193,193,3
crul,1,1,216,216,216,216,4
MetaSubtract,0,0,NA,NA,NA,NA,3
pdfsearch,0,0,NA,NA,NA,NA,4
qicharts2,1,1,4400,4400,4400,4400,9
rhoR,0,0,NA,NA,NA,NA,16
spelling,0,0,NA,NA,NA,NA,4
phylopath,1,1,797,797,797,797,9
ggforce,1,1,2350,2350,2350,2350,19
ggraph,1,3,577,1555,1099.66666666667,1167,60
AcousticNDLCodeR,0,0,NA,NA,NA,NA,10
CytobankAPI,1,2,1089,1321,1205,1205,21
docxtools,0,0,NA,NA,NA,NA,4
ggfittext,1,1,626,626,626,626,3
bmixture,0,0,NA,NA,NA,NA,15
permDep,0,0,NA,NA,NA,NA,2
satscanMapper,0,0,NA,NA,NA,NA,12
GADMTools,0,0,NA,NA,NA,NA,21
kernelboot,0,0,NA,NA,NA,NA,7
visdat,1,1,514,514,514,514,13
DatabionicSwarm,0,0,NA,NA,NA,NA,22
GeneralizedUmatrix,0,0,NA,NA,NA,NA,8
ggedit,0,0,NA,NA,NA,NA,45
glmmTMB,1,1,1284,1284,1284,1284,27
processmapR,0,0,NA,NA,NA,NA,6
spup,1,4,667,1847,1324.75,1392.5,39
disco,0,0,NA,NA,NA,NA,9
drtmle,1,1,5427,5427,5427,5427,30
neatmaps,0,0,NA,NA,NA,NA,12
simule,0,0,NA,NA,NA,NA,2
bupaR,0,0,NA,NA,NA,NA,25
GenomicMating,0,0,NA,NA,NA,NA,3
ImputeRobust,0,0,NA,NA,NA,NA,7
biolink,0,0,NA,NA,NA,NA,4
crplyr,0,0,NA,NA,NA,NA,1
expint,1,1,1480,1480,1480,1480,3
learnr,0,0,NA,NA,NA,NA,7
mfe,1,1,1699,1699,1699,1699,15
multicmp,0,0,NA,NA,NA,NA,2
pool,0,0,NA,NA,NA,NA,15
SCORPIUS,1,2,420,471,445.5,445.5,25
support.BWS2,0,0,NA,NA,NA,NA,4
taxlist,0,0,NA,NA,NA,NA,25
vegtable,0,0,NA,NA,NA,NA,28
cld3,0,0,NA,NA,NA,NA,1
dynOmics,0,0,NA,NA,NA,NA,5
prioritizr,1,2,43,45,44,44,12
raptr,1,1,47,47,47,47,73
ropercenter,1,1,533,533,533,533,1
SimMultiCorrData,1,8,286,2403,1162.625,1079,56
colordistance,1,3,1220,2870,2157.33333333333,2382,26
CytobankAPIstats,0,0,NA,NA,NA,NA,15
dng,0,0,NA,NA,NA,NA,5
GBJ,1,1,923,923,923,923,21
ClusterBootstrap,0,0,NA,NA,NA,NA,6
fetchR,1,1,1198,1198,1198,1198,8
jpmesh,0,0,NA,NA,NA,NA,13
padr,1,2,607,909,758,758,8
treeDA,1,1,1532,1532,1532,1532,19
unpivotr,1,2,847,861,854,854,9
catcont,0,0,NA,NA,NA,NA,1
cellWise,1,1,727,727,727,727,6
multinet,0,0,NA,NA,NA,NA,18
phylogram,1,1,1963,1963,1963,1963,13
coreCT,1,1,615,615,615,615,7
mosaicCore,0,0,NA,NA,NA,NA,10
patternplot,1,1,328,328,328,328,2
RIA,0,0,NA,NA,NA,NA,11
splot,0,0,NA,NA,NA,NA,1
hexSticker,0,0,NA,NA,NA,NA,8
KnowBR,0,0,NA,NA,NA,NA,4
subscreen,0,0,NA,NA,NA,NA,3
BUCSS,0,0,NA,NA,NA,NA,8
fastDummies,0,0,NA,NA,NA,NA,2
googleLanguageR,1,4,408,565,474.75,463,8
LEGIT,1,1,733,733,733,733,9
mlrMBO,1,4,558,1055,811.5,816.5,33
tidyxl,1,1,783,783,783,783,1
momentuHMM,0,0,NA,NA,NA,NA,64
womblR,1,1,1972,1972,1972,1972,15
chinese.misc,0,0,NA,NA,NA,NA,18
cstab,0,0,NA,NA,NA,NA,7
ggimage,1,1,75,75,75,75,1
prodest,0,0,NA,NA,NA,NA,25
rdiversity,0,0,NA,NA,NA,NA,50
spam64,0,0,NA,NA,NA,NA,1
uptasticsearch,0,0,NA,NA,NA,NA,6
ahnr,1,1,194,194,194,194,4
asciiSetupReader,1,1,451,451,451,451,2
bayeslm,0,0,NA,NA,NA,NA,2
CircularDDM,0,0,NA,NA,NA,NA,6
MetaComp,0,0,NA,NA,NA,NA,21
fuser,1,1,511,511,511,511,5
walrus,0,0,NA,NA,NA,NA,5
AdhereR,1,1,7658,7658,7658,7658,19
bsamGP,0,0,NA,NA,NA,NA,27
loder,0,0,NA,NA,NA,NA,2
MultisiteMediation,0,0,NA,NA,NA,NA,3
prophet,1,1,171,171,171,171,31
jpndistrict,0,0,NA,NA,NA,NA,15
lingtypology,1,1,1242,1242,1242,1242,15
tuckerR.mmgg,0,0,NA,NA,NA,NA,6
ROpenDota,0,0,NA,NA,NA,NA,16
beginr,0,0,NA,NA,NA,NA,21
diceR,1,1,853,853,853,853,24
jwutil,0,0,NA,NA,NA,NA,67
leaflet.minicharts,1,1,721,721,721,721,3
manipulateWidget,1,1,993,993,993,993,16
ompr,0,0,NA,NA,NA,NA,18
ompr.roi,0,0,NA,NA,NA,NA,2
rclimateca,0,0,NA,NA,NA,NA,6
StatCharrms,1,1,3182,3182,3182,3182,38
teachingApps,0,0,NA,NA,NA,NA,16
odbc,0,0,NA,NA,NA,NA,9
bivrp,0,0,NA,NA,NA,NA,6
briskaR,1,1,368,368,368,368,34
ConR,1,2,271,3114,1692.5,1692.5,9
fst,0,0,NA,NA,NA,NA,2
LAM,0,0,NA,NA,NA,NA,5
mixR,0,0,NA,NA,NA,NA,25
RegularizedSCA,1,3,23,700,250,27,13
textshape,0,0,NA,NA,NA,NA,24
tigreBrowserWriter,0,0,NA,NA,NA,NA,7
wikilake,1,1,189,189,189,189,7
SPAtest,0,0,NA,NA,NA,NA,2
alterryx,1,1,697,697,697,697,27
networktools,1,1,2039,2039,2039,2039,13
powerCompRisk,0,0,NA,NA,NA,NA,1
Tcomp,1,1,898,898,898,898,4
pkr,0,0,NA,NA,NA,NA,24
qrcmNP,0,0,NA,NA,NA,NA,12
rwc,0,0,NA,NA,NA,NA,9
tangram,1,3,76,786,359.666666666667,217,104
excerptr,1,1,119,119,119,119,8
LocalControl,0,0,NA,NA,NA,NA,23
shinymaterial,0,0,NA,NA,NA,NA,9
hmi,1,1,3429,3429,3429,3429,38
PSTR,0,0,NA,NA,NA,NA,8
sitreeE,0,0,NA,NA,NA,NA,7
welchADF,0,0,NA,NA,NA,NA,6
metaforest,0,0,NA,NA,NA,NA,11
redux,1,2,529,1350,939.5,939.5,13
graphkernels,0,0,NA,NA,NA,NA,16
purrrlyr,0,0,NA,NA,NA,NA,5
ramcmc,1,1,544,544,544,544,3
RatingScaleReduction,0,0,NA,NA,NA,NA,8
RchivalTag,0,0,NA,NA,NA,NA,17
rdwd,1,2,36,715,375.5,375.5,15
StructFDR,0,0,NA,NA,NA,NA,10
DClusterm,1,1,4419,4419,4419,4419,16
joineRML,1,1,1257,1257,1257,1257,40
qgam,1,1,1601,1601,1601,1601,16
RHMS,0,0,NA,NA,NA,NA,31
MetaLonDA,1,1,194,194,194,194,12
aws.s3,0,0,NA,NA,NA,NA,31
clampSeg,0,0,NA,NA,NA,NA,7
DisHet,0,0,NA,NA,NA,NA,2
edgarWebR,1,1,540,540,540,540,11
PeakSegOptimal,0,0,NA,NA,NA,NA,9
BiDAG,0,0,NA,NA,NA,NA,16
DPP,0,0,NA,NA,NA,NA,4
lvec,0,0,NA,NA,NA,NA,16
neurohcp,1,1,444,444,444,444,12
bssm,1,2,1026,1691,1358.5,1358.5,34
frailtyEM,1,1,5228,5228,5228,5228,11
ukbtools,1,1,1137,1137,1137,1137,25
unsystation,0,0,NA,NA,NA,NA,7
ALA4R,1,1,1537,1537,1537,1537,24
genotypeR,1,1,979,979,979,979,21
ICtest,1,3,313,1260,725.666666666667,604,18
margins,1,3,738,6098,3457.33333333333,3536,8
microPop,0,0,NA,NA,NA,NA,59
philentropy,1,3,138,532,382,476,13
prediction,0,0,NA,NA,NA,NA,3
quadprogXT,0,0,NA,NA,NA,NA,3
regnet,0,0,NA,NA,NA,NA,7
templates,1,1,198,198,198,198,2
ziphsmm,0,0,NA,NA,NA,NA,12
AIG,0,0,NA,NA,NA,NA,2
easycsv,0,0,NA,NA,NA,NA,3
kableExtra,1,1,937,937,937,937,10
tabularaster,1,3,82,1051,695.333333333333,953,10
MAVE,1,2,409,964,686.5,686.5,2
HURDAT,1,1,257,257,257,257,8
kutils,1,1,5565,5565,5565,5565,45
StepSignalMargiLike,0,0,NA,NA,NA,NA,17
CrossValidate,1,1,436,436,436,436,5
GAparsimony,0,0,NA,NA,NA,NA,14
ggjoy,1,1,644,644,644,644,6
Modeler,1,1,786,786,786,786,19
randgeo,1,1,239,239,239,239,6
rdist,0,0,NA,NA,NA,NA,1
rsurface,0,0,NA,NA,NA,NA,4
SIBERG,1,1,877,877,877,877,6
simsurv,0,0,NA,NA,NA,NA,1
Umpire,1,1,1800,1800,1800,1800,16
ClassComparison,1,1,1225,1225,1225,1225,17
datadogr,0,0,NA,NA,NA,NA,5
diffusr,1,1,444,444,444,444,7
implyr,0,0,NA,NA,NA,NA,8
oompaBase,1,1,456,456,456,456,6
Polychrome,1,1,275,275,275,275,11
PreProcess,1,1,688,688,688,688,10
TailRank,1,2,160,601,380.5,380.5,8
tukeytrend,1,1,5034,5034,5034,5034,6
ChoR,0,0,NA,NA,NA,NA,11
datasus,1,1,276,276,276,276,6
rust,1,1,2434,2434,2434,2434,10
HTSSIP,1,7,236,1468,702.142857142857,658,47
missRanger,0,0,NA,NA,NA,NA,4
PBNPA,0,0,NA,NA,NA,NA,1
vortexR,1,1,10470,10470,10470,10470,35
base64url,1,1,182,182,182,182,1
ffstream,1,1,1225,1225,1225,1225,80
MTA,1,2,1401,6493,3947,3947,10
rbi,0,0,NA,NA,NA,NA,31
treespace,1,3,737,1612,1122.66666666667,1019,21
mltools,0,0,NA,NA,NA,NA,20
ASIP,0,0,NA,NA,NA,NA,15
cld2,0,0,NA,NA,NA,NA,1
dartR,1,1,6594,6594,6594,6594,60
Knoema,0,0,NA,NA,NA,NA,1
MEclustnet,0,0,NA,NA,NA,NA,23
openSTARS,1,1,1351,1351,1351,1351,24
Select,0,0,NA,NA,NA,NA,2
shiny.semantic,0,0,NA,NA,NA,NA,8
blandr,1,1,1031,1031,1031,1031,14
MVisAGe,0,0,NA,NA,NA,NA,13
readtext,1,1,1011,1011,1011,1011,7
ROI.plugin.alabama,0,0,NA,NA,NA,NA,2
writexl,0,0,NA,NA,NA,NA,2
BIEN,1,1,694,694,694,694,52
tidyquant,1,1,3332,3332,3332,3332,6
coga,1,1,309,309,309,309,2
DescriptiveStats.OBeu,1,1,745,745,745,745,15
gdpc,0,0,NA,NA,NA,NA,9
LeArEst,0,0,NA,NA,NA,NA,5
preference,1,1,2060,2060,2060,2060,16
CondIndTests,0,0,NA,NA,NA,NA,13
dlib,0,0,NA,NA,NA,NA,2
gWQS,1,1,1235,1235,1235,1235,2
lmvar,1,1,1348,1348,1348,1348,16
nardl,0,0,NA,NA,NA,NA,5
sensors4plumes,0,0,NA,NA,NA,NA,46
imagine,1,1,700,700,700,700,4
optional,1,1,271,271,271,271,6
FactoInvestigate,0,0,NA,NA,NA,NA,22
pbdRPC,1,1,202,202,202,202,10
rpms,0,0,NA,NA,NA,NA,14
DAC,0,0,NA,NA,NA,NA,2
olsrr,1,6,227,966,560.166666666667,556,59
ProjectionBasedClustering,0,0,NA,NA,NA,NA,21
SurvDisc,0,0,NA,NA,NA,NA,10
glm.predict,0,0,NA,NA,NA,NA,7
jsonld,0,0,NA,NA,NA,NA,1
weco,1,1,340,340,340,340,8
AR,0,0,NA,NA,NA,NA,2
mrbsizeR,1,1,3619,3619,3619,3619,23
PLMIX,0,0,NA,NA,NA,NA,23
PLmixed,0,0,NA,NA,NA,NA,18
pointblank,0,0,NA,NA,NA,NA,40
RAC,1,1,1159,1159,1159,1159,76
brt,0,0,NA,NA,NA,NA,7
estprod,0,0,NA,NA,NA,NA,6
IMIFA,1,1,1738,1738,1738,1738,13
Jdmbs,1,1,895,895,895,895,4
nprobust,0,0,NA,NA,NA,NA,6
sbart,0,0,NA,NA,NA,NA,1
BBMV,0,0,NA,NA,NA,NA,17
convexjlr,1,1,983,983,983,983,36
predtoolsTS,0,0,NA,NA,NA,NA,31
sqlscore,0,0,NA,NA,NA,NA,5
mathpix,0,0,NA,NA,NA,NA,5
mrgsolve,0,0,NA,NA,NA,NA,104
vdiffr,0,0,NA,NA,NA,NA,8
FHDI,0,0,NA,NA,NA,NA,4
SpatialFloor,0,0,NA,NA,NA,NA,12
edpclient,0,0,NA,NA,NA,NA,17
enviGCMS,1,1,552,552,552,552,24
lavaanPlot,1,1,268,268,268,268,4
MiRKAT,1,1,1635,1635,1635,1635,8
MittagLeffleR,1,3,185,264,235,256,1
nowcasting,0,0,NA,NA,NA,NA,16
survivALL,1,2,527,603,565,565,9
worms,0,0,NA,NA,NA,NA,7
EpiCurve,0,0,NA,NA,NA,NA,1
MARX,0,0,NA,NA,NA,NA,15
VarReg,0,0,NA,NA,NA,NA,17
APML0,0,0,NA,NA,NA,NA,3
komadown,1,1,1339,1339,1339,1339,2
leaflet.esri,0,0,NA,NA,NA,NA,14
rpql,0,0,NA,NA,NA,NA,9
leaflet.extras,0,0,NA,NA,NA,NA,23
s2,0,0,NA,NA,NA,NA,2
interflex,0,0,NA,NA,NA,NA,9
utilsIPEA,0,0,NA,NA,NA,NA,4
wiqid,0,0,NA,NA,NA,NA,46
ClusVis,0,0,NA,NA,NA,NA,4
denseFLMM,0,0,NA,NA,NA,NA,1
mschart,1,1,581,581,581,581,17
esmprep,0,0,NA,NA,NA,NA,49
HiCblock,0,0,NA,NA,NA,NA,7
HiCglmi,0,0,NA,NA,NA,NA,9
stampr,0,0,NA,NA,NA,NA,15
bioOED,1,1,1802,1802,1802,1802,17
genderBR,0,0,NA,NA,NA,NA,3
uncmbb,0,0,NA,NA,NA,NA,2
brglm2,1,1,883,883,883,883,12
classiFunc,1,1,535,535,535,535,11
corehunter,0,0,NA,NA,NA,NA,14
meltt,0,0,NA,NA,NA,NA,19
sglg,0,0,NA,NA,NA,NA,20
foghorn,1,1,215,215,215,215,5
yesno,0,0,NA,NA,NA,NA,1
fpp2,0,0,NA,NA,NA,NA,34
gldrm,0,0,NA,NA,NA,NA,12
MultiVarSel,1,1,482,482,482,482,6
survtmle,1,1,2369,2369,2369,2369,27
tsensembler,0,0,NA,NA,NA,NA,72
bioimagetools,0,0,NA,NA,NA,NA,21
di,1,1,206,206,206,206,1
snpReady,1,1,1657,1657,1657,1657,5
nmw,0,0,NA,NA,NA,NA,7
swmmr,0,0,NA,NA,NA,NA,3
AnnotationBustR,1,1,1611,1611,1611,1611,7
esvis,0,0,NA,NA,NA,NA,22
SentimentAnalysis,1,1,2226,2226,2226,2226,45
spc4sts,0,0,NA,NA,NA,NA,16
textstem,0,0,NA,NA,NA,NA,8
ggconf,1,1,196,196,196,196,13
liureg,0,0,NA,NA,NA,NA,15
ReinforcementLearning,1,1,1466,1466,1466,1466,12
tint,0,0,NA,NA,NA,NA,1
alfred,1,1,122,122,122,122,2
eply,1,1,365,365,365,365,9
RWildbook,1,2,201,228,214.5,214.5,11
bsplus,0,0,NA,NA,NA,NA,17
kernplus,0,0,NA,NA,NA,NA,2
bigKRLS,1,1,643,643,643,643,6
data.world,1,2,199,385,292,292,14
factorMerger,1,3,98,767,359,212,20
fbar,1,1,625,625,625,625,14
ForestTools,1,1,1683,1683,1683,1683,8
APfun,0,0,NA,NA,NA,NA,2
epidata,0,0,NA,NA,NA,NA,16
toxplot,1,1,628,628,628,628,15
UncertainInterval,0,0,NA,NA,NA,NA,9
sparseFLMM,0,0,NA,NA,NA,NA,6
cvequality,1,1,1241,1241,1241,1241,5
errorlocate,0,0,NA,NA,NA,NA,18
mstR,0,0,NA,NA,NA,NA,17
normalr,0,0,NA,NA,NA,NA,3
bindrcpp,0,0,NA,NA,NA,NA,3
geofacet,1,2,35,1410,722.5,722.5,19
phantom,0,0,NA,NA,NA,NA,9
SeqKat,1,1,873,873,873,873,11
encode,0,0,NA,NA,NA,NA,12
productivity,0,0,NA,NA,NA,NA,4
SubTite,0,0,NA,NA,NA,NA,4
bairt,0,0,NA,NA,NA,NA,32
dfped,0,0,NA,NA,NA,NA,34
ssc,0,0,NA,NA,NA,NA,19
quotedargs,0,0,NA,NA,NA,NA,1
blob,0,0,NA,NA,NA,NA,1
interp,0,0,NA,NA,NA,NA,28
orthoDr,0,0,NA,NA,NA,NA,10
windfarmGA,0,0,NA,NA,NA,NA,31
DMRnet,0,0,NA,NA,NA,NA,18
sfdct,1,1,259,259,259,259,5
DPWeibull,0,0,NA,NA,NA,NA,22
GPGame,0,0,NA,NA,NA,NA,9
SetTest,0,0,NA,NA,NA,NA,18
AdapSamp,0,0,NA,NA,NA,NA,4
horserule,0,0,NA,NA,NA,NA,8
incR,1,1,737,737,737,737,11
RNRCS,0,0,NA,NA,NA,NA,4
descriptr,1,2,356,831,593.5,593.5,24
eventdataR,0,0,NA,NA,NA,NA,7
rarhsmm,0,0,NA,NA,NA,NA,10
gamRR,0,0,NA,NA,NA,NA,1
metScanR,0,0,NA,NA,NA,NA,5
RNAsmc,0,0,NA,NA,NA,NA,21
g2f,0,0,NA,NA,NA,NA,4
QuantTools,0,0,NA,NA,NA,NA,58
Rgb,0,0,NA,NA,NA,NA,37
datetime,0,0,NA,NA,NA,NA,4
splithalf,1,1,1711,1711,1711,1711,5
survidm,0,0,NA,NA,NA,NA,17
wpp2017,0,0,NA,NA,NA,NA,9
EthSEQ,1,1,683,683,683,683,2
metaviz,1,1,1282,1282,1282,1282,4
MonteCarlo,1,1,3334,3334,3334,3334,6
rdlocrand,0,0,NA,NA,NA,NA,5
adaptiveGPCA,1,1,1311,1311,1311,1311,25
gfmR,1,1,385,385,385,385,5
patentsview,1,3,165,1185,734,852,8
assignPOP,0,0,NA,NA,NA,NA,11
bindr,0,0,NA,NA,NA,NA,2
pacotest,0,0,NA,NA,NA,NA,5
xtractomatic,1,1,4033,4033,4033,4033,17
aniDom,0,0,NA,NA,NA,NA,9
gfer,0,0,NA,NA,NA,NA,6
widyr,1,2,314,335,324.5,324.5,7
datetimeutils,1,1,127,127,127,127,10
Rcriticor,0,0,NA,NA,NA,NA,6
rmonad,1,1,1148,1148,1148,1148,23
sim1000G,1,1,553,553,553,553,24
cronR,1,1,378,378,378,378,9
EpiILM,0,0,NA,NA,NA,NA,8
wgeesel,0,0,NA,NA,NA,NA,15
lime,1,1,1429,1429,1429,1429,12
anomalyDetection,1,1,1957,1957,1957,1957,14
ACMEeqtl,1,1,475,475,475,475,5
KraljicMatrix,1,1,2023,2023,2023,2023,9
origami,1,1,1334,1334,1334,1334,10
robets,0,0,NA,NA,NA,NA,8
slickR,0,0,NA,NA,NA,NA,3
adeba,0,0,NA,NA,NA,NA,9
hansard,1,1,510,510,510,510,25
RcmdrPlugin.aRnova,1,1,995,995,995,995,8
tmcn,0,0,NA,NA,NA,NA,25
OpenML,0,0,NA,NA,NA,NA,51
rpostgisLT,1,2,1012,1219,1115.5,1115.5,18
ashr,0,0,NA,NA,NA,NA,76
DoE.MIParray,0,0,NA,NA,NA,NA,5
fauxpas,0,0,NA,NA,NA,NA,4
GetITRData,1,1,805,805,805,805,10
ldhmm,0,0,NA,NA,NA,NA,21
idmTPreg,0,0,NA,NA,NA,NA,7
projector,0,0,NA,NA,NA,NA,9
worldmet,0,0,NA,NA,NA,NA,6
zenplots,1,1,3755,3755,3755,3755,14
fuzzywuzzyR,0,0,NA,NA,NA,NA,7
photobiologyLamps,1,2,168,424,296,296,8
rospca,0,0,NA,NA,NA,NA,9
nzpullover,0,0,NA,NA,NA,NA,5
Rcssplot,1,1,3630,3630,3630,3630,35
rpgm,0,0,NA,NA,NA,NA,5
stoRy,1,1,512,512,512,512,9
bea.R,0,0,NA,NA,NA,NA,9
CPBayes,1,1,1763,1763,1763,1763,8
multfisher,0,0,NA,NA,NA,NA,3
BEACH,0,0,NA,NA,NA,NA,2
lassopv,0,0,NA,NA,NA,NA,2
suncalc,0,0,NA,NA,NA,NA,5
VeryLargeIntegers,0,0,NA,NA,NA,NA,25
CircMLE,0,0,NA,NA,NA,NA,13
sNPLS,0,0,NA,NA,NA,NA,14
confSAM,1,1,1431,1431,1431,1431,1
ratios,0,0,NA,NA,NA,NA,8
ggmuller,1,1,923,923,923,923,18
PakPC2017,0,0,NA,NA,NA,NA,9
Brundle,0,0,NA,NA,NA,NA,25
clust.bin.pair,0,0,NA,NA,NA,NA,6
ratesci,0,0,NA,NA,NA,NA,7
EMMIXcskew,0,0,NA,NA,NA,NA,7
inferr,1,1,1492,1492,1492,1492,19
mopa,0,0,NA,NA,NA,NA,32
Rilostat,0,0,NA,NA,NA,NA,7
revdbayes,1,1,2678,2678,2678,2678,10
swCRTdesign,0,0,NA,NA,NA,NA,7
tatoo,1,1,715,715,715,715,36
fivethirtyeight,1,2,417,687,552,552,65
tidygraph,0,0,NA,NA,NA,NA,29
npcopTest,0,0,NA,NA,NA,NA,2
vote,0,0,NA,NA,NA,NA,7
adepro,0,0,NA,NA,NA,NA,1
OutliersO3,1,1,690,690,690,690,4
PTXQC,1,5,206,716,426.6,382,107
valuer,1,1,2184,2184,2184,2184,29
MBC,0,0,NA,NA,NA,NA,9
multiApply,0,0,NA,NA,NA,NA,1
quantoptr,0,0,NA,NA,NA,NA,15
survivalsvm,0,0,NA,NA,NA,NA,121
aVirtualTwins,1,1,1653,1653,1653,1653,17
gk,0,0,NA,NA,NA,NA,12
pcev,1,1,1126,1126,1126,1126,8
ICSOutlier,0,0,NA,NA,NA,NA,11
pipeGS,0,0,NA,NA,NA,NA,3
SpaDES.addins,1,1,191,191,191,191,3
cifti,0,0,NA,NA,NA,NA,18
gifti,1,1,176,176,176,176,14
modmarg,1,2,622,1670,1146,1146,3
opticut,0,0,NA,NA,NA,NA,13
denoiSeq,1,1,1348,1348,1348,1348,14
nlsr,1,3,719,4347,2481.33333333333,2378,16
OOR,0,0,NA,NA,NA,NA,4
BeSS,0,0,NA,NA,NA,NA,8
ggQC,1,2,423,466,444.5,444.5,42
RBMRB,0,0,NA,NA,NA,NA,13
robustBLME,0,0,NA,NA,NA,NA,5
spatstat.local,0,0,NA,NA,NA,NA,22
tibbletime,0,0,NA,NA,NA,NA,13
atsd,1,1,2211,2211,2211,2211,8
ludic,0,0,NA,NA,NA,NA,11
phylotate,0,0,NA,NA,NA,NA,6
tRophicPosition,1,3,1582,2057,1863.66666666667,1952,32
waver,0,0,NA,NA,NA,NA,3
clustRcompaR,1,1,220,220,220,220,8
libsoc,0,0,NA,NA,NA,NA,60
zeallot,1,1,891,891,891,891,5
ANOVAreplication,0,0,NA,NA,NA,NA,7
bigtcr,0,0,NA,NA,NA,NA,8
kokudosuuchi,0,0,NA,NA,NA,NA,6
languagelayeR,0,0,NA,NA,NA,NA,3
censusr,1,1,439,439,439,439,3
diagis,1,1,587,587,587,587,11
finch,0,0,NA,NA,NA,NA,6
gradDescent,0,0,NA,NA,NA,NA,20
heims,0,0,NA,NA,NA,NA,12
datapasta,1,1,460,460,460,460,9
highlightHTML,1,1,399,399,399,399,5
TCIApathfinder,0,0,NA,NA,NA,NA,15
BibPlots,0,0,NA,NA,NA,NA,3
Xplortext,0,0,NA,NA,NA,NA,18
gLRTH,0,0,NA,NA,NA,NA,3
OmicsPLS,1,1,667,667,667,667,26
pals,1,2,206,1090,648,648,23
CreditRisk,0,0,NA,NA,NA,NA,12
LinkageMapView,0,0,NA,NA,NA,NA,2
nofrills,0,0,NA,NA,NA,NA,3
rMR,0,0,NA,NA,NA,NA,13
tropAlgebra,0,0,NA,NA,NA,NA,14
dat,1,2,295,492,393.5,393.5,10
equSA,0,0,NA,NA,NA,NA,18
abjutils,0,0,NA,NA,NA,NA,7
lbreg,0,0,NA,NA,NA,NA,10
PSW,0,0,NA,NA,NA,NA,7
RNAseqNet,0,0,NA,NA,NA,NA,13
rrpack,0,0,NA,NA,NA,NA,22
canprot,1,6,209,1450,548.333333333333,415,18
dtree,0,0,NA,NA,NA,NA,3
SMMA,0,0,NA,NA,NA,NA,4
mau,0,0,NA,NA,NA,NA,14
optimus,1,1,1664,1664,1664,1664,6
ROI.plugin.lpsolve,0,0,NA,NA,NA,NA,4
splashr,1,3,558,1447,969.333333333333,903,49
easySdcTable,0,0,NA,NA,NA,NA,4
COMBAT,0,0,NA,NA,NA,NA,2
cordillera,0,0,NA,NA,NA,NA,12
photobiologyLEDs,1,2,174,424,299,299,16
Emcdf,0,0,NA,NA,NA,NA,5
preText,1,1,1091,1091,1091,1091,19
PRIMME,0,0,NA,NA,NA,NA,2
rSQM,1,1,1410,1410,1410,1410,7
tsdf,1,1,818,818,818,818,9
brant,0,0,NA,NA,NA,NA,1
IATScore,0,0,NA,NA,NA,NA,4
influxdbr,0,0,NA,NA,NA,NA,12
MultiRNG,0,0,NA,NA,NA,NA,14
RandPro,0,0,NA,NA,NA,NA,3
rFSA,0,0,NA,NA,NA,NA,20
UnivRNG,0,0,NA,NA,NA,NA,18
elevatr,1,1,1415,1415,1415,1415,17
Rbgs,0,0,NA,NA,NA,NA,12
RGBM,0,0,NA,NA,NA,NA,25
univOutl,0,0,NA,NA,NA,NA,5
constants,0,0,NA,NA,NA,NA,4
csv,0,0,NA,NA,NA,NA,3
dynsbm,0,0,NA,NA,NA,NA,8
sgee,0,0,NA,NA,NA,NA,13
grove,0,0,NA,NA,NA,NA,8
fmbasics,1,2,183,273,228,228,23
MatManlyMix,0,0,NA,NA,NA,NA,4
fastrtext,1,3,59,187,116.333333333333,103,17
fmdates,1,1,412,412,412,412,25
ipft,0,0,NA,NA,NA,NA,13
SparseDC,1,1,1062,1062,1062,1062,10
tidystringdist,1,1,192,192,192,192,3
Biolinv,0,0,NA,NA,NA,NA,22
miRNAss,1,1,493,493,493,493,2
naivebayes,0,0,NA,NA,NA,NA,4
sofa,1,2,238,457,347.5,347.5,34
bhm,0,0,NA,NA,NA,NA,5
rxylib,0,0,NA,NA,NA,NA,2
widgetframe,1,1,267,267,267,267,6
msde,1,2,413,2793,1603,1603,13
mudfold,0,0,NA,NA,NA,NA,9
AmesHousing,0,0,NA,NA,NA,NA,3
PKPDmisc,1,2,231,380,305.5,305.5,63
stringformattr,0,0,NA,NA,NA,NA,2
SyncRNG,0,0,NA,NA,NA,NA,1
zonator,1,2,1372,1412,1392,1392,77
cleanEHR,1,1,406,406,406,406,65
gofastr,0,0,NA,NA,NA,NA,11
BisRNA,0,0,NA,NA,NA,NA,13
clustEff,0,0,NA,NA,NA,NA,6
GMAC,0,0,NA,NA,NA,NA,3
elo,1,1,307,307,307,307,6
libcoin,0,0,NA,NA,NA,NA,3
corpus,0,0,NA,NA,NA,NA,4
inum,0,0,NA,NA,NA,NA,3
refset,0,0,NA,NA,NA,NA,6
parsemsf,1,1,340,340,340,340,7
Inventorymodel,0,0,NA,NA,NA,NA,21
plotrr,0,0,NA,NA,NA,NA,10
mazeGen,0,0,NA,NA,NA,NA,78
mdw,0,0,NA,NA,NA,NA,5
networkGen,0,0,NA,NA,NA,NA,8
striprtf,0,0,NA,NA,NA,NA,1
xesreadR,0,0,NA,NA,NA,NA,4
EAinference,1,1,695,695,695,695,10
harrietr,0,0,NA,NA,NA,NA,7
NestedCategBayesImpute,0,0,NA,NA,NA,NA,24
adapr,1,1,2585,2585,2585,2585,114
goftte,0,0,NA,NA,NA,NA,8
passport,1,1,590,590,590,590,6
SASmarkdown,0,0,NA,NA,NA,NA,5
MUS,0,0,NA,NA,NA,NA,5
Dforest,0,0,NA,NA,NA,NA,13
phase1RMD,0,0,NA,NA,NA,NA,10
simEd,0,0,NA,NA,NA,NA,24
cctools,0,0,NA,NA,NA,NA,6
unitizer,1,6,121,2371,1335.83333333333,1240.5,54
CorporaCoCo,1,2,448,573,510.5,510.5,5
IDCard,0,0,NA,NA,NA,NA,1
MHTdiscrete,0,0,NA,NA,NA,NA,11
powdist,0,0,NA,NA,NA,NA,11
futility,1,1,471,471,471,471,4
KMgene,0,0,NA,NA,NA,NA,32
LCF,0,0,NA,NA,NA,NA,10
ManifoldOptim,0,0,NA,NA,NA,NA,9
epicontacts,1,2,565,817,691,691,18
ICRanks,0,0,NA,NA,NA,NA,2
RcppHMM,0,0,NA,NA,NA,NA,13
RcppTN,1,2,609,1316,962.5,962.5,5
AWR.Athena,0,0,NA,NA,NA,NA,3
wicket,1,1,511,511,511,511,7
easyAHP,0,0,NA,NA,NA,NA,1
xslt,0,0,NA,NA,NA,NA,1
gamreg,0,0,NA,NA,NA,NA,1
revgeo,0,0,NA,NA,NA,NA,1
spiderbar,0,0,NA,NA,NA,NA,6
sppmix,1,1,50,50,50,50,66
modest,0,0,NA,NA,NA,NA,1
ICCbin,0,0,NA,NA,NA,NA,2
dparser,0,0,NA,NA,NA,NA,12
StakeholderAnalysis,0,0,NA,NA,NA,NA,12
qboxplot,0,0,NA,NA,NA,NA,2
rsample,1,2,338,1057,697.5,697.5,14
ThankYouStars,0,0,NA,NA,NA,NA,2
BatchMap,1,1,1107,1107,1107,1107,50
anocva,0,0,NA,NA,NA,NA,10
PdPDB,0,0,NA,NA,NA,NA,1
rGoodData,0,0,NA,NA,NA,NA,8
rLDCP,0,0,NA,NA,NA,NA,20
rODE,1,7,148,302,192.428571428571,184,32
geojson,1,2,152,207,179.5,179.5,22
epxToR,0,0,NA,NA,NA,NA,2
Diderot,0,0,NA,NA,NA,NA,21
RcppQuantuccia,0,0,NA,NA,NA,NA,12
ArCo,0,0,NA,NA,NA,NA,7
lplyr,1,1,157,157,157,157,5
Pstat,0,0,NA,NA,NA,NA,8
RJSplot,0,0,NA,NA,NA,NA,29
slowraker,1,2,311,464,387.5,387.5,5
infraFDTD.assist,0,0,NA,NA,NA,NA,4
MBHdesign,1,1,1271,1271,1271,1271,3
phylocanvas,1,2,135,184,159.5,159.5,11
rsurfer,0,0,NA,NA,NA,NA,58
coppeCosenzaR,0,0,NA,NA,NA,NA,38
vfcp,0,0,NA,NA,NA,NA,10
countyfloods,1,1,1797,1797,1797,1797,18
FinAna,0,0,NA,NA,NA,NA,10
kaphom,0,0,NA,NA,NA,NA,5
meanr,0,0,NA,NA,NA,NA,3
routr,0,0,NA,NA,NA,NA,5
GerminaR,1,1,462,462,462,462,23
WWR,0,0,NA,NA,NA,NA,4
cbar,1,1,193,193,193,193,15
MOEADr,0,0,NA,NA,NA,NA,49
MoLE,0,0,NA,NA,NA,NA,54
nspmix,0,0,NA,NA,NA,NA,15
optimization,0,0,NA,NA,NA,NA,4
EfficientMaxEigenpair,1,1,1664,1664,1664,1664,7
MHCtools,0,0,NA,NA,NA,NA,15
WaveLetLongMemory,0,0,NA,NA,NA,NA,1
zFactor,1,8,499,908,679.625,679,26
debugme,0,0,NA,NA,NA,NA,3
docuSignr,0,0,NA,NA,NA,NA,7
groupdata2,1,2,2010,2824,2417,2417,6
oii,0,0,NA,NA,NA,NA,8
ROI.plugin.msbinlp,0,0,NA,NA,NA,NA,2
ROI.plugin.optimx,0,0,NA,NA,NA,NA,1
liteq,0,0,NA,NA,NA,NA,21
EasyMx,0,0,NA,NA,NA,NA,18
htm2txt,0,0,NA,NA,NA,NA,3
mafs,0,0,NA,NA,NA,NA,6
monoreg,0,0,NA,NA,NA,NA,4
LZeroSpikeInference,0,0,NA,NA,NA,NA,10
geomedb,0,0,NA,NA,NA,NA,4
sicegar,1,5,353,791,561,627,15
vennplot,0,0,NA,NA,NA,NA,3
GSMX,0,0,NA,NA,NA,NA,4
rucrdtw,1,1,544,544,544,544,12
curstatCI,1,1,1319,1319,1319,1319,6
icmm,0,0,NA,NA,NA,NA,20
iDINGO,0,0,NA,NA,NA,NA,14
HybridFS,0,0,NA,NA,NA,NA,5
brea,0,0,NA,NA,NA,NA,1
colf,1,1,864,864,864,864,10
RcppBlaze,0,0,NA,NA,NA,NA,3
Replicate,0,0,NA,NA,NA,NA,4
BMhyb,0,0,NA,NA,NA,NA,33
D3partitionR,0,0,NA,NA,NA,NA,2
editData,1,1,255,255,255,255,8
BaTFLED3D,0,0,NA,NA,NA,NA,39
BrownDog,0,0,NA,NA,NA,NA,6
DWLasso,0,0,NA,NA,NA,NA,6
DataEntry,0,0,NA,NA,NA,NA,2
proustr,0,0,NA,NA,NA,NA,17
confinterpret,0,0,NA,NA,NA,NA,10
additiveDEA,0,0,NA,NA,NA,NA,4
TSCS,0,0,NA,NA,NA,NA,13
msaR,1,1,128,128,128,128,4
basictabler,1,7,199,1760,1011.85714285714,1146,35
msu,0,0,NA,NA,NA,NA,13
SimTimeVar,0,0,NA,NA,NA,NA,19
statsDK,1,1,543,543,543,543,6
apercu,0,0,NA,NA,NA,NA,7
CHMM,0,0,NA,NA,NA,NA,16
MFKnockoffs,1,3,201,645,403.333333333333,364,30
ArchaeoPhases,0,0,NA,NA,NA,NA,31
breakfast,0,0,NA,NA,NA,NA,6
glacierSMBM,0,0,NA,NA,NA,NA,53
isnullptr,0,0,NA,NA,NA,NA,1
pder,0,0,NA,NA,NA,NA,39
pifpaf,1,1,4465,4465,4465,4465,39
ecoseries,0,0,NA,NA,NA,NA,4
EventStudy,1,3,26,1017,611.333333333333,791,20
importar,0,0,NA,NA,NA,NA,2
kfda,0,0,NA,NA,NA,NA,2
LFDREmpiricalBayes,1,1,3545,3545,3545,3545,5
tinyProject,0,0,NA,NA,NA,NA,13
BNPMIXcluster,0,0,NA,NA,NA,NA,8
coinmarketcapr,0,0,NA,NA,NA,NA,3
d3plus,0,0,NA,NA,NA,NA,10
econullnetr,1,1,3191,3191,3191,3191,17
prioritylasso,1,1,1478,1478,1478,1478,3
parlitools,1,2,206,313,259.5,259.5,7
leabRa,1,1,2533,2533,2533,2533,5
mosaicModel,1,1,2250,2250,2250,2250,36
MRFA,0,0,NA,NA,NA,NA,6
OBMbpkg,0,0,NA,NA,NA,NA,1
RcmdrPlugin.sutteForecastR,0,0,NA,NA,NA,NA,1
regexSelect,0,0,NA,NA,NA,NA,2
USCF,0,0,NA,NA,NA,NA,1
brazilmaps,0,0,NA,NA,NA,NA,7
magicLamp,0,0,NA,NA,NA,NA,4
QLearning,0,0,NA,NA,NA,NA,3
rstansim,1,5,103,1686,673.4,570,23
softermax,1,1,128,128,128,128,10
cptec,0,0,NA,NA,NA,NA,12
ensemblepp,0,0,NA,NA,NA,NA,2
FDRSeg,0,0,NA,NA,NA,NA,9
ROI.plugin.clp,0,0,NA,NA,NA,NA,0
binaryGP,0,0,NA,NA,NA,NA,4
BMT,0,0,NA,NA,NA,NA,19
curvecomp,0,0,NA,NA,NA,NA,2
envDocument,1,1,153,153,153,153,12
EQUIVNONINF,0,0,NA,NA,NA,NA,42
fusionclust,1,1,154,154,154,154,4
gma,0,0,NA,NA,NA,NA,6
IGP,0,0,NA,NA,NA,NA,11
kpeaks,0,0,NA,NA,NA,NA,7
SiER,0,0,NA,NA,NA,NA,3
sure,0,0,NA,NA,NA,NA,8
BNSL,0,0,NA,NA,NA,NA,8
leafSTAR,0,0,NA,NA,NA,NA,15
mcMST,1,2,172,372,272,272,21
tsgui,0,0,NA,NA,NA,NA,4
cytominer,1,1,546,546,546,546,12
randnet,0,0,NA,NA,NA,NA,15
rbtt,0,0,NA,NA,NA,NA,1
SampleSize4ClinicalTrials,0,0,NA,NA,NA,NA,1
DES,0,0,NA,NA,NA,NA,1
googleComputeEngineR,1,4,354,2124,943,647,95
MsdeParEst,0,0,NA,NA,NA,NA,10
wildcard,1,1,155,155,155,155,3
AurieLSHGaussian,0,0,NA,NA,NA,NA,1
CATTexact,0,0,NA,NA,NA,NA,2
gradientPickerD3,0,0,NA,NA,NA,NA,3
linemap,0,0,NA,NA,NA,NA,7
MFT,0,0,NA,NA,NA,NA,4
veccompare,0,0,NA,NA,NA,NA,10
CausalImpact,1,1,1765,1765,1765,1765,3
causalMGM,0,0,NA,NA,NA,NA,9
glassdoor,1,1,241,241,241,241,9
ADPF,0,0,NA,NA,NA,NA,2
auto.pca,0,0,NA,NA,NA,NA,1
DCD,0,0,NA,NA,NA,NA,5
medmod,0,0,NA,NA,NA,NA,4
PredPsych,0,0,NA,NA,NA,NA,9
unifDAG,1,1,540,540,540,540,1
GauPro,0,0,NA,NA,NA,NA,2
nos,0,0,NA,NA,NA,NA,8
opendotaR,0,0,NA,NA,NA,NA,4
sutteForecastR,0,0,NA,NA,NA,NA,1
yuimaGUI,0,0,NA,NA,NA,NA,1
MTSYS,0,0,NA,NA,NA,NA,27
CARS,1,1,219,219,219,219,3
fecR,1,2,1440,1874,1657,1657,9
GeoMongo,1,1,1302,1302,1302,1302,3
RTaxometrics,0,0,NA,NA,NA,NA,42
distrr,0,0,NA,NA,NA,NA,12
repurrrsive,0,0,NA,NA,NA,NA,11
SMM,1,1,5751,5751,5751,5751,13
AWR,0,0,NA,NA,NA,NA,1
Bios2cor,0,0,NA,NA,NA,NA,35
cprr,0,0,NA,NA,NA,NA,6
mapReasy,0,0,NA,NA,NA,NA,7
modelwordcloud,0,0,NA,NA,NA,NA,1
multilaterals,0,0,NA,NA,NA,NA,17
PakPMICS2014Ch,0,0,NA,NA,NA,NA,1
PakPMICS2014HH,0,0,NA,NA,NA,NA,1
PakPMICS2014HL,0,0,NA,NA,NA,NA,1
PakPMICS2014Wm,0,0,NA,NA,NA,NA,1
unjoin,0,0,NA,NA,NA,NA,1
csabounds,0,0,NA,NA,NA,NA,28
FactorsR,0,0,NA,NA,NA,NA,4
madrat,0,0,NA,NA,NA,NA,33
Ohit,0,0,NA,NA,NA,NA,3
TNC,0,0,NA,NA,NA,NA,4
UdderQuarterInfectionData,0,0,NA,NA,NA,NA,3
FuzzyNumbers.Ext.2,0,0,NA,NA,NA,NA,8
graphql,0,0,NA,NA,NA,NA,1
RcextTools,0,0,NA,NA,NA,NA,6
VDSPCalibration,0,0,NA,NA,NA,NA,6
billboard,0,0,NA,NA,NA,NA,4
BosonSampling,0,0,NA,NA,NA,NA,4
cbanalysis,0,0,NA,NA,NA,NA,1
dplyrAssist,1,1,142,142,142,142,7
freqdom.fda,0,0,NA,NA,NA,NA,19
re2r,1,2,594,1676,1135,1135,24
RGeode,0,0,NA,NA,NA,NA,5
threshr,1,1,909,909,909,909,10
alphavantager,0,0,NA,NA,NA,NA,3
doubcens,0,0,NA,NA,NA,NA,2
pcdpca,0,0,NA,NA,NA,NA,3
ShinyImage,1,1,633,633,633,633,4
AlphaVantageClient,1,1,34,34,34,34,4
BinarybalancedCut,0,0,NA,NA,NA,NA,1
afpt,1,3,472,1618,1107,1231,17
cr17,1,1,1197,1197,1197,1197,14
DelayedEffect.Design,0,0,NA,NA,NA,NA,6
EcoIndR,0,0,NA,NA,NA,NA,3
Inflation,0,0,NA,NA,NA,NA,8
jaod,0,0,NA,NA,NA,NA,5
rDotNet,0,0,NA,NA,NA,NA,8
ari,0,0,NA,NA,NA,NA,4
cdparcoord,1,1,2111,2111,2111,2111,9
npphen,0,0,NA,NA,NA,NA,6
wktmo,0,0,NA,NA,NA,NA,2
cenGAM,0,0,NA,NA,NA,NA,4
deltar,0,0,NA,NA,NA,NA,8
seedCCA,0,0,NA,NA,NA,NA,9
ebmc,0,0,NA,NA,NA,NA,8
FPV,0,0,NA,NA,NA,NA,2
LowWAFOMSobol,1,1,212,212,212,212,4
mcompanion,0,0,NA,NA,NA,NA,44
MTE,0,0,NA,NA,NA,NA,9
nomogramEx,0,0,NA,NA,NA,NA,1
PeriodicTable,0,0,NA,NA,NA,NA,4
sensitivitymult,0,0,NA,NA,NA,NA,11
caffsim,0,0,NA,NA,NA,NA,7
ccmm,0,0,NA,NA,NA,NA,6
dmutate,0,0,NA,NA,NA,NA,4
PSIMEX,1,1,710,710,710,710,22
SpatialEpiApp,0,0,NA,NA,NA,NA,2
LowWAFOMNX,1,1,212,212,212,212,4
prcr,1,1,208,208,208,208,4
accSDA,0,0,NA,NA,NA,NA,22
Ecohydmod,0,0,NA,NA,NA,NA,6
mExplorer,0,0,NA,NA,NA,NA,6
multdyn,0,0,NA,NA,NA,NA,23
noncomplyR,1,1,1045,1045,1045,1045,5
Strategy,1,1,147,147,147,147,29
ActiveDriver,0,0,NA,NA,NA,NA,7
genepop,0,0,NA,NA,NA,NA,16
kntnr,0,0,NA,NA,NA,NA,6
macc,0,0,NA,NA,NA,NA,7
ConfigParser,0,0,NA,NA,NA,NA,2
esreg,0,0,NA,NA,NA,NA,18
R2DGC,1,1,4715,4715,4715,4715,5
simpleCache,1,3,128,1090,483.333333333333,232,16
SLICER,1,1,345,345,345,345,13
STARTdesign,0,0,NA,NA,NA,NA,2
Wrapped,0,0,NA,NA,NA,NA,2
InfoTrad,0,0,NA,NA,NA,NA,5
ircor,0,0,NA,NA,NA,NA,2
GRCdata,0,0,NA,NA,NA,NA,3
happybiRthday,1,1,41,41,41,41,1
ccRemover,1,1,1649,1649,1649,1649,9
sasMap,0,0,NA,NA,NA,NA,14
CompDist,0,0,NA,NA,NA,NA,5
forwards,1,1,944,944,944,944,2
gamCopula,0,0,NA,NA,NA,NA,32
AssayCorrector,0,0,NA,NA,NA,NA,7
atlantistools,1,5,156,1359,624.6,648,76
IceCast,1,1,2170,2170,2170,2170,41
ggquiver,0,0,NA,NA,NA,NA,4
GrpString,0,0,NA,NA,NA,NA,16
LBSPR,1,1,2030,2030,2030,2030,21
PeakSegDP,0,0,NA,NA,NA,NA,21
samon,0,0,NA,NA,NA,NA,23
SorptionAnalysis,0,0,NA,NA,NA,NA,8
CIplot,0,0,NA,NA,NA,NA,3
ConfoundedMeta,0,0,NA,NA,NA,NA,4
fastJT,1,1,927,927,927,927,5
lmmen,0,0,NA,NA,NA,NA,7
tsiR,0,0,NA,NA,NA,NA,21
rdpla,1,2,261,752,506.5,506.5,7
dataMeta,1,1,956,956,956,956,8
IAbin,1,2,677,684,680.5,680.5,2
rasterList,0,0,NA,NA,NA,NA,9
rcv,0,0,NA,NA,NA,NA,22
valaddin,1,1,1361,1361,1361,1361,9
vanddraabe,1,1,54,54,54,54,96
vocaldia,0,0,NA,NA,NA,NA,25
GEint,1,1,757,757,757,757,8
IPMRF,0,0,NA,NA,NA,NA,6
poker,0,0,NA,NA,NA,NA,33
PsyControl,0,0,NA,NA,NA,NA,8
kangar00,1,1,1709,1709,1709,1709,28
OHPL,0,0,NA,NA,NA,NA,12
blink,1,1,628,628,628,628,7
default,0,0,NA,NA,NA,NA,1
multiCA,0,0,NA,NA,NA,NA,6
permGS,0,0,NA,NA,NA,NA,19
statesRcontiguous,1,1,157,157,157,157,4
restfulr,0,0,NA,NA,NA,NA,6
ggversa,0,0,NA,NA,NA,NA,24
italy,0,0,NA,NA,NA,NA,2
equaltestMI,1,1,677,677,677,677,9
GFA,0,0,NA,NA,NA,NA,10
metaBMA,1,1,485,485,485,485,18
RcppXPtrUtils,0,0,NA,NA,NA,NA,2
soilcarbon,1,1,27,27,27,27,14
SpatialAcc,0,0,NA,NA,NA,NA,4
banR,1,1,268,268,268,268,10
cranlike,0,0,NA,NA,NA,NA,6
echogram,0,0,NA,NA,NA,NA,15
EMAtools,0,0,NA,NA,NA,NA,2
ggsignif,1,1,225,225,225,225,1
lmmpar,0,0,NA,NA,NA,NA,1
multistate,0,0,NA,NA,NA,NA,16
rddensity,0,0,NA,NA,NA,NA,22
svenssonm,0,0,NA,NA,NA,NA,5
ambhasGW,0,0,NA,NA,NA,NA,5
GreedyEPL,0,0,NA,NA,NA,NA,3
IrishDirectorates,0,0,NA,NA,NA,NA,1
MixtureRegLTIC,0,0,NA,NA,NA,NA,9
rtimicropem,1,2,762,977,869.5,869.5,14
subgroup.discovery,0,0,NA,NA,NA,NA,23
tbl2xts,1,1,365,365,365,365,3
ThermIndex,0,0,NA,NA,NA,NA,8
dejaVu,1,2,827,2403,1615,1615,31
DoEstRare,0,0,NA,NA,NA,NA,1
fasjem,0,0,NA,NA,NA,NA,2
glmnetUtils,0,0,NA,NA,NA,NA,5
kpmt,0,0,NA,NA,NA,NA,6
structree,1,1,318,318,318,318,5
nonlinearICP,0,0,NA,NA,NA,NA,4
fChange,0,0,NA,NA,NA,NA,16
rclipboard,0,0,NA,NA,NA,NA,2
RkMetrics,0,0,NA,NA,NA,NA,7
CDVineCopulaConditional,0,0,NA,NA,NA,NA,6
mmtsne,0,0,NA,NA,NA,NA,5
lsplsGlm,0,0,NA,NA,NA,NA,12
mosaicCalc,0,0,NA,NA,NA,NA,8
optiSolve,0,0,NA,NA,NA,NA,18
iRF,0,0,NA,NA,NA,NA,25
maxTPR,0,0,NA,NA,NA,NA,1
unrepx,1,1,806,806,806,806,10
bayeslongitudinal,0,0,NA,NA,NA,NA,7
concaveman,0,0,NA,NA,NA,NA,2
ggseqlogo,1,1,37,37,37,37,9
MRTSampleSize,0,0,NA,NA,NA,NA,4
PowerNormal,0,0,NA,NA,NA,NA,7
seqICP,0,0,NA,NA,NA,NA,7
sidrar,1,1,337,337,337,337,3
GGEBiplots,0,0,NA,NA,NA,NA,12
pcensmix,0,0,NA,NA,NA,NA,10
c2c,1,1,635,635,635,635,9
geoGAM,0,0,NA,NA,NA,NA,6
dsmodels,0,0,NA,NA,NA,NA,42
prisonbrief,0,0,NA,NA,NA,NA,6
vcov,0,0,NA,NA,NA,NA,3
spNNGP,0,0,NA,NA,NA,NA,4
DCA,0,0,NA,NA,NA,NA,5
BayesianGLasso,0,0,NA,NA,NA,NA,1
FastSF,0,0,NA,NA,NA,NA,13
harmonicmeanp,0,0,NA,NA,NA,NA,5
ivregEX,0,0,NA,NA,NA,NA,16
liquidSVM,1,2,901,2311,1606,1606,32
OBRE,0,0,NA,NA,NA,NA,34
scifigure,1,1,341,341,341,341,5
diffpriv,1,2,1106,1510,1308,1308,23
social,0,0,NA,NA,NA,NA,6
brlrmr,0,0,NA,NA,NA,NA,9
Census2016,1,1,410,410,410,410,3
cnbdistr,1,1,507,507,507,507,6
ercv,0,0,NA,NA,NA,NA,19
flexsurvcure,1,1,211,211,211,211,3
fragilityindex,0,0,NA,NA,NA,NA,1
LCox,0,0,NA,NA,NA,NA,3
sergeant,0,0,NA,NA,NA,NA,33
gh,0,0,NA,NA,NA,NA,5
llogistic,0,0,NA,NA,NA,NA,1
senstrat,0,0,NA,NA,NA,NA,9
centiserve,0,0,NA,NA,NA,NA,34
docker,1,1,501,501,501,501,1
DrImpute,1,1,239,239,239,239,4
randomForestExplainer,1,1,2238,2238,2238,2238,11
spongecake,0,0,NA,NA,NA,NA,5
tetraclasse,0,0,NA,NA,NA,NA,6
TSF,0,0,NA,NA,NA,NA,3
credsubs,0,0,NA,NA,NA,NA,6
geotoolsR,0,0,NA,NA,NA,NA,9
interfr,0,0,NA,NA,NA,NA,6
noaastormevents,1,2,1740,4582,3161,3161,11
facebook.S4,0,0,NA,NA,NA,NA,48
interim,0,0,NA,NA,NA,NA,8
integIRTy,1,1,1297,1297,1297,1297,11
NameNeedle,1,1,830,830,830,830,3
roots,1,1,161,161,161,161,15
AutoDeskR,1,1,948,948,948,948,16
dGAselID,0,0,NA,NA,NA,NA,1
FUNLDA,0,0,NA,NA,NA,NA,6
netcom,0,0,NA,NA,NA,NA,3
oompaData,0,0,NA,NA,NA,NA,4
PoloniexR,0,0,NA,NA,NA,NA,39
SFS,0,0,NA,NA,NA,NA,2
decomposedPSF,1,1,25,25,25,25,7
fcm,1,1,981,981,981,981,2
lpdensity,0,0,NA,NA,NA,NA,18
mthapower,0,0,NA,NA,NA,NA,2
postlightmercury,0,0,NA,NA,NA,NA,1
fcuk,1,1,208,208,208,208,8
ggplotgui,0,0,NA,NA,NA,NA,2
l1kdeconv,0,0,NA,NA,NA,NA,4
mixlink,0,0,NA,NA,NA,NA,14
waccR,1,1,143,143,143,143,3
BNPMediation,0,0,NA,NA,NA,NA,4
SobolSequence,1,1,75,75,75,75,4
textile,0,0,NA,NA,NA,NA,1
Autoplotprotein,0,0,NA,NA,NA,NA,10
correlbinom,0,0,NA,NA,NA,NA,1
ggChernoff,0,0,NA,NA,NA,NA,4
mandelbrot,0,0,NA,NA,NA,NA,4
Robocoap,0,0,NA,NA,NA,NA,2
assocInd,0,0,NA,NA,NA,NA,24
awspack,0,0,NA,NA,NA,NA,1
catSurv,0,0,NA,NA,NA,NA,35
coxphSGD,0,0,NA,NA,NA,NA,2
midas,0,0,NA,NA,NA,NA,3
numGen,0,0,NA,NA,NA,NA,14
SuperGauss,1,1,848,848,848,848,14
aws.cloudtrail,0,0,NA,NA,NA,NA,7
aws.sns,0,0,NA,NA,NA,NA,9
aws.sqs,0,0,NA,NA,NA,NA,11
cepR,0,0,NA,NA,NA,NA,6
SSM,1,1,1000,1000,1000,1000,36
wql,1,1,3063,3063,3063,3063,41
aurelius,1,2,127,967,547,547,88
ecolottery,1,2,828,1840,1334,1334,7
mnis,1,1,329,329,329,329,12
autoBagging,0,0,NA,NA,NA,NA,43
aws.lambda,0,0,NA,NA,NA,NA,7
geoSpectral,0,0,NA,NA,NA,NA,72
hurdlr,0,0,NA,NA,NA,NA,15
kgschart,0,0,NA,NA,NA,NA,5
quickregression,0,0,NA,NA,NA,NA,1
rsoi,0,0,NA,NA,NA,NA,2
aws.iam,0,0,NA,NA,NA,NA,12
fence,0,0,NA,NA,NA,NA,16
hbdct,0,0,NA,NA,NA,NA,1
MicroMacroMultilevel,0,0,NA,NA,NA,NA,3
SkyWatchr,0,0,NA,NA,NA,NA,3
BiBitR,0,0,NA,NA,NA,NA,7
hhh4contacts,0,0,NA,NA,NA,NA,20
scpm,0,0,NA,NA,NA,NA,14
StratifiedRF,0,0,NA,NA,NA,NA,5
BradleyTerryScalable,1,1,2091,2091,2091,2091,14
gsloid,1,1,535,535,535,535,3
kazaam,1,1,2174,2174,2174,2174,24
My.stepwise,0,0,NA,NA,NA,NA,3
pinnacle.data,0,0,NA,NA,NA,NA,2
assertable,1,3,347,1027,585.666666666667,383,6
ExpRep,0,0,NA,NA,NA,NA,9
ForecastFramework,1,4,264,1332,855.75,913.5,21
goldi,1,2,335,485,410,410,11
ppcc,0,0,NA,NA,NA,NA,3
SFtools,0,0,NA,NA,NA,NA,5
sparsio,0,0,NA,NA,NA,NA,1
FSTpackage,0,0,NA,NA,NA,NA,5
gmediation,1,1,1192,1192,1192,1192,2
NCSampling,0,0,NA,NA,NA,NA,14
Opportunistic,0,0,NA,NA,NA,NA,2
otrimle,0,0,NA,NA,NA,NA,6
BayesTwin,0,0,NA,NA,NA,NA,8
CRANsearcher,0,0,NA,NA,NA,NA,2
intRvals,0,0,NA,NA,NA,NA,18
plater,1,1,1004,1004,1004,1004,6
pltesim,0,0,NA,NA,NA,NA,5
rattle.data,0,0,NA,NA,NA,NA,4
twfy,1,1,202,202,202,202,26
net.security,0,0,NA,NA,NA,NA,4
tidygenomics,1,1,430,430,430,430,6
DZEXPM,0,0,NA,NA,NA,NA,3
MultiSkew,0,0,NA,NA,NA,NA,7
BCgee,0,0,NA,NA,NA,NA,3
corset,0,0,NA,NA,NA,NA,1
JumpTest,1,1,235,235,235,235,10
m2r,0,0,NA,NA,NA,NA,17
mljar,0,0,NA,NA,NA,NA,20
nlsrk,0,0,NA,NA,NA,NA,16
SCAT,0,0,NA,NA,NA,NA,2
MOQA,0,0,NA,NA,NA,NA,34
rMouse,1,1,362,362,362,362,11
rrcov3way,0,0,NA,NA,NA,NA,17
swapClass,0,0,NA,NA,NA,NA,3
ftDK,0,0,NA,NA,NA,NA,4
anchoredDistr,1,1,823,823,823,823,11
mssqlR,0,0,NA,NA,NA,NA,8
POMaSPU,0,0,NA,NA,NA,NA,2
rematch2,0,0,NA,NA,NA,NA,5
RLeafAngle,0,0,NA,NA,NA,NA,32
taxizedb,0,0,NA,NA,NA,NA,7
ukbabynames,0,0,NA,NA,NA,NA,2
clinPK,0,0,NA,NA,NA,NA,64
namedCapture,0,0,NA,NA,NA,NA,4
PeakError,0,0,NA,NA,NA,NA,5
sfadv,0,0,NA,NA,NA,NA,3
forecastSNSTS,0,0,NA,NA,NA,NA,5
processmonitR,0,0,NA,NA,NA,NA,5
ECFsup,0,0,NA,NA,NA,NA,8
secret,1,1,20,20,20,20,21
CityWaterBalance,1,1,731,731,731,731,14
phenopix,0,0,NA,NA,NA,NA,61
baseballDBR,1,4,367,674,469,417.5,41
dataverse,1,4,207,711,483.5,508,25
GeoRange,0,0,NA,NA,NA,NA,31
mccr,0,0,NA,NA,NA,NA,1
pleiades,1,1,965,965,965,965,6
zooaRchGUI,0,0,NA,NA,NA,NA,17
nscprepr,0,0,NA,NA,NA,NA,1
ZIBseq,0,0,NA,NA,NA,NA,4
d3Tree,0,0,NA,NA,NA,NA,5
argon2,0,0,NA,NA,NA,NA,5
patternator,0,0,NA,NA,NA,NA,3
SanFranBeachWater,0,0,NA,NA,NA,NA,13
standardize,1,1,2745,2745,2745,2745,12
featurizer,0,0,NA,NA,NA,NA,4
orderstats,0,0,NA,NA,NA,NA,7
colorpatch,1,1,501,501,501,501,37
soptdmaeA,0,0,NA,NA,NA,NA,6
frequencies,0,0,NA,NA,NA,NA,2
getmstatistic,1,2,760,772,766,766,3
mixEMM,0,0,NA,NA,NA,NA,2
Risk,0,0,NA,NA,NA,NA,27
xsp,0,0,NA,NA,NA,NA,4
gqlr,0,0,NA,NA,NA,NA,7
iNOTE,0,0,NA,NA,NA,NA,8
BAYESDEF,0,0,NA,NA,NA,NA,1
bdlp,1,1,1230,1230,1230,1230,29
covfefe,0,0,NA,NA,NA,NA,3
gamlssbssn,0,0,NA,NA,NA,NA,1
gghalfnorm,0,0,NA,NA,NA,NA,1
HDCI,0,0,NA,NA,NA,NA,12
iadf,1,1,513,513,513,513,17
piton,0,0,NA,NA,NA,NA,2
pwrAB,0,0,NA,NA,NA,NA,2
rpst,0,0,NA,NA,NA,NA,7
themetagenomics,1,2,622,2560,1591,1591,20
zstdr,0,0,NA,NA,NA,NA,3
capn,0,0,NA,NA,NA,NA,25
imaginator,1,3,154,621,400,425,16
ck37r,0,0,NA,NA,NA,NA,20
eesim,1,1,5221,5221,5221,5221,26
glmertree,1,1,1191,1191,1191,1191,2
KRMM,0,0,NA,NA,NA,NA,5
NB.MClust,0,0,NA,NA,NA,NA,3
hypersampleplan,0,0,NA,NA,NA,NA,7
logOfGamma,0,0,NA,NA,NA,NA,2
webglobe,1,1,508,508,508,508,15
kerasR,1,1,1818,1818,1818,1818,53
QPBoot,0,0,NA,NA,NA,NA,17
baitmet,0,0,NA,NA,NA,NA,8
difconet,0,0,NA,NA,NA,NA,5
ElastH,1,1,2107,2107,2107,2107,15
ids,1,1,703,703,703,703,5
ImaginR,0,0,NA,NA,NA,NA,6
logistic4p,0,0,NA,NA,NA,NA,9
pencopulaCond,0,0,NA,NA,NA,NA,22
mdpeer,1,1,1461,1461,1461,1461,9
DDM,0,0,NA,NA,NA,NA,43
dfCompare,0,0,NA,NA,NA,NA,1
phrasemachine,1,1,656,656,656,656,5
here,0,0,NA,NA,NA,NA,1
SmartSVA,0,0,NA,NA,NA,NA,1
didrooRFM,0,0,NA,NA,NA,NA,1
polypoly,1,1,677,677,677,677,5
SeerMapper,0,0,NA,NA,NA,NA,16
stratvns,0,0,NA,NA,NA,NA,1
CharFun,0,0,NA,NA,NA,NA,32
stratbr,0,0,NA,NA,NA,NA,1
tictactoe,0,0,NA,NA,NA,NA,10
apng,0,0,NA,NA,NA,NA,7
rdoxygen,0,0,NA,NA,NA,NA,6
timelineR,1,1,1109,1109,1109,1109,2
TriadSim,1,1,1303,1303,1303,1303,8
lans2r,1,3,96,677,421.666666666667,492,12
wally,0,0,NA,NA,NA,NA,3
RHPCBenchmark,1,1,2426,2426,2426,2426,68
RNAstructureModuleMiner,0,0,NA,NA,NA,NA,12
ROI.models.miplib,0,0,NA,NA,NA,NA,2
rpatrec,1,2,171,1034,602.5,602.5,13
xLLiM,0,0,NA,NA,NA,NA,9
Rd2md,1,1,120,120,120,120,9
sotu,0,0,NA,NA,NA,NA,4
NPMOD,0,0,NA,NA,NA,NA,1
AHMbook,0,0,NA,NA,NA,NA,39
CATT,0,0,NA,NA,NA,NA,1
checkarg,0,0,NA,NA,NA,NA,438
kdevine,0,0,NA,NA,NA,NA,10
numKM,0,0,NA,NA,NA,NA,1
poisbinom,0,0,NA,NA,NA,NA,1
printr,1,1,546,546,546,546,1
GUIgems,0,0,NA,NA,NA,NA,18
easyNCDF,0,0,NA,NA,NA,NA,7
zeligverse,0,0,NA,NA,NA,NA,2
ExcessMass,0,0,NA,NA,NA,NA,6
PROscorer,1,2,1274,1570,1422,1422,4
rif,1,1,200,200,200,200,23
PairwiseD,0,0,NA,NA,NA,NA,4
PROscorerTools,1,1,969,969,969,969,11
slim,1,1,788,788,788,788,15
gomms,0,0,NA,NA,NA,NA,5
GEEmediate,0,0,NA,NA,NA,NA,1
learnrbook,1,1,434,434,434,434,11
mbgraphic,1,1,916,916,916,916,27
diffMeshGP,0,0,NA,NA,NA,NA,1
EpistemicGameTheory,0,0,NA,NA,NA,NA,2
fastTextR,0,0,NA,NA,NA,NA,8
iGSEA,0,0,NA,NA,NA,NA,1
jocre,0,0,NA,NA,NA,NA,8
lifelogr,1,2,187,1012,599.5,599.5,36
shinycssloaders,0,0,NA,NA,NA,NA,2
sinib,0,0,NA,NA,NA,NA,2
usedist,0,0,NA,NA,NA,NA,8
iECAT,1,1,388,388,388,388,7
lhmixr,0,0,NA,NA,NA,NA,8
pawls,0,0,NA,NA,NA,NA,1
WebGestaltR,1,1,2528,2528,2528,2528,12
lindia,0,0,NA,NA,NA,NA,10
lsasim,0,0,NA,NA,NA,NA,15
outbreaks,0,0,NA,NA,NA,NA,7
qrsvm,0,0,NA,NA,NA,NA,5
AcuityView,0,0,NA,NA,NA,NA,2
plotprotein,0,0,NA,NA,NA,NA,9
IndianTaxCalc,0,0,NA,NA,NA,NA,1
RPEXE.RPEXT,1,1,693,693,693,693,30
PROreg,0,0,NA,NA,NA,NA,27
pwr2,0,0,NA,NA,NA,NA,6
cowbell,1,1,573,573,573,573,13
crunchy,0,0,NA,NA,NA,NA,2
ContourFunctions,1,1,590,590,590,590,7
DataGraph,0,0,NA,NA,NA,NA,11
idar,0,0,NA,NA,NA,NA,12
seasonalview,0,0,NA,NA,NA,NA,4
kmcudaR,0,0,NA,NA,NA,NA,2
m2b,1,1,1364,1364,1364,1364,16
qrmix,0,0,NA,NA,NA,NA,7
discord,0,0,NA,NA,NA,NA,7
dsrTest,0,0,NA,NA,NA,NA,6
KSEAapp,1,1,1302,1302,1302,1302,10
mut,0,0,NA,NA,NA,NA,3
ncdump,0,0,NA,NA,NA,NA,2
onehot,0,0,NA,NA,NA,NA,2
angstroms,0,0,NA,NA,NA,NA,11
EML,1,4,330,2262,985,674,20
MHTmult,0,0,NA,NA,NA,NA,10
MetaboList,0,0,NA,NA,NA,NA,1
pafdR,1,1,208,208,208,208,5
SPADAR,0,0,NA,NA,NA,NA,6
ChocoLattes,0,0,NA,NA,NA,NA,24
dataseries,0,0,NA,NA,NA,NA,1
mockr,0,0,NA,NA,NA,NA,2
casebase,1,3,1034,1305,1137.33333333333,1073,8
gsrsb,0,0,NA,NA,NA,NA,19
WikidataQueryServiceR,0,0,NA,NA,NA,NA,3
aSPC,0,0,NA,NA,NA,NA,6
mstherm,1,1,1211,1211,1211,1211,15
bulletr,0,0,NA,NA,NA,NA,27
coxphMIC,0,0,NA,NA,NA,NA,5
md.log,0,0,NA,NA,NA,NA,1
censCov,0,0,NA,NA,NA,NA,1
RandMeta,0,0,NA,NA,NA,NA,1
zip,0,0,NA,NA,NA,NA,2
ajv,1,1,156,156,156,156,11
BarBorGradient,0,0,NA,NA,NA,NA,4
ider,0,0,NA,NA,NA,NA,10
nonpar,0,0,NA,NA,NA,NA,5
ring,1,2,392,1831,1111.5,1111.5,4
selectapref,0,0,NA,NA,NA,NA,3
startR,0,0,NA,NA,NA,NA,12
chemmodlab,0,0,NA,NA,NA,NA,6
CrossScreening,0,0,NA,NA,NA,NA,12
KENDL,0,0,NA,NA,NA,NA,4
RpeakChrom,0,0,NA,NA,NA,NA,9
SADISA,1,1,646,646,646,646,6
simMP,0,0,NA,NA,NA,NA,2
statGraph,0,0,NA,NA,NA,NA,11
unix,0,0,NA,NA,NA,NA,4
PortfolioOptim,0,0,NA,NA,NA,NA,2
PCADSC,0,0,NA,NA,NA,NA,7
yarrr,1,3,188,645,399.333333333333,365,16
icosa,1,1,4835,4835,4835,4835,49
TSGSIS,0,0,NA,NA,NA,NA,1
uqr,0,0,NA,NA,NA,NA,4
WLreg,0,0,NA,NA,NA,NA,3
mro,0,0,NA,NA,NA,NA,2
complexity,0,0,NA,NA,NA,NA,1
bayesCL,0,0,NA,NA,NA,NA,4
SeerMapper2010East,0,0,NA,NA,NA,NA,2
SeerMapper2010West,0,0,NA,NA,NA,NA,2
StatPerMeCo,0,0,NA,NA,NA,NA,11
thankr,0,0,NA,NA,NA,NA,2
fpest,0,0,NA,NA,NA,NA,1
nopaco,0,0,NA,NA,NA,NA,7
R2ucare,1,1,774,774,774,774,30
SeerMapper2010Regs,0,0,NA,NA,NA,NA,2
spec,0,0,NA,NA,NA,NA,24
Tnseq,0,0,NA,NA,NA,NA,3
tubern,1,1,144,144,144,144,15
wrangle,0,0,NA,NA,NA,NA,25
marcher,1,1,2671,2671,2671,2671,18
optrcdmaeAT,0,0,NA,NA,NA,NA,7
SeerMapperEast,0,0,NA,NA,NA,NA,2
SeerMapperWest,0,0,NA,NA,NA,NA,2
fastqcr,0,0,NA,NA,NA,NA,8
GADAG,0,0,NA,NA,NA,NA,7
GLIDE,1,1,588,588,588,588,6
D3GB,1,1,464,464,464,464,16
lspline,1,1,326,326,326,326,1
SeerMapperRegs,0,0,NA,NA,NA,NA,2
mRchmadness,1,1,740,740,740,740,29
skeletor,0,0,NA,NA,NA,NA,2
duckduckr,0,0,NA,NA,NA,NA,2
IMTest,1,1,332,332,332,332,5
MedDietCalc,1,1,2779,2779,2779,2779,17
micEconIndex,0,0,NA,NA,NA,NA,2
secure,0,0,NA,NA,NA,NA,14
sylcount,0,0,NA,NA,NA,NA,4
classifierplots,0,0,NA,NA,NA,NA,16
CoFRA,1,1,439,439,439,439,6
eshrink,0,0,NA,NA,NA,NA,7
zfa,0,0,NA,NA,NA,NA,2
HYRISK,0,0,NA,NA,NA,NA,12
TSMN,0,0,NA,NA,NA,NA,3
afmToolkit,0,0,NA,NA,NA,NA,22
groupsubsetselection,0,0,NA,NA,NA,NA,1
nlshelper,0,0,NA,NA,NA,NA,6
vesselr,0,0,NA,NA,NA,NA,4
xbreed,1,1,3398,3398,3398,3398,5
xyz,1,1,334,334,334,334,3
enrichR,1,1,140,140,140,140,3
medicare,1,2,355,963,659,659,14
grapes,1,1,215,215,215,215,3
InterfaceqPCR,0,0,NA,NA,NA,NA,2
SARP.moodle,0,0,NA,NA,NA,NA,14
tensorr,1,1,1453,1453,1453,1453,57
aptg,1,1,243,243,243,243,2
focusedMDS,0,0,NA,NA,NA,NA,1
kscons,0,0,NA,NA,NA,NA,10
optim.functions,0,0,NA,NA,NA,NA,4
BLModel,0,0,NA,NA,NA,NA,5
fam2r,0,0,NA,NA,NA,NA,8
metavcov,0,0,NA,NA,NA,NA,20
moezipfR,0,0,NA,NA,NA,NA,14
patternize,0,0,NA,NA,NA,NA,23
tilegramsR,1,1,251,251,251,251,12
tsqn,0,0,NA,NA,NA,NA,10
itan,0,0,NA,NA,NA,NA,11
shinyHeatmaply,0,0,NA,NA,NA,NA,3
NetworkRiskMeasures,0,0,NA,NA,NA,NA,7
slimrec,0,0,NA,NA,NA,NA,8
TeachBayes,1,4,108,404,241,226,27
vortexRdata,0,0,NA,NA,NA,NA,14
docstring,1,1,983,983,983,983,1
IPWsurvival,0,0,NA,NA,NA,NA,4
PCFAM,1,1,277,277,277,277,13
affluenceIndex,0,0,NA,NA,NA,NA,10
summariser,0,0,NA,NA,NA,NA,4
tsxtreme,0,0,NA,NA,NA,NA,11
CVR,0,0,NA,NA,NA,NA,8
pathmapping,0,0,NA,NA,NA,NA,26
xlsimple,0,0,NA,NA,NA,NA,4
FMC,0,0,NA,NA,NA,NA,4
gpg,1,1,1132,1132,1132,1132,6
orgutils,1,1,200,200,200,200,3
rnaturalearth,1,2,311,372,341.5,341.5,16
rolr,0,0,NA,NA,NA,NA,6
stmgp,0,0,NA,NA,NA,NA,3
EstimateGroupNetwork,0,0,NA,NA,NA,NA,2
Rvoterdistance,0,0,NA,NA,NA,NA,14
shinyShortcut,0,0,NA,NA,NA,NA,1
OSCV,0,0,NA,NA,NA,NA,17
BASS,0,0,NA,NA,NA,NA,5
BCSub,0,0,NA,NA,NA,NA,12
CNull,0,0,NA,NA,NA,NA,17
FlexDir,0,0,NA,NA,NA,NA,19
RankingProject,1,2,703,1178,940.5,940.5,5
rolypoly,1,1,813,813,813,813,29
gee4,0,0,NA,NA,NA,NA,16
gatepoints,1,1,174,174,174,174,3
outreg,0,0,NA,NA,NA,NA,4
collpcm,0,0,NA,NA,NA,NA,10
radmixture,1,1,169,169,169,169,10
cmpprocess,0,0,NA,NA,NA,NA,6
iNextPD,1,1,2515,2515,2515,2515,12
rdataretriever,0,0,NA,NA,NA,NA,11
HoRM,0,0,NA,NA,NA,NA,34
SigOptR,0,0,NA,NA,NA,NA,13
CONS,0,0,NA,NA,NA,NA,1
iSDM,0,0,NA,NA,NA,NA,4
SymTS,0,0,NA,NA,NA,NA,13
VertexSort,0,0,NA,NA,NA,NA,5
badger,0,0,NA,NA,NA,NA,10
BCellMA,0,0,NA,NA,NA,NA,12
NHLData,0,0,NA,NA,NA,NA,98
readOffice,0,0,NA,NA,NA,NA,2
cpr,1,1,972,972,972,972,32
otinference,0,0,NA,NA,NA,NA,6
remindR,1,1,1012,1012,1012,1012,2
edarf,1,1,619,619,619,619,7
funchir,0,0,NA,NA,NA,NA,5
gt4ireval,1,1,770,770,770,770,5
MLID,1,1,2929,2929,2929,2929,20
twilio,0,0,NA,NA,NA,NA,4
VarED,0,0,NA,NA,NA,NA,3
CPsurv,0,0,NA,NA,NA,NA,9
SubgrpID,0,0,NA,NA,NA,NA,73
CensSpatial,0,0,NA,NA,NA,NA,11
cghRA,0,0,NA,NA,NA,NA,41
Dpit,0,0,NA,NA,NA,NA,4
cropdatape,0,0,NA,NA,NA,NA,1
fitplc,0,0,NA,NA,NA,NA,5
gaiah,0,0,NA,NA,NA,NA,27
WPKDE,0,0,NA,NA,NA,NA,3
DiffNet,0,0,NA,NA,NA,NA,11
rcc,0,0,NA,NA,NA,NA,2
dirmcmc,1,1,312,312,312,312,6
extdplyr,0,0,NA,NA,NA,NA,6
fontHind,1,1,154,154,154,154,3
fontMPlus,1,1,298,298,298,298,11
gbts,0,0,NA,NA,NA,NA,5
leafletCN,0,0,NA,NA,NA,NA,8
misreport,0,0,NA,NA,NA,NA,12
automagic,0,0,NA,NA,NA,NA,7
AWR.Kinesis,0,0,NA,NA,NA,NA,6
betacal,0,0,NA,NA,NA,NA,2
ccafs,1,2,150,578,364,364,8
europop,0,0,NA,NA,NA,NA,2
som.nn,0,0,NA,NA,NA,NA,30
TAR,0,0,NA,NA,NA,NA,10
EnviroPRA,0,0,NA,NA,NA,NA,26
InvasionCorrection,0,0,NA,NA,NA,NA,1
naptime,1,1,307,307,307,307,1
neighbr,1,1,888,888,888,888,4
prefeR,1,1,379,379,379,379,11
robustarima,0,0,NA,NA,NA,NA,16
BayesSpec,0,0,NA,NA,NA,NA,3
BCC1997,0,0,NA,NA,NA,NA,1
bsearchtools,0,0,NA,NA,NA,NA,11
DecorateR,0,0,NA,NA,NA,NA,2
lclGWAS,1,1,468,468,468,468,4
mle.tools,0,0,NA,NA,NA,NA,4
rnaturalearthdata,0,0,NA,NA,NA,NA,7
stdvectors,0,0,NA,NA,NA,NA,2
AWR.KMS,0,0,NA,NA,NA,NA,4
BayesFM,0,0,NA,NA,NA,NA,6
colorr,0,0,NA,NA,NA,NA,5
fileplyr,0,0,NA,NA,NA,NA,3
gMOIP,0,0,NA,NA,NA,NA,8
GSparO,0,0,NA,NA,NA,NA,2
upmfit,1,1,1709,1709,1709,1709,4
educineq,0,0,NA,NA,NA,NA,15
keyringr,0,0,NA,NA,NA,NA,2
marinespeed,1,1,434,434,434,434,16
opusminer,0,0,NA,NA,NA,NA,3
rope,1,1,548,548,548,548,8
spdownscale,0,0,NA,NA,NA,NA,6
ubeR,0,0,NA,NA,NA,NA,21
condir,1,1,327,327,327,327,8
velociraptr,0,0,NA,NA,NA,NA,15
warpMix,0,0,NA,NA,NA,NA,8
dgodata,0,0,NA,NA,NA,NA,6
eefAnalytics,0,0,NA,NA,NA,NA,11
paperplanes,0,0,NA,NA,NA,NA,1
rapiclient,0,0,NA,NA,NA,NA,15
HRQoL,0,0,NA,NA,NA,NA,27
maxnet,0,0,NA,NA,NA,NA,5
optbdmaeAT,0,0,NA,NA,NA,NA,7
BayesCombo,1,1,2219,2219,2219,2219,7
FuzzyStatTra,0,0,NA,NA,NA,NA,33
OCA,0,0,NA,NA,NA,NA,9
GPB,0,0,NA,NA,NA,NA,2
cbird,0,0,NA,NA,NA,NA,2
mdftracks,0,0,NA,NA,NA,NA,4
QuantileGradeR,0,0,NA,NA,NA,NA,8
samplingDataCRT,1,1,3825,3825,3825,3825,7
SMLoutliers,0,0,NA,NA,NA,NA,3
mbrglm,0,0,NA,NA,NA,NA,3
flippant,0,0,NA,NA,NA,NA,7
superheat,0,0,NA,NA,NA,NA,3
moveWindSpeed,1,1,471,471,471,471,5
mpe,1,1,2084,2084,2084,2084,6
readHAC,0,0,NA,NA,NA,NA,5
SignifReg,0,0,NA,NA,NA,NA,1
EnsCat,0,0,NA,NA,NA,NA,12
ShinyTester,0,0,NA,NA,NA,NA,2
sonify,0,0,NA,NA,NA,NA,1
ssmsn,0,0,NA,NA,NA,NA,2
iBST,0,0,NA,NA,NA,NA,8
flood,0,0,NA,NA,NA,NA,14
inspectr,1,1,693,693,693,693,14
observer,1,1,112,112,112,112,6
poio,0,0,NA,NA,NA,NA,7
alphabetr,1,1,2663,2663,2663,2663,17
gbp,1,1,1938,1938,1938,1938,46
hurricaneexposure,1,1,3138,3138,3138,3138,22
tracer,0,0,NA,NA,NA,NA,1
LumReader,0,0,NA,NA,NA,NA,38
sparsestep,0,0,NA,NA,NA,NA,7
BayesPieceHazSelect,0,0,NA,NA,NA,NA,1
eclust,1,1,2010,2010,2010,2010,19
nparsurv,0,0,NA,NA,NA,NA,1
mutSignatures,0,0,NA,NA,NA,NA,17
NORMA,0,0,NA,NA,NA,NA,5
powerEQTL,0,0,NA,NA,NA,NA,10
rKIN,1,1,580,580,580,580,13
simpleSetup,0,0,NA,NA,NA,NA,2
chi2x3way,0,0,NA,NA,NA,NA,15
skm,1,1,1740,1740,1740,1740,20
ICV,0,0,NA,NA,NA,NA,10
intrval,0,0,NA,NA,NA,NA,4
kpcalg,1,1,532,532,532,532,12
mglR,1,1,2240,2240,2240,2240,39
SOFIA,0,0,NA,NA,NA,NA,2
tea,0,0,NA,NA,NA,NA,21
teda,0,0,NA,NA,NA,NA,8
rcure,0,0,NA,NA,NA,NA,7
testforDEP,0,0,NA,NA,NA,NA,12
bytescircle,1,1,815,815,815,815,1
caesar,0,0,NA,NA,NA,NA,2
cleanr,1,1,460,460,460,460,15
conditions,0,0,NA,NA,NA,NA,2
bayesianETAS,0,0,NA,NA,NA,NA,5
rCAT,0,0,NA,NA,NA,NA,14
cumstats,0,0,NA,NA,NA,NA,13
maxmatching,0,0,NA,NA,NA,NA,2
PoSI,0,0,NA,NA,NA,NA,2
InfiniumPurify,0,0,NA,NA,NA,NA,8
rwars,1,1,315,315,315,315,4
GeneClusterNet,0,0,NA,NA,NA,NA,6
SADEG,0,0,NA,NA,NA,NA,14
sparkwarc,0,0,NA,NA,NA,NA,2
EBrank,0,0,NA,NA,NA,NA,2
rld,0,0,NA,NA,NA,NA,10
zTree,0,0,NA,NA,NA,NA,4
esmisc,0,0,NA,NA,NA,NA,2
NetWeaver,0,0,NA,NA,NA,NA,17
QRank,0,0,NA,NA,NA,NA,5
BoolFilter,1,1,2198,2198,2198,2198,10
esaddle,1,1,538,538,538,538,7
rjsonapi,0,0,NA,NA,NA,NA,3
sysid,0,0,NA,NA,NA,NA,44
BivRegBLS,0,0,NA,NA,NA,NA,21
fabCI,0,0,NA,NA,NA,NA,11
ltxsparklines,1,1,124,124,124,124,2
Plasmidprofiler,0,0,NA,NA,NA,NA,22
semver,1,1,331,331,331,331,3
crisp,0,0,NA,NA,NA,NA,9
FixSeqMTP,0,0,NA,NA,NA,NA,14
requireR,1,1,161,161,161,161,1
dSVA,0,0,NA,NA,NA,NA,2
HeritSeq,0,0,NA,NA,NA,NA,15
minimalRSD,0,0,NA,NA,NA,NA,7
Partiallyoverlapping,0,0,NA,NA,NA,NA,2
pwt9,0,0,NA,NA,NA,NA,1
Redmonder,0,0,NA,NA,NA,NA,1
tsdecomp,1,1,90,90,90,90,13
TSeriesMMA,0,0,NA,NA,NA,NA,1
colr,1,1,1203,1203,1203,1203,3
FTRLProximal,0,0,NA,NA,NA,NA,8
natserv,0,0,NA,NA,NA,NA,6
awsjavasdk,1,1,326,326,326,326,6
censys,0,0,NA,NA,NA,NA,15
hds,0,0,NA,NA,NA,NA,8
bossMaps,1,1,649,649,649,649,21
attrCUSUM,1,1,612,612,612,612,10
acrt,0,0,NA,NA,NA,NA,4
bayesloglin,1,1,1677,1677,1677,1677,6
DStree,0,0,NA,NA,NA,NA,13
KTensorGraphs,0,0,NA,NA,NA,NA,1
restrictedMVN,0,0,NA,NA,NA,NA,5
rFTRLProximal,0,0,NA,NA,NA,NA,12
spark.sas7bdat,1,1,178,178,178,178,2
UStatBookABSC,0,0,NA,NA,NA,NA,7
DISTRIB,0,0,NA,NA,NA,NA,5
factorcpt,0,0,NA,NA,NA,NA,16
utf8latex,0,0,NA,NA,NA,NA,48
findviews,0,0,NA,NA,NA,NA,6
ggguitar,1,1,226,226,226,226,6
ROI.models.netlib,0,0,NA,NA,NA,NA,1
ztype,0,0,NA,NA,NA,NA,5
crosstalk,0,0,NA,NA,NA,NA,9
pgee.mixed,0,0,NA,NA,NA,NA,4
rocNIT,0,0,NA,NA,NA,NA,1
SpaTimeClus,0,0,NA,NA,NA,NA,14
aws.ses,0,0,NA,NA,NA,NA,7
SPPcomb,0,0,NA,NA,NA,NA,7
stmgui,0,0,NA,NA,NA,NA,3
pipeliner,1,1,887,887,887,887,16
DirectStandardisation,0,0,NA,NA,NA,NA,3
magicfor,1,1,640,640,640,640,7
MTDrh,0,0,NA,NA,NA,NA,3
MWRidge,0,0,NA,NA,NA,NA,1
PepSAVIms,1,2,2693,3815,3254,3254,14
FinancialMath,0,0,NA,NA,NA,NA,38
coprimary,0,0,NA,NA,NA,NA,7
BTYDplus,1,1,4380,4380,4380,4380,41
bpp,1,1,1765,1765,1765,1765,16
MODISSnow,0,0,NA,NA,NA,NA,1
poptrend,0,0,NA,NA,NA,NA,12
ampd,0,0,NA,NA,NA,NA,1
DNLC,0,0,NA,NA,NA,NA,5
errorizer,1,1,400,400,400,400,1
rtrends,0,0,NA,NA,NA,NA,6
CuCubes,0,0,NA,NA,NA,NA,7
GLMaSPU,0,0,NA,NA,NA,NA,6
magree,1,1,338,338,338,338,8
rrr,1,1,1879,1879,1879,1879,10
aws.polly,0,0,NA,NA,NA,NA,5
gofMC,0,0,NA,NA,NA,NA,19
Radviz,1,1,1017,1017,1017,1017,24
DCM,0,0,NA,NA,NA,NA,1
icesVocab,0,0,NA,NA,NA,NA,7
rccmisc,1,1,483,483,483,483,18
robustsae,0,0,NA,NA,NA,NA,4
AmmoniaConcentration,0,0,NA,NA,NA,NA,1
bannerCommenter,1,1,1133,1133,1133,1133,3
bridger2,0,0,NA,NA,NA,NA,18
easypackages,1,1,625,625,625,625,8
melviewr,0,0,NA,NA,NA,NA,2
MultiBD,1,3,339,2121,946.666666666667,380,5
optigrab,1,2,88,1640,864,864,16
PANDA,1,1,367,367,367,367,9
rt3,0,0,NA,NA,NA,NA,12
tswge,0,0,NA,NA,NA,NA,154
phuassess,0,0,NA,NA,NA,NA,2
SISIR,0,0,NA,NA,NA,NA,8
rhnerm,0,0,NA,NA,NA,NA,3
ClimDown,0,0,NA,NA,NA,NA,8
vkR,0,0,NA,NA,NA,NA,68
deconvolveR,1,1,1678,1678,1678,1678,5
freqdist,0,0,NA,NA,NA,NA,1
gbs2ploidy,0,0,NA,NA,NA,NA,4
rxSeq,1,1,1184,1184,1184,1184,11
camsRad,1,1,472,472,472,472,5
eMLEloglin,0,0,NA,NA,NA,NA,3
effectFusion,0,0,NA,NA,NA,NA,8
listdtr,0,0,NA,NA,NA,NA,8
Przewodnik,0,0,NA,NA,NA,NA,9
testassay,1,1,831,831,831,831,6
tsdisagg2,0,0,NA,NA,NA,NA,1
GeomComb,0,0,NA,NA,NA,NA,19
notifyme,0,0,NA,NA,NA,NA,4
aslib,0,0,NA,NA,NA,NA,29
dynetNLAResistance,0,0,NA,NA,NA,NA,7
rIsing,0,0,NA,NA,NA,NA,3
rlo,0,0,NA,NA,NA,NA,10
survAWKMT2,0,0,NA,NA,NA,NA,2
quarrint,0,0,NA,NA,NA,NA,9
RDStreeboot,0,0,NA,NA,NA,NA,4
epistasis,0,0,NA,NA,NA,NA,14
SpaCCr,0,0,NA,NA,NA,NA,15
strat,0,0,NA,NA,NA,NA,5
mbclusterwise,0,0,NA,NA,NA,NA,8
ockc,0,0,NA,NA,NA,NA,2
Rdtq,0,0,NA,NA,NA,NA,2
pstest,0,0,NA,NA,NA,NA,2
relabeLoadings,0,0,NA,NA,NA,NA,1
ADCT,0,0,NA,NA,NA,NA,5
climbeR,1,1,1327,1327,1327,1327,10
DGCA,1,1,306,306,306,306,40
gwfa,0,0,NA,NA,NA,NA,5
NegBinBetaBinreg,0,0,NA,NA,NA,NA,14
tinsel,0,0,NA,NA,NA,NA,6
apdesign,0,0,NA,NA,NA,NA,4
colormap,0,0,NA,NA,NA,NA,4
WEE,0,0,NA,NA,NA,NA,18
PhyInformR,0,0,NA,NA,NA,NA,18
CSclone,0,0,NA,NA,NA,NA,6
flock,0,0,NA,NA,NA,NA,4
jointNmix,0,0,NA,NA,NA,NA,10
LEANR,1,2,183,208,195.5,195.5,11
Planesmuestra,0,0,NA,NA,NA,NA,17
ptest,1,1,1169,1169,1169,1169,32
qiitr,0,0,NA,NA,NA,NA,8
sparkline,1,1,49,49,49,49,5
XRSCC,0,0,NA,NA,NA,NA,23
medfate,1,4,313,5917,3685.75,4256.5,30
cthreshER,0,0,NA,NA,NA,NA,4
exteriorMatch,0,0,NA,NA,NA,NA,2
RSIP,0,0,NA,NA,NA,NA,2
HARtools,1,1,539,539,539,539,5
horseshoe,0,0,NA,NA,NA,NA,9
msaFACE,0,0,NA,NA,NA,NA,6
pirate,0,0,NA,NA,NA,NA,5
rehh.data,0,0,NA,NA,NA,NA,3
wvtool,0,0,NA,NA,NA,NA,21
diffrprojectswidget,0,0,NA,NA,NA,NA,14
regtools,1,1,1017,1017,1017,1017,8
Rga4gh,0,0,NA,NA,NA,NA,41
starmie,1,2,339,1023,681,681,25
varband,1,1,628,628,628,628,8
diffrprojects,0,0,NA,NA,NA,NA,41
varSel,0,0,NA,NA,NA,NA,4
ordcrm,0,0,NA,NA,NA,NA,3
packagedocs,1,2,42,1503,772.5,772.5,13
MiRAnorm,0,0,NA,NA,NA,NA,5
rtext,0,0,NA,NA,NA,NA,31
stringb,0,0,NA,NA,NA,NA,57
rRAP,0,0,NA,NA,NA,NA,4
AdjBQR,0,0,NA,NA,NA,NA,6
gtheory,0,0,NA,NA,NA,NA,7
mhtboot,1,1,429,429,429,429,12
RDota2,1,1,2387,2387,2387,2387,18
rgeoapi,0,0,NA,NA,NA,NA,11
endogenous,0,0,NA,NA,NA,NA,2
spftir,0,0,NA,NA,NA,NA,15
triangulation,0,0,NA,NA,NA,NA,3
MIDN,0,0,NA,NA,NA,NA,3
spellcheckr,0,0,NA,NA,NA,NA,2
fizzbuzzR,0,0,NA,NA,NA,NA,1
countyweather,1,1,3723,3723,3723,3723,20
IRATER,0,0,NA,NA,NA,NA,10
gym,0,0,NA,NA,NA,NA,20
ABC.RAP,1,1,847,847,847,847,13
corlink,0,0,NA,NA,NA,NA,3
ggloop,1,1,606,606,606,606,27
MullerPlot,1,1,765,765,765,765,5
validatejsonr,1,1,335,335,335,335,4
PCSinR,0,0,NA,NA,NA,NA,4
cryst,0,0,NA,NA,NA,NA,7
TDPanalysis,0,0,NA,NA,NA,NA,11
GraphFactor,0,0,NA,NA,NA,NA,2
KnapsackSampling,0,0,NA,NA,NA,NA,5
fontLiberation,0,0,NA,NA,NA,NA,0
RSarules,0,0,NA,NA,NA,NA,1
types,0,0,NA,NA,NA,NA,3
dbfaker,1,1,80,80,80,80,1
ISR3,0,0,NA,NA,NA,NA,3
scan,0,0,NA,NA,NA,NA,28
convertr,0,0,NA,NA,NA,NA,6
MethodCompare,0,0,NA,NA,NA,NA,8
exp2flux,0,0,NA,NA,NA,NA,3
haploReconstruct,0,0,NA,NA,NA,NA,21
rgw,0,0,NA,NA,NA,NA,3
valorate,0,0,NA,NA,NA,NA,10
ptwikiwords,0,0,NA,NA,NA,NA,1
sharpeRratio,0,0,NA,NA,NA,NA,3
tsSelect,0,0,NA,NA,NA,NA,4
sAIC,0,0,NA,NA,NA,NA,1
ordDisp,0,0,NA,NA,NA,NA,3
EBASS,1,1,1149,1149,1149,1149,20
fixedTimeEvents,1,1,169,169,169,169,8
expandFunctions,0,0,NA,NA,NA,NA,20
sBIC,1,6,288,972,569,528,41
