pkg_name,data_dir_present,data_size_total,data_size_rda,data_size_rdata,data_size_txt,data_size_gz,data_size_csv,data_cnt_total,data_cnt_rda,data_cnt_rdata,data_cnt_txt,data_cnt_gz,data_cnt_csv
gcite,0,0,0,0,0,0,0,0,0,0,0,0,0
EdSurvey,0,0,0,0,0,0,0,0,0,0,0,0,0
fdq,0,0,0,0,0,0,0,0,0,0,0,0,0
RBesT,1,1116,1116,0,0,0,0,4,4,0,0,0,0
recipes,1,248560,0,248495,0,0,0,5,0,4,0,0,0
tensorflow,0,0,0,0,0,0,0,0,0,0,0,0,0
BART,1,3954246,3954149,0,0,0,0,8,7,0,0,0,0
cleanNLP,1,1920833,1920784,0,0,0,0,5,4,0,0,0,0
lvnet,0,0,0,0,0,0,0,0,0,0,0,0,0
pinbasic,1,3169,3169,0,0,0,0,4,4,0,0,0,0
RcppMsgPack,0,0,0,0,0,0,0,0,0,0,0,0,0
SpaDES.core,0,0,0,0,0,0,0,0,0,0,0,0,0
valr,0,0,0,0,0,0,0,0,0,0,0,0,0
ggeffects,1,17500,0,17500,0,0,0,1,0,1,0,0,0
wTO,1,47620,0,0,47620,0,0,2,0,0,2,0,0
ems,1,257860,0,257860,0,0,0,1,0,1,0,0,0
GENEAclassify,1,919553,919553,0,0,0,0,2,2,0,0,0,0
jmv,0,0,0,0,0,0,0,0,0,0,0,0,0
reproducible,0,0,0,0,0,0,0,0,0,0,0,0,0
canvasXpress,0,0,0,0,0,0,0,0,0,0,0,0,0
divest,0,0,0,0,0,0,0,0,0,0,0,0,0
FRegSigCom,1,149968,0,149968,0,0,0,1,0,1,0,0,0
hommel,0,0,0,0,0,0,0,0,0,0,0,0,0
pkggraph,1,369248,369248,0,0,0,0,1,1,0,0,0,0
POUMM,0,0,0,0,0,0,0,0,0,0,0,0,0
Rdimtools,0,0,0,0,0,0,0,0,0,0,0,0,0
wrapr,0,0,0,0,0,0,0,0,0,0,0,0,0
DescToolsAddIns,0,0,0,0,0,0,0,0,0,0,0,0,0
giphyr,0,0,0,0,0,0,0,0,0,0,0,0,0
GJRM,1,332532,0,332532,0,0,0,4,0,4,0,0,0
LNIRT,0,0,0,0,0,0,0,0,0,0,0,0,0
mnreadR,1,3320,3320,0,0,0,0,2,2,0,0,0,0
palm,1,402345,0,0,0,0,0,1,0,0,0,0,0
personalized,0,0,0,0,0,0,0,0,0,0,0,0,0
configr,0,0,0,0,0,0,0,0,0,0,0,0,0
dimRed,0,0,0,0,0,0,0,0,0,0,0,0,0
helixvis,1,221,221,0,0,0,0,1,1,0,0,0,0
skpr,0,0,0,0,0,0,0,0,0,0,0,0,0
sys,0,0,0,0,0,0,0,0,0,0,0,0,0
fastLink,1,3001379,0,3001178,0,0,0,7,0,6,0,0,0
fingertipsR,0,0,0,0,0,0,0,0,0,0,0,0,0
FSelectorRcpp,0,0,0,0,0,0,0,0,0,0,0,0,0
reqres,0,0,0,0,0,0,0,0,0,0,0,0,0
STARTS,0,0,0,0,0,0,0,0,0,0,0,0,0
AMCTestmakeR,0,0,0,0,0,0,0,0,0,0,0,0,0
nandb,0,0,0,0,0,0,0,0,0,0,0,0,0
Rcrawler,0,0,0,0,0,0,0,0,0,0,0,0,0
reportReg,0,0,0,0,0,0,0,0,0,0,0,0,0
aphid,1,27979,0,27979,0,0,0,3,0,3,0,0,0
gastempt,0,0,0,0,0,0,0,0,0,0,0,0,0
antiword,0,0,0,0,0,0,0,0,0,0,0,0,0
arsenal,1,36933,0,36933,0,0,0,1,0,1,0,0,0
dtangle,1,190486,190486,0,0,0,0,1,1,0,0,0,0
httptest,0,0,0,0,0,0,0,0,0,0,0,0,0
idefix,0,0,0,0,0,0,0,0,0,0,0,0,0
MALDIrppa,1,990120,990120,0,0,0,0,2,2,0,0,0,0
quickPlot,0,0,0,0,0,0,0,0,0,0,0,0,0
survHE,0,0,0,0,0,0,0,0,0,0,0,0,0
unrtf,0,0,0,0,0,0,0,0,0,0,0,0,0
walker,0,0,0,0,0,0,0,0,0,0,0,0,0
MADPop,1,1219,0,1219,0,0,0,1,0,1,0,0,0
memapp,1,2065,2065,0,0,0,0,1,1,0,0,0,0
breathteststan,0,0,0,0,0,0,0,0,0,0,0,0,0
elasticsearchr,0,0,0,0,0,0,0,0,0,0,0,0,0
exampletestr,0,0,0,0,0,0,0,0,0,0,0,0,0
gggenes,1,1251,1251,0,0,0,0,1,1,0,0,0,0
huxtable,0,0,0,0,0,0,0,0,0,0,0,0,0
worrms,0,0,0,0,0,0,0,0,0,0,0,0,0
mdmb,1,25436,25436,0,0,0,0,2,2,0,0,0,0
webmockr,0,0,0,0,0,0,0,0,0,0,0,0,0
WVPlots,0,0,0,0,0,0,0,0,0,0,0,0,0
augSIMEX,1,76931,76931,0,0,0,0,3,3,0,0,0,0
autothresholdr,0,0,0,0,0,0,0,0,0,0,0,0,0
eulerr,0,0,0,0,0,0,0,0,0,0,0,0,0
jmvcore,0,0,0,0,0,0,0,0,0,0,0,0,0
semtree,1,15845,15845,0,0,0,0,1,1,0,0,0,0
sessioninfo,0,0,0,0,0,0,0,0,0,0,0,0,0
shinyWidgets,0,0,0,0,0,0,0,0,0,0,0,0,0
spant,1,594396,594396,0,0,0,0,1,1,0,0,0,0
KarsTS,0,0,0,0,0,0,0,0,0,0,0,0,0
sigr,0,0,0,0,0,0,0,0,0,0,0,0,0
egg,0,0,0,0,0,0,0,0,0,0,0,0,0
numform,0,0,0,0,0,0,0,0,0,0,0,0,0
owmr,1,1204645,1204634,0,0,0,0,2,1,0,0,0,0
tidyRSS,1,1415,1415,0,0,0,0,1,1,0,0,0,0
dexter,1,5190,5190,0,0,0,0,4,4,0,0,0,0
redlistr,0,0,0,0,0,0,0,0,0,0,0,0,0
tesseract,0,0,0,0,0,0,0,0,0,0,0,0,0
VARtests,1,7157,0,7157,0,0,0,1,0,1,0,0,0
hutils,0,0,0,0,0,0,0,0,0,0,0,0,0
incidence,0,0,0,0,0,0,0,0,0,0,0,0,0
automultinomial,0,0,0,0,0,0,0,0,0,0,0,0,0
flextable,0,0,0,0,0,0,0,0,0,0,0,0,0
gibble,1,561,561,0,0,0,0,1,1,0,0,0,0
mvord,1,1242170,1242053,0,0,0,0,8,7,0,0,0,0
RATest,1,96087,96087,0,0,0,0,1,1,0,0,0,0
restriktor,1,5910,5910,0,0,0,0,5,5,0,0,0,0
shallot,0,0,0,0,0,0,0,0,0,0,0,0,0
spatstat.utils,0,0,0,0,0,0,0,0,0,0,0,0,0
AMModels,1,12789,12789,0,0,0,0,1,1,0,0,0,0
cpt,0,0,0,0,0,0,0,0,0,0,0,0,0
filesstrings,0,0,0,0,0,0,0,0,0,0,0,0,0
GDINA,1,59771,59771,0,0,0,0,8,8,0,0,0,0
greta,0,0,0,0,0,0,0,0,0,0,0,0,0
lemon,0,0,0,0,0,0,0,0,0,0,0,0,0
vennLasso,0,0,0,0,0,0,0,0,0,0,0,0,0
rsparkling,0,0,0,0,0,0,0,0,0,0,0,0,0
strip,0,0,0,0,0,0,0,0,0,0,0,0,0
atus,1,6336853,6336828,0,0,0,0,4,3,0,0,0,0
ebimetagenomics,0,0,0,0,0,0,0,0,0,0,0,0,0
spectrolab,1,776933,776933,0,0,0,0,2,2,0,0,0,0
sugrrants,1,168931,168931,0,0,0,0,1,1,0,0,0,0
uavRmp,0,0,0,0,0,0,0,0,0,0,0,0,0
vistime,1,379,379,0,0,0,0,1,1,0,0,0,0
ggspatial,1,1124195,1124074,0,0,0,0,8,7,0,0,0,0
BayesS5,0,0,0,0,0,0,0,0,0,0,0,0,0
commonsMath,0,0,0,0,0,0,0,0,0,0,0,0,0
drake,0,0,0,0,0,0,0,0,0,0,0,0,0
latexpdf,0,0,0,0,0,0,0,0,0,0,0,0,0
link2GI,0,0,0,0,0,0,0,0,0,0,0,0,0
electoral,0,0,0,0,0,0,0,0,0,0,0,0,0
JuliaCall,0,0,0,0,0,0,0,0,0,0,0,0,0
microdemic,0,0,0,0,0,0,0,0,0,0,0,0,0
MODIS,0,0,0,0,0,0,0,0,0,0,0,0,0
PhenotypeSimulator,0,0,0,0,0,0,0,0,0,0,0,0,0
reactR,0,0,0,0,0,0,0,0,0,0,0,0,0
rlang,0,0,0,0,0,0,0,0,0,0,0,0,0
rlas,0,0,0,0,0,0,0,0,0,0,0,0,0
sitree,1,20803,0,20803,0,0,0,2,0,2,0,0,0
solvebio,0,0,0,0,0,0,0,0,0,0,0,0,0
texPreview,0,0,0,0,0,0,0,0,0,0,0,0,0
CrossVA,0,0,0,0,0,0,0,0,0,0,0,0,0
d3r,0,0,0,0,0,0,0,0,0,0,0,0,0
dodgr,1,27263,27263,0,0,0,0,2,2,0,0,0,0
mmpf,0,0,0,0,0,0,0,0,0,0,0,0,0
mvLSW,0,0,0,0,0,0,0,0,0,0,0,0,0
NetworkInference,1,14563,0,14563,0,0,0,3,0,3,0,0,0
rsMove,0,0,0,0,0,0,0,0,0,0,0,0,0
rWind,0,0,0,0,0,0,0,0,0,0,0,0,0
sf,0,0,0,0,0,0,0,0,0,0,0,0,0
taskscheduleR,0,0,0,0,0,0,0,0,0,0,0,0,0
trackdem,0,0,0,0,0,0,0,0,0,0,0,0,0
blogdown,0,0,0,0,0,0,0,0,0,0,0,0,0
DEploid,0,0,0,0,0,0,0,0,0,0,0,0,0
isdparser,0,0,0,0,0,0,0,0,0,0,0,0,0
websearchr,0,0,0,0,0,0,0,0,0,0,0,0,0
xaringan,0,0,0,0,0,0,0,0,0,0,0,0,0
bikedata,1,55198,55198,0,0,0,0,1,1,0,0,0,0
dLagM,1,475,0,475,0,0,0,1,0,1,0,0,0
dynamichazard,0,0,0,0,0,0,0,0,0,0,0,0,0
FishResp,1,869078,0,868960,0,0,0,13,0,12,0,0,0
meteoland,1,1494426,1494356,0,0,0,0,4,3,0,0,0,0
osmdata,0,0,0,0,0,0,0,0,0,0,0,0,0
bridgesampling,0,0,0,0,0,0,0,0,0,0,0,0,0
cdata,0,0,0,0,0,0,0,0,0,0,0,0,0
RApiDatetime,0,0,0,0,0,0,0,0,0,0,0,0,0
lexicon,1,1111920,1111432,0,0,0,0,32,31,0,0,0,0
ciTools,0,0,0,0,0,0,0,0,0,0,0,0,0
poliscidata,1,2003182,2003128,0,0,0,0,9,8,0,0,0,0
webTRISr,0,0,0,0,0,0,0,0,0,0,0,0,0
wikitaxa,0,0,0,0,0,0,0,0,0,0,0,0,0
xtensor,0,0,0,0,0,0,0,0,0,0,0,0,0
antaresRead,0,0,0,0,0,0,0,0,0,0,0,0,0
bsplinePsd,0,0,0,0,0,0,0,0,0,0,0,0,0
charlatan,0,0,0,0,0,0,0,0,0,0,0,0,0
evaluator,1,2046508,2046421,0,0,0,0,6,5,0,0,0,0
hNMF,0,0,0,0,0,0,0,0,0,0,0,0,0
PowerUpR,0,0,0,0,0,0,0,0,0,0,0,0,0
PWEALL,0,0,0,0,0,0,0,0,0,0,0,0,0
sdpt3r,1,6149,6149,0,0,0,0,13,13,0,0,0,0
BimodalIndex,0,0,0,0,0,0,0,0,0,0,0,0,0
breathtestcore,1,57527,57527,0,0,0,0,1,1,0,0,0,0
clickR,0,0,0,0,0,0,0,0,0,0,0,0,0
dataPreparation,1,1189722,1189702,0,0,0,0,3,2,0,0,0,0
fergm,1,3629706,3629682,0,0,0,0,4,3,0,0,0,0
GenAlgo,1,21045,21045,0,0,0,0,2,2,0,0,0,0
pinyin,0,0,0,0,0,0,0,0,0,0,0,0,0
pivottabler,1,1056830,1056784,0,0,0,0,4,3,0,0,0,0
bcROCsurface,1,5534,5534,0,0,0,0,1,1,0,0,0,0
bookdownplus,0,0,0,0,0,0,0,0,0,0,0,0,0
grattan,1,415,415,0,0,0,0,1,1,0,0,0,0
queuecomputer,0,0,0,0,0,0,0,0,0,0,0,0,0
cosinor2,1,4056,4056,0,0,0,0,4,4,0,0,0,0
crminer,1,6563,6563,0,0,0,0,6,6,0,0,0,0
define,0,0,0,0,0,0,0,0,0,0,0,0,0
dendroTools,1,28528,28528,0,0,0,0,4,4,0,0,0,0
dslabs,1,1931,1931,0,0,0,0,2,2,0,0,0,0
readJDX,0,0,0,0,0,0,0,0,0,0,0,0,0
stormwindmodel,1,41426,41426,0,0,0,0,4,4,0,0,0,0
analytics,0,0,0,0,0,0,0,0,0,0,0,0,0
touch,1,22100,22100,0,0,0,0,1,1,0,0,0,0
GSED,0,0,0,0,0,0,0,0,0,0,0,0,0
hoardr,0,0,0,0,0,0,0,0,0,0,0,0,0
psychmeta,1,25762,0,25762,0,0,0,13,0,13,0,0,0
Rnightlights,0,0,0,0,0,0,0,0,0,0,0,0,0
treemapify,1,838,838,0,0,0,0,1,1,0,0,0,0
bamlss,1,944696,944696,0,0,0,0,2,2,0,0,0,0
mMPA,0,0,0,0,0,0,0,0,0,0,0,0,0
mrfDepth,1,336876,0,336876,0,0,0,6,0,6,0,0,0
antaresViz,0,0,0,0,0,0,0,0,0,0,0,0,0
BatchGetSymbols,0,0,0,0,0,0,0,0,0,0,0,0,0
FLightR,0,0,0,0,0,0,0,0,0,0,0,0,0
GetLattesData,0,0,0,0,0,0,0,0,0,0,0,0,0
GROAN,1,70886,70886,0,0,0,0,3,3,0,0,0,0
itunesr,0,0,0,0,0,0,0,0,0,0,0,0,0
partialCI,0,0,0,0,0,0,0,0,0,0,0,0,0
Rodam,0,0,0,0,0,0,0,0,0,0,0,0,0
stacomiR,1,481100,480942,0,0,158,0,24,23,0,0,1,0
tidyselect,0,0,0,0,0,0,0,0,0,0,0,0,0
airGR,1,478664,478664,0,0,0,0,3,3,0,0,0,0
emdi,1,430652,430652,0,0,0,0,2,2,0,0,0,0
NetworkChange,0,0,0,0,0,0,0,0,0,0,0,0,0
wooldridge,1,2093673,0,2092800,0,0,0,106,0,105,0,0,0
EFAutilities,1,10706,10706,0,0,0,0,2,2,0,0,0,0
mindr,0,0,0,0,0,0,0,0,0,0,0,0,0
nucim,0,0,0,0,0,0,0,0,0,0,0,0,0
billboarder,1,4145,4145,0,0,0,0,3,3,0,0,0,0
c212,1,72175,0,0,0,72175,0,4,0,0,0,4,0
easyreg,1,1818,1818,0,0,0,0,5,5,0,0,0,0
psda,0,0,0,0,0,0,0,0,0,0,0,0,0
sptemExp,1,3497416,3497294,0,0,0,0,12,11,0,0,0,0
pollen,1,67606,67606,0,0,0,0,1,1,0,0,0,0
ratelimitr,0,0,0,0,0,0,0,0,0,0,0,0,0
rmapzen,1,233875,233875,0,0,0,0,4,4,0,0,0,0
wallace,0,0,0,0,0,0,0,0,0,0,0,0,0
bazar,0,0,0,0,0,0,0,0,0,0,0,0,0
googledrive,0,0,0,0,0,0,0,0,0,0,0,0,0
pdSpecEst,0,0,0,0,0,0,0,0,0,0,0,0,0
spmoran,0,0,0,0,0,0,0,0,0,0,0,0,0
CMatching,1,4189,4189,0,0,0,0,1,1,0,0,0,0
comtradr,0,0,0,0,0,0,0,0,0,0,0,0,0
PWFSLSmoke,1,417058,0,417058,0,0,0,3,0,3,0,0,0
uiucthemes,0,0,0,0,0,0,0,0,0,0,0,0,0
auk,1,229620,229620,0,0,0,0,1,1,0,0,0,0
Delta,0,0,0,0,0,0,0,0,0,0,0,0,0
partitionComparison,0,0,0,0,0,0,0,0,0,0,0,0,0
rjmcmc,1,4103,0,4103,0,0,0,2,0,2,0,0,0
soundgen,1,7525,7525,0,0,0,0,6,6,0,0,0,0
spatstat.data,1,2578463,2577677,0,0,0,0,56,55,0,0,0,0
TileManager,1,504648,504648,0,0,0,0,1,1,0,0,0,0
ClassDiscovery,0,0,0,0,0,0,0,0,0,0,0,0,0
dataMaid,1,18944,0,18944,0,0,0,3,0,3,0,0,0
mdsOpt,1,2637,2637,0,0,0,0,1,1,0,0,0,0
odr,0,0,0,0,0,0,0,0,0,0,0,0,0
PeakSegJoint,1,748896,0,748896,0,0,0,8,0,8,0,0,0
RcmdrPlugin.RiskDemo,1,4931187,4931108,0,0,0,0,9,8,0,0,0,0
vein,1,164603,164603,0,0,0,0,5,5,0,0,0,0
tensorBF,0,0,0,0,0,0,0,0,0,0,0,0,0
WeightedROC,0,0,0,0,0,0,0,0,0,0,0,0,0
carData,1,272263,272263,0,0,0,0,56,56,0,0,0,0
loon,1,210537,210537,0,0,0,0,4,4,0,0,0,0
metaplot,0,0,0,0,0,0,0,0,0,0,0,0,0
nanotime,0,0,0,0,0,0,0,0,0,0,0,0,0
nonmemica,1,359,0,359,0,0,0,1,0,1,0,0,0
clustermq,0,0,0,0,0,0,0,0,0,0,0,0,0
fDMA,1,13818,0,13818,0,0,0,2,0,2,0,0,0
LearnGeom,0,0,0,0,0,0,0,0,0,0,0,0,0
shadow,1,1755,0,1755,0,0,0,1,0,1,0,0,0
antaresProcessing,0,0,0,0,0,0,0,0,0,0,0,0,0
BETS,0,0,0,0,0,0,0,0,0,0,0,0,0
ecm,1,1965,0,1965,0,0,0,1,0,1,0,0,0
scalpel,0,0,0,0,0,0,0,0,0,0,0,0,0
textreadr,1,67789,67789,0,0,0,0,1,1,0,0,0,0
ggridges,1,63922,63922,0,0,0,0,2,2,0,0,0,0
boxcoxmix,0,0,0,0,0,0,0,0,0,0,0,0,0
seplyr,0,0,0,0,0,0,0,0,0,0,0,0,0
frequencyConnectedness,1,80409,80409,0,0,0,0,1,1,0,0,0,0
grf,0,0,0,0,0,0,0,0,0,0,0,0,0
parallelDist,0,0,0,0,0,0,0,0,0,0,0,0,0
revengc,1,1507,0,1507,0,0,0,5,0,5,0,0,0
smapr,0,0,0,0,0,0,0,0,0,0,0,0,0
geex,1,5653,5653,0,0,0,0,1,1,0,0,0,0
geojsonR,0,0,0,0,0,0,0,0,0,0,0,0,0
jtools,0,0,0,0,0,0,0,0,0,0,0,0,0
sparsepp,0,0,0,0,0,0,0,0,0,0,0,0,0
uGMAR,1,743,743,0,0,0,0,1,1,0,0,0,0
HEMDAG,1,26964,26964,0,0,0,0,5,5,0,0,0,0
RInno,0,0,0,0,0,0,0,0,0,0,0,0,0
datasauRus,1,280347,280347,0,0,0,0,9,9,0,0,0,0
gravity,1,260591,0,260591,0,0,0,1,0,1,0,0,0
phuse,0,0,0,0,0,0,0,0,0,0,0,0,0
rcoreoa,0,0,0,0,0,0,0,0,0,0,0,0,0
ROptSpace,0,0,0,0,0,0,0,0,0,0,0,0,0
BayLum,1,496303,0,496118,0,0,0,17,0,16,0,0,0
CIAAWconsensus,1,5698,5698,0,0,0,0,3,3,0,0,0,0
dataCompareR,0,0,0,0,0,0,0,0,0,0,0,0,0
replyr,0,0,0,0,0,0,0,0,0,0,0,0,0
hetGP,0,0,0,0,0,0,0,0,0,0,0,0,0
later,0,0,0,0,0,0,0,0,0,0,0,0,0
ReIns,1,223568,0,223568,0,0,0,3,0,3,0,0,0
gdns,0,0,0,0,0,0,0,0,0,0,0,0,0
mbir,0,0,0,0,0,0,0,0,0,0,0,0,0
aiRthermo,1,284523,284523,0,0,0,0,5,5,0,0,0,0
graphon,0,0,0,0,0,0,0,0,0,0,0,0,0
hIRT,1,7598,7598,0,0,0,0,1,1,0,0,0,0
reprex,0,0,0,0,0,0,0,0,0,0,0,0,0
usmap,1,50088,50088,0,0,0,0,4,4,0,0,0,0
BLPestimatoR,0,0,0,0,0,0,0,0,0,0,0,0,0
spData,1,231624,231624,0,0,0,0,5,5,0,0,0,0
LabourMarketAreas,1,29938,29938,0,0,0,0,4,4,0,0,0,0
mize,0,0,0,0,0,0,0,0,0,0,0,0,0
moveVis,1,44711,44711,0,0,0,0,1,1,0,0,0,0
sgmcmc,1,4299567,4299557,0,0,0,0,2,1,0,0,0,0
document,0,0,0,0,0,0,0,0,0,0,0,0,0
EnvCpt,0,0,0,0,0,0,0,0,0,0,0,0,0
HDtest,1,413632,413632,0,0,0,0,2,2,0,0,0,0
knor,1,2461,2461,0,0,0,0,2,2,0,0,0,0
nse,0,0,0,0,0,0,0,0,0,0,0,0,0
SimPhe,1,1666,0,1666,0,0,0,5,0,5,0,0,0
bigstep,0,0,0,0,0,0,0,0,0,0,0,0,0
bomrang,0,0,0,0,0,0,0,0,0,0,0,0,0
geosapi,0,0,0,0,0,0,0,0,0,0,0,0,0
getCRUCLdata,0,0,0,0,0,0,0,0,0,0,0,0,0
ggmosaic,0,0,0,0,0,0,0,0,0,0,0,0,0
grec,1,2585,0,2585,0,0,0,1,0,1,0,0,0
merDeriv,0,0,0,0,0,0,0,0,0,0,0,0,0
odpc,0,0,0,0,0,0,0,0,0,0,0,0,0
sjlabelled,1,17500,0,17500,0,0,0,1,0,1,0,0,0
fastnet,0,0,0,0,0,0,0,0,0,0,0,0,0
IncDTW,0,0,0,0,0,0,0,0,0,0,0,0,0
mixKernel,1,302607,302459,0,0,0,0,2,1,0,0,0,0
PhylogeneticEM,1,2709,2709,0,0,0,0,1,1,0,0,0,0
prettycode,0,0,0,0,0,0,0,0,0,0,0,0,0
scorecard,1,14499,0,14499,0,0,0,1,0,1,0,0,0
zoocat,1,812676,812676,0,0,0,0,1,1,0,0,0,0
BIGL,1,41104,0,41104,0,0,0,2,0,2,0,0,0
datasets.load,0,0,0,0,0,0,0,0,0,0,0,0,0
ghibli,0,0,0,0,0,0,0,0,0,0,0,0,0
naniar,1,71638,71638,0,0,0,0,3,3,0,0,0,0
penaltyLearning,1,2796290,0,2796253,0,0,0,4,0,3,0,0,0
rly,0,0,0,0,0,0,0,0,0,0,0,0,0
udpipe,1,2164,0,2164,0,0,0,1,0,1,0,0,0
redR,1,235452,235452,0,0,0,0,2,2,0,0,0,0
reportROC,1,1651,0,1651,0,0,0,1,0,1,0,0,0
fitur,0,0,0,0,0,0,0,0,0,0,0,0,0
ggdmc,0,0,0,0,0,0,0,0,0,0,0,0,0
healthcareai,0,0,0,0,0,0,0,0,0,0,0,0,0
fastR2,1,613237,613237,0,0,0,0,61,61,0,0,0,0
gamesGA,0,0,0,0,0,0,0,0,0,0,0,0,0
iMediate,0,0,0,0,0,0,0,0,0,0,0,0,0
sinew,0,0,0,0,0,0,0,0,0,0,0,0,0
taxonomizr,0,0,0,0,0,0,0,0,0,0,0,0,0
bayesImageS,0,0,0,0,0,0,0,0,0,0,0,0,0
intccr,1,4624,4624,0,0,0,0,1,1,0,0,0,0
lero.lero,0,0,0,0,0,0,0,0,0,0,0,0,0
OOBCurve,0,0,0,0,0,0,0,0,0,0,0,0,0
PeerPerformance,1,46458,0,46458,0,0,0,1,0,1,0,0,0
RiskPortfolios,1,5964,0,5964,0,0,0,1,0,1,0,0,0
covatest,1,32576,0,32576,0,0,0,2,0,2,0,0,0
fdANOVA,0,0,0,0,0,0,0,0,0,0,0,0,0
cytometree,1,29222,29222,0,0,0,0,1,1,0,0,0,0
SSLASSO,0,0,0,0,0,0,0,0,0,0,0,0,0
eDMA,1,48001,48001,0,0,0,0,2,2,0,0,0,0
MCMCvis,1,1389709,1389699,0,0,0,0,2,1,0,0,0,0
tidycensus,1,18712,18712,0,0,0,0,1,1,0,0,0,0
vpc,1,1042252,1042252,0,0,0,0,3,3,0,0,0,0
bgsmtr,1,179371,0,179371,0,0,0,1,0,1,0,0,0
mclustcomp,0,0,0,0,0,0,0,0,0,0,0,0,0
supc,1,818300,818300,0,0,0,0,1,1,0,0,0,0
startup,0,0,0,0,0,0,0,0,0,0,0,0,0
symDMatrix,0,0,0,0,0,0,0,0,0,0,0,0,0
TeXCheckR,1,2699,2699,0,0,0,0,4,4,0,0,0,0
tfruns,0,0,0,0,0,0,0,0,0,0,0,0,0
adiv,1,13504,13504,0,0,0,0,7,7,0,0,0,0
BGData,0,0,0,0,0,0,0,0,0,0,0,0,0
gsynth,1,63261,0,63261,0,0,0,1,0,1,0,0,0
keras,0,0,0,0,0,0,0,0,0,0,0,0,0
perccalc,0,0,0,0,0,0,0,0,0,0,0,0,0
quickmatch,0,0,0,0,0,0,0,0,0,0,0,0,0
rtrim,1,1885,0,1885,0,0,0,2,0,2,0,0,0
scclust,0,0,0,0,0,0,0,0,0,0,0,0,0
stepPenal,0,0,0,0,0,0,0,0,0,0,0,0,0
CINNA,1,102628,102628,0,0,0,0,5,5,0,0,0,0
manet,1,866,866,0,0,0,0,2,2,0,0,0,0
micemd,1,227550,227550,0,0,0,0,2,2,0,0,0,0
sarima,0,0,0,0,0,0,0,0,0,0,0,0,0
BayesNetBP,1,24033,24033,0,0,0,0,4,4,0,0,0,0
BioInstaller,0,0,0,0,0,0,0,0,0,0,0,0,0
collapsibleTree,0,0,0,0,0,0,0,0,0,0,0,0,0
Eagle,0,0,0,0,0,0,0,0,0,0,0,0,0
geometa,0,0,0,0,0,0,0,0,0,0,0,0,0
GMSE,0,0,0,0,0,0,0,0,0,0,0,0,0
lidR,0,0,0,0,0,0,0,0,0,0,0,0,0
lmridge,1,288,288,0,0,0,0,1,1,0,0,0,0
rstantools,0,0,0,0,0,0,0,0,0,0,0,0,0
rvinecopulib,0,0,0,0,0,0,0,0,0,0,0,0,0
SSBtools,0,0,0,0,0,0,0,0,0,0,0,0,0
TLMoments,0,0,0,0,0,0,0,0,0,0,0,0,0
quickblock,0,0,0,0,0,0,0,0,0,0,0,0,0
rsolr,0,0,0,0,0,0,0,0,0,0,0,0,0
lagged,0,0,0,0,0,0,0,0,0,0,0,0,0
RLT,0,0,0,0,0,0,0,0,0,0,0,0,0
shinyFeedback,0,0,0,0,0,0,0,0,0,0,0,0,0
censusapi,1,172,0,172,0,0,0,1,0,1,0,0,0
dwapi,0,0,0,0,0,0,0,0,0,0,0,0,0
hrbrthemes,0,0,0,0,0,0,0,0,0,0,0,0,0
IPEC,1,2282,2282,0,0,0,0,2,2,0,0,0,0
mockery,0,0,0,0,0,0,0,0,0,0,0,0,0
sweep,1,106450,106450,0,0,0,0,1,1,0,0,0,0
timetk,0,0,0,0,0,0,0,0,0,0,0,0,0
narray,0,0,0,0,0,0,0,0,0,0,0,0,0
AbSim,0,0,0,0,0,0,0,0,0,0,0,0,0
bigstatsr,0,0,0,0,0,0,0,0,0,0,0,0,0
DMMF,1,123067,123067,0,0,0,0,2,2,0,0,0,0
GPrank,1,3384,0,3384,0,0,0,2,0,2,0,0,0
haploR,0,0,0,0,0,0,0,0,0,0,0,0,0
optrdd,0,0,0,0,0,0,0,0,0,0,0,0,0
textutils,0,0,0,0,0,0,0,0,0,0,0,0,0
batchtools,0,0,0,0,0,0,0,0,0,0,0,0,0
castor,0,0,0,0,0,0,0,0,0,0,0,0,0
datastructures,0,0,0,0,0,0,0,0,0,0,0,0,0
mapedit,0,0,0,0,0,0,0,0,0,0,0,0,0
openEBGM,1,108775,108775,0,0,0,0,2,2,0,0,0,0
processx,0,0,0,0,0,0,0,0,0,0,0,0,0
BMisc,0,0,0,0,0,0,0,0,0,0,0,0,0
cholera,1,228834,0,228834,0,0,0,18,0,18,0,0,0
civis,0,0,0,0,0,0,0,0,0,0,0,0,0
distances,0,0,0,0,0,0,0,0,0,0,0,0,0
vetr,0,0,0,0,0,0,0,0,0,0,0,0,0
LMfilteR,0,0,0,0,0,0,0,0,0,0,0,0,0
powerlmm,0,0,0,0,0,0,0,0,0,0,0,0,0
ProliferativeIndex,1,1223902,1223860,0,0,0,0,4,3,0,0,0,0
snakecase,0,0,0,0,0,0,0,0,0,0,0,0,0
EL2Surv,1,887,887,0,0,0,0,1,1,0,0,0,0
kirby21.base,1,811,811,0,0,0,0,2,2,0,0,0,0
kirby21.fmri,0,0,0,0,0,0,0,0,0,0,0,0,0
kirby21.t1,0,0,0,0,0,0,0,0,0,0,0,0,0
sequoia,1,49633,0,15929,33704,0,0,3,0,1,2,0,0
subprocess,0,0,0,0,0,0,0,0,0,0,0,0,0
genBaRcode,1,10552,10552,0,0,0,0,1,1,0,0,0,0
libstableR,0,0,0,0,0,0,0,0,0,0,0,0,0
MCMCprecision,0,0,0,0,0,0,0,0,0,0,0,0,0
jcolors,0,0,0,0,0,0,0,0,0,0,0,0,0
IDmining,0,0,0,0,0,0,0,0,0,0,0,0,0
PRISMAstatement,0,0,0,0,0,0,0,0,0,0,0,0,0
taxa,1,447689,447689,0,0,0,0,7,7,0,0,0,0
gridsample,0,0,0,0,0,0,0,0,0,0,0,0,0
nsROC,1,340,340,0,0,0,0,1,1,0,0,0,0
roadoi,0,0,0,0,0,0,0,0,0,0,0,0,0
tmaptools,0,0,0,0,0,0,0,0,0,0,0,0,0
coda.base,0,0,0,0,0,0,0,0,0,0,0,0,0
crochet,0,0,0,0,0,0,0,0,0,0,0,0,0
DSAIDE,0,0,0,0,0,0,0,0,0,0,0,0,0
gasfluxes,1,48356,48356,0,0,0,0,1,1,0,0,0,0
MatrixLDA,0,0,0,0,0,0,0,0,0,0,0,0,0
reticulate,0,0,0,0,0,0,0,0,0,0,0,0,0
rPraat,0,0,0,0,0,0,0,0,0,0,0,0,0
simmer.plot,0,0,0,0,0,0,0,0,0,0,0,0,0
ggformula,0,0,0,0,0,0,0,0,0,0,0,0,0
icesTAF,1,1210,1210,0,0,0,0,3,3,0,0,0,0
pre,0,0,0,0,0,0,0,0,0,0,0,0,0
TOSTER,0,0,0,0,0,0,0,0,0,0,0,0,0
bayesplot,0,0,0,0,0,0,0,0,0,0,0,0,0
LncFinder,1,19119,19119,0,0,0,0,3,3,0,0,0,0
colourvision,1,8852,8852,0,0,0,0,3,3,0,0,0,0
hyper2,1,7168,7168,0,0,0,0,4,4,0,0,0,0
flifo,0,0,0,0,0,0,0,0,0,0,0,0,0
gcKrig,1,11401,0,11401,0,0,0,4,0,4,0,0,0
geomerge,1,1528532,0,1528488,0,0,0,2,0,1,0,0,0
janitor,0,0,0,0,0,0,0,0,0,0,0,0,0
statip,0,0,0,0,0,0,0,0,0,0,0,0,0
dotCall64,0,0,0,0,0,0,0,0,0,0,0,0,0
reghelper,0,0,0,0,0,0,0,0,0,0,0,0,0
sylly,0,0,0,0,0,0,0,0,0,0,0,0,0
makedummies,0,0,0,0,0,0,0,0,0,0,0,0,0
woeBinning,1,14499,0,14499,0,0,0,1,0,1,0,0,0
CBCgrps,1,32573,32573,0,0,0,0,1,1,0,0,0,0
CSeqpat,0,0,0,0,0,0,0,0,0,0,0,0,0
aws.ec2metadata,0,0,0,0,0,0,0,0,0,0,0,0,0
errors,0,0,0,0,0,0,0,0,0,0,0,0,0
GPoM,1,962518,962518,0,0,0,0,7,7,0,0,0,0
projmanr,1,598,598,0,0,0,0,2,2,0,0,0,0
regplot,0,0,0,0,0,0,0,0,0,0,0,0,0
dbplyr,0,0,0,0,0,0,0,0,0,0,0,0,0
netCoin,1,1161,0,1161,0,0,0,2,0,2,0,0,0
oddsratio,0,0,0,0,0,0,0,0,0,0,0,0,0
shinyjqui,0,0,0,0,0,0,0,0,0,0,0,0,0
simglm,0,0,0,0,0,0,0,0,0,0,0,0,0
textTinyR,0,0,0,0,0,0,0,0,0,0,0,0,0
anMC,0,0,0,0,0,0,0,0,0,0,0,0,0
safer,0,0,0,0,0,0,0,0,0,0,0,0,0
mapsapi,1,17772,0,17772,0,0,0,2,0,2,0,0,0
nmaINLA,1,8921,8921,0,0,0,0,14,14,0,0,0,0
officer,0,0,0,0,0,0,0,0,0,0,0,0,0
textclean,1,529,529,0,0,0,0,1,1,0,0,0,0
WordR,0,0,0,0,0,0,0,0,0,0,0,0,0
ggiraphExtra,1,1926,1926,0,0,0,0,3,3,0,0,0,0
MSbox,0,0,0,0,0,0,0,0,0,0,0,0,0
survutils,0,0,0,0,0,0,0,0,0,0,0,0,0
BAMBI,1,7351,7351,0,0,0,0,2,2,0,0,0,0
ggpval,0,0,0,0,0,0,0,0,0,0,0,0,0
wdman,0,0,0,0,0,0,0,0,0,0,0,0,0
BALCONY,1,73230,0,73230,0,0,0,4,0,4,0,0,0
ggstance,0,0,0,0,0,0,0,0,0,0,0,0,0
lumberjack,0,0,0,0,0,0,0,0,0,0,0,0,0
Seurat,1,188788,188788,0,0,0,0,2,2,0,0,0,0
spind,1,27741,27741,0,0,0,0,3,3,0,0,0,0
spm,1,2583340,2583281,0,0,0,0,8,7,0,0,0,0
vagalumeR,0,0,0,0,0,0,0,0,0,0,0,0,0
blastula,0,0,0,0,0,0,0,0,0,0,0,0,0
ncar,1,1683,1683,0,0,0,0,1,1,0,0,0,0
NonCompart,0,0,0,0,0,0,0,0,0,0,0,0,0
rwalkr,0,0,0,0,0,0,0,0,0,0,0,0,0
binman,0,0,0,0,0,0,0,0,0,0,0,0,0
CNLTreg,0,0,0,0,0,0,0,0,0,0,0,0,0
CNLTtsa,1,57540,57540,0,0,0,0,2,2,0,0,0,0
future.batchtools,0,0,0,0,0,0,0,0,0,0,0,0,0
qqplotr,0,0,0,0,0,0,0,0,0,0,0,0,0
rmpw,1,16146,16146,0,0,0,0,1,1,0,0,0,0
SmoothWin,0,0,0,0,0,0,0,0,0,0,0,0,0
CATkit,0,0,0,0,0,0,0,0,0,0,0,0,0
CodeDepends,0,0,0,0,0,0,0,0,0,0,0,0,0
dgo,1,675551,675551,0,0,0,0,2,2,0,0,0,0
easyDes,0,0,0,0,0,0,0,0,0,0,0,0,0
glue,0,0,0,0,0,0,0,0,0,0,0,0,0
pinp,0,0,0,0,0,0,0,0,0,0,0,0,0
rmda,1,15990,15990,0,0,0,0,2,2,0,0,0,0
RTransProb,1,20034,0,20034,0,0,0,4,0,4,0,0,0
scatterpie,0,0,0,0,0,0,0,0,0,0,0,0,0
BayesianTools,0,0,0,0,0,0,0,0,0,0,0,0,0
beyondWhittle,0,0,0,0,0,0,0,0,0,0,0,0,0
DendroSync,1,44177,0,0,0,0,44177,1,0,0,0,0,1
GCalignR,1,478753,0,478753,0,0,0,3,0,3,0,0,0
keyring,0,0,0,0,0,0,0,0,0,0,0,0,0
ordinalForest,1,3766,3766,0,0,0,0,1,1,0,0,0,0
spacyr,1,4089,4089,0,0,0,0,2,2,0,0,0,0
WRTDStidal,1,535494,0,535494,0,0,0,6,0,6,0,0,0
benchr,0,0,0,0,0,0,0,0,0,0,0,0,0
GreedyExperimentalDesign,1,6644,0,6644,0,0,0,1,0,1,0,0,0
MODIStsp,0,0,0,0,0,0,0,0,0,0,0,0,0
Rlinsolve,0,0,0,0,0,0,0,0,0,0,0,0,0
SpaDES.tools,0,0,0,0,0,0,0,0,0,0,0,0,0
FRK,1,2503300,2503254,0,0,0,0,5,4,0,0,0,0
htree,1,28490,28490,0,0,0,0,2,2,0,0,0,0
incadata,1,106047,106047,0,0,0,0,1,1,0,0,0,0
Rlda,1,27142,27142,0,0,0,0,3,3,0,0,0,0
gemlog,1,3438,0,3438,0,0,0,1,0,1,0,0,0
MAGNAMWAR,1,24380,24380,0,0,0,0,8,8,0,0,0,0
qGaussian,0,0,0,0,0,0,0,0,0,0,0,0,0
spass,0,0,0,0,0,0,0,0,0,0,0,0,0
desctable,0,0,0,0,0,0,0,0,0,0,0,0,0
polyPK,1,38234,38234,0,0,0,0,8,8,0,0,0,0
bayesDP,0,0,0,0,0,0,0,0,0,0,0,0,0
cetcolor,1,119784,119784,0,0,0,0,1,1,0,0,0,0
crul,0,0,0,0,0,0,0,0,0,0,0,0,0
MetaSubtract,0,0,0,0,0,0,0,0,0,0,0,0,0
pdfsearch,0,0,0,0,0,0,0,0,0,0,0,0,0
qicharts2,1,19322,19322,0,0,0,0,5,5,0,0,0,0
rhoR,1,658,247,0,0,0,411,4,2,0,0,0,2
spelling,0,0,0,0,0,0,0,0,0,0,0,0,0
phylopath,1,7783,7783,0,0,0,0,2,2,0,0,0,0
ggforce,0,0,0,0,0,0,0,0,0,0,0,0,0
ggraph,1,10216,10216,0,0,0,0,3,3,0,0,0,0
AcousticNDLCodeR,1,354636,354636,0,0,0,0,1,1,0,0,0,0
CytobankAPI,0,0,0,0,0,0,0,0,0,0,0,0,0
docxtools,0,0,0,0,0,0,0,0,0,0,0,0,0
ggfittext,0,0,0,0,0,0,0,0,0,0,0,0,0
bmixture,1,811,0,811,0,0,0,1,0,1,0,0,0
permDep,0,0,0,0,0,0,0,0,0,0,0,0,0
satscanMapper,1,1079019,1078927,0,0,0,0,9,8,0,0,0,0
GADMTools,0,0,0,0,0,0,0,0,0,0,0,0,0
kernelboot,0,0,0,0,0,0,0,0,0,0,0,0,0
visdat,1,113637,113637,0,0,0,0,2,2,0,0,0,0
DatabionicSwarm,1,10562,10562,0,0,0,0,1,1,0,0,0,0
GeneralizedUmatrix,1,10569,10569,0,0,0,0,1,1,0,0,0,0
ggedit,1,41520,41520,0,0,0,0,5,5,0,0,0,0
glmmTMB,1,9613,9613,0,0,0,0,3,3,0,0,0,0
processmapR,0,0,0,0,0,0,0,0,0,0,0,0,0
spup,1,177689,0,177689,0,0,0,7,0,7,0,0,0
disco,1,1195166,1195156,0,0,0,0,2,1,0,0,0,0
drtmle,0,0,0,0,0,0,0,0,0,0,0,0,0
neatmaps,1,3158,3158,0,0,0,0,3,3,0,0,0,0
simule,1,306414,306414,0,0,0,0,1,1,0,0,0,0
bupaR,0,0,0,0,0,0,0,0,0,0,0,0,0
GenomicMating,0,0,0,0,0,0,0,0,0,0,0,0,0
ImputeRobust,1,11592,11592,0,0,0,0,2,2,0,0,0,0
biolink,0,0,0,0,0,0,0,0,0,0,0,0,0
crplyr,0,0,0,0,0,0,0,0,0,0,0,0,0
expint,0,0,0,0,0,0,0,0,0,0,0,0,0
learnr,0,0,0,0,0,0,0,0,0,0,0,0,0
mfe,0,0,0,0,0,0,0,0,0,0,0,0,0
multicmp,1,183,0,183,0,0,0,1,0,1,0,0,0
pool,0,0,0,0,0,0,0,0,0,0,0,0,0
SCORPIUS,1,2550936,2550928,0,0,0,0,2,1,0,0,0,0
support.BWS2,0,0,0,0,0,0,0,0,0,0,0,0,0
taxlist,1,116137,116137,0,0,0,0,1,1,0,0,0,0
vegtable,1,242706,242706,0,0,0,0,4,4,0,0,0,0
cld3,0,0,0,0,0,0,0,0,0,0,0,0,0
dynOmics,1,17370,0,17347,0,0,0,2,0,1,0,0,0
prioritizr,0,0,0,0,0,0,0,0,0,0,0,0,0
raptr,1,2924861,2924824,0,0,0,0,6,5,0,0,0,0
ropercenter,0,0,0,0,0,0,0,0,0,0,0,0,0
SimMultiCorrData,1,2327,2327,0,0,0,0,2,2,0,0,0,0
colordistance,0,0,0,0,0,0,0,0,0,0,0,0,0
CytobankAPIstats,0,0,0,0,0,0,0,0,0,0,0,0,0
dng,0,0,0,0,0,0,0,0,0,0,0,0,0
GBJ,1,4322,4322,0,0,0,0,2,2,0,0,0,0
ClusterBootstrap,1,719,719,0,0,0,0,1,1,0,0,0,0
fetchR,0,0,0,0,0,0,0,0,0,0,0,0,0
jpmesh,1,1786,1786,0,0,0,0,1,1,0,0,0,0
padr,1,1262983,1262966,0,0,0,0,3,2,0,0,0,0
treeDA,1,41067,0,41067,0,0,0,1,0,1,0,0,0
unpivotr,1,1551,1551,0,0,0,0,1,1,0,0,0,0
catcont,0,0,0,0,0,0,0,0,0,0,0,0,0
cellWise,1,372259,0,372259,0,0,0,3,0,3,0,0,0
multinet,0,0,0,0,0,0,0,0,0,0,0,0,0
phylogram,0,0,0,0,0,0,0,0,0,0,0,0,0
coreCT,1,326122,0,326122,0,0,0,1,0,1,0,0,0
mosaicCore,0,0,0,0,0,0,0,0,0,0,0,0,0
patternplot,0,0,0,0,0,0,0,0,0,0,0,0,0
RIA,1,9908,9908,0,0,0,0,3,3,0,0,0,0
splot,0,0,0,0,0,0,0,0,0,0,0,0,0
hexSticker,0,0,0,0,0,0,0,0,0,0,0,0,0
KnowBR,1,1075672,0,1075656,0,0,0,3,0,2,0,0,0
subscreen,0,0,0,0,0,0,0,0,0,0,0,0,0
BUCSS,0,0,0,0,0,0,0,0,0,0,0,0,0
fastDummies,1,496252,496252,0,0,0,0,1,1,0,0,0,0
googleLanguageR,0,0,0,0,0,0,0,0,0,0,0,0,0
LEGIT,0,0,0,0,0,0,0,0,0,0,0,0,0
mlrMBO,0,0,0,0,0,0,0,0,0,0,0,0,0
tidyxl,0,0,0,0,0,0,0,0,0,0,0,0,0
momentuHMM,1,589060,0,589060,0,0,0,1,0,1,0,0,0
womblR,1,2143,0,2143,0,0,0,5,0,5,0,0,0
chinese.misc,0,0,0,0,0,0,0,0,0,0,0,0,0
cstab,1,7877,0,7877,0,0,0,1,0,1,0,0,0
ggimage,0,0,0,0,0,0,0,0,0,0,0,0,0
prodest,1,62887,62887,0,0,0,0,1,1,0,0,0,0
rdiversity,0,0,0,0,0,0,0,0,0,0,0,0,0
spam64,0,0,0,0,0,0,0,0,0,0,0,0,0
uptasticsearch,0,0,0,0,0,0,0,0,0,0,0,0,0
ahnr,0,0,0,0,0,0,0,0,0,0,0,0,0
asciiSetupReader,0,0,0,0,0,0,0,0,0,0,0,0,0
bayeslm,0,0,0,0,0,0,0,0,0,0,0,0,0
CircularDDM,0,0,0,0,0,0,0,0,0,0,0,0,0
MetaComp,0,0,0,0,0,0,0,0,0,0,0,0,0
fuser,0,0,0,0,0,0,0,0,0,0,0,0,0
walrus,0,0,0,0,0,0,0,0,0,0,0,0,0
AdhereR,1,7554,7554,0,0,0,0,1,1,0,0,0,0
bsamGP,1,193448,0,193448,0,0,0,5,0,5,0,0,0
loder,0,0,0,0,0,0,0,0,0,0,0,0,0
MultisiteMediation,1,6563,0,0,0,6563,0,1,0,0,0,1,0
prophet,0,0,0,0,0,0,0,0,0,0,0,0,0
jpndistrict,1,1974,1974,0,0,0,0,1,1,0,0,0,0
lingtypology,1,249666,0,249666,0,0,0,3,0,3,0,0,0
tuckerR.mmgg,1,2018,2018,0,0,0,0,1,1,0,0,0,0
ROpenDota,0,0,0,0,0,0,0,0,0,0,0,0,0
beginr,0,0,0,0,0,0,0,0,0,0,0,0,0
diceR,1,628100,628100,0,0,0,0,1,1,0,0,0,0
jwutil,0,0,0,0,0,0,0,0,0,0,0,0,0
leaflet.minicharts,1,334604,334604,0,0,0,0,2,2,0,0,0,0
manipulateWidget,0,0,0,0,0,0,0,0,0,0,0,0,0
ompr,0,0,0,0,0,0,0,0,0,0,0,0,0
ompr.roi,0,0,0,0,0,0,0,0,0,0,0,0,0
rclimateca,1,247252,247252,0,0,0,0,1,1,0,0,0,0
StatCharrms,1,4232,4232,0,0,0,0,3,3,0,0,0,0
teachingApps,0,0,0,0,0,0,0,0,0,0,0,0,0
odbc,0,0,0,0,0,0,0,0,0,0,0,0,0
bivrp,0,0,0,0,0,0,0,0,0,0,0,0,0
briskaR,1,1878244,1878109,0,0,0,0,5,4,0,0,0,0
ConR,1,2384280,0,2384223,0,0,0,5,0,4,0,0,0
fst,0,0,0,0,0,0,0,0,0,0,0,0,0
LAM,1,1645,1645,0,0,0,0,1,1,0,0,0,0
mixR,1,1402,0,1402,0,0,0,2,0,2,0,0,0
RegularizedSCA,1,2015,2015,0,0,0,0,1,1,0,0,0,0
textshape,1,62045,62045,0,0,0,0,3,3,0,0,0,0
tigreBrowserWriter,0,0,0,0,0,0,0,0,0,0,0,0,0
wikilake,1,8303,8303,0,0,0,0,1,1,0,0,0,0
SPAtest,0,0,0,0,0,0,0,0,0,0,0,0,0
alterryx,0,0,0,0,0,0,0,0,0,0,0,0,0
networktools,1,8599,8599,0,0,0,0,2,2,0,0,0,0
powerCompRisk,0,0,0,0,0,0,0,0,0,0,0,0,0
Tcomp,1,313505,313505,0,0,0,0,2,2,0,0,0,0
pkr,0,0,0,0,0,0,0,0,0,0,0,0,0
qrcmNP,0,0,0,0,0,0,0,0,0,0,0,0,0
rwc,0,0,0,0,0,0,0,0,0,0,0,0,0
tangram,1,11514,11514,0,0,0,0,1,1,0,0,0,0
excerptr,0,0,0,0,0,0,0,0,0,0,0,0,0
LocalControl,1,54085,54085,0,0,0,0,3,3,0,0,0,0
shinymaterial,0,0,0,0,0,0,0,0,0,0,0,0,0
hmi,0,0,0,0,0,0,0,0,0,0,0,0,0
PSTR,1,174125,174125,0,0,0,0,1,1,0,0,0,0
sitreeE,0,0,0,0,0,0,0,0,0,0,0,0,0
welchADF,1,3573,0,3573,0,0,0,4,0,4,0,0,0
metaforest,0,0,0,0,0,0,0,0,0,0,0,0,0
redux,0,0,0,0,0,0,0,0,0,0,0,0,0
graphkernels,1,31588,0,31588,0,0,0,1,0,1,0,0,0
purrrlyr,0,0,0,0,0,0,0,0,0,0,0,0,0
ramcmc,0,0,0,0,0,0,0,0,0,0,0,0,0
RatingScaleReduction,0,0,0,0,0,0,0,0,0,0,0,0,0
RchivalTag,0,0,0,0,0,0,0,0,0,0,0,0,0
rdwd,1,733072,733072,0,0,0,0,4,4,0,0,0,0
StructFDR,0,0,0,0,0,0,0,0,0,0,0,0,0
DClusterm,1,480188,0,480188,0,0,0,3,0,3,0,0,0
joineRML,1,980999,980999,0,0,0,0,4,4,0,0,0,0
qgam,1,67483,0,67483,0,0,0,1,0,1,0,0,0
RHMS,1,3085,3085,0,0,0,0,1,1,0,0,0,0
MetaLonDA,1,1424,0,1424,0,0,0,1,0,1,0,0,0
aws.s3,0,0,0,0,0,0,0,0,0,0,0,0,0
clampSeg,1,70784,0,70784,0,0,0,1,0,1,0,0,0
DisHet,0,0,0,0,0,0,0,0,0,0,0,0,0
edgarWebR,0,0,0,0,0,0,0,0,0,0,0,0,0
PeakSegOptimal,1,99620,0,99620,0,0,0,2,0,2,0,0,0
BiDAG,1,22612,22612,0,0,0,0,2,2,0,0,0,0
DPP,0,0,0,0,0,0,0,0,0,0,0,0,0
lvec,0,0,0,0,0,0,0,0,0,0,0,0,0
neurohcp,1,277813,277813,0,0,0,0,2,2,0,0,0,0
bssm,1,8522,8522,0,0,0,0,3,3,0,0,0,0
frailtyEM,0,0,0,0,0,0,0,0,0,0,0,0,0
ukbtools,1,360459,360459,0,0,0,0,5,5,0,0,0,0
unsystation,0,0,0,0,0,0,0,0,0,0,0,0,0
ALA4R,1,16786,0,16786,0,0,0,1,0,1,0,0,0
genotypeR,1,5618,5618,0,0,0,0,2,2,0,0,0,0
ICtest,0,0,0,0,0,0,0,0,0,0,0,0,0
margins,1,2927,2927,0,0,0,0,1,1,0,0,0,0
microPop,1,6870,0,6870,0,0,0,18,0,18,0,0,0
philentropy,0,0,0,0,0,0,0,0,0,0,0,0,0
prediction,0,0,0,0,0,0,0,0,0,0,0,0,0
quadprogXT,0,0,0,0,0,0,0,0,0,0,0,0,0
regnet,1,464961,464961,0,0,0,0,1,1,0,0,0,0
templates,0,0,0,0,0,0,0,0,0,0,0,0,0
ziphsmm,1,8353,0,8353,0,0,0,1,0,1,0,0,0
AIG,0,0,0,0,0,0,0,0,0,0,0,0,0
easycsv,0,0,0,0,0,0,0,0,0,0,0,0,0
kableExtra,0,0,0,0,0,0,0,0,0,0,0,0,0
tabularaster,1,468309,468309,0,0,0,0,5,5,0,0,0,0
MAVE,0,0,0,0,0,0,0,0,0,0,0,0,0
HURDAT,1,463054,463054,0,0,0,0,2,2,0,0,0,0
kutils,1,34240,0,34240,0,0,0,1,0,1,0,0,0
StepSignalMargiLike,0,0,0,0,0,0,0,0,0,0,0,0,0
CrossValidate,0,0,0,0,0,0,0,0,0,0,0,0,0
GAparsimony,0,0,0,0,0,0,0,0,0,0,0,0,0
ggjoy,1,8092,8092,0,0,0,0,1,1,0,0,0,0
Modeler,0,0,0,0,0,0,0,0,0,0,0,0,0
randgeo,0,0,0,0,0,0,0,0,0,0,0,0,0
rdist,0,0,0,0,0,0,0,0,0,0,0,0,0
rsurface,1,279,0,279,0,0,0,1,0,1,0,0,0
SIBERG,1,13617,13617,0,0,0,0,1,1,0,0,0,0
simsurv,0,0,0,0,0,0,0,0,0,0,0,0,0
Umpire,0,0,0,0,0,0,0,0,0,0,0,0,0
ClassComparison,0,0,0,0,0,0,0,0,0,0,0,0,0
datadogr,0,0,0,0,0,0,0,0,0,0,0,0,0
diffusr,0,0,0,0,0,0,0,0,0,0,0,0,0
implyr,0,0,0,0,0,0,0,0,0,0,0,0,0
oompaBase,0,0,0,0,0,0,0,0,0,0,0,0,0
Polychrome,1,4740,4740,0,0,0,0,4,4,0,0,0,0
PreProcess,0,0,0,0,0,0,0,0,0,0,0,0,0
TailRank,0,0,0,0,0,0,0,0,0,0,0,0,0
tukeytrend,0,0,0,0,0,0,0,0,0,0,0,0,0
ChoR,0,0,0,0,0,0,0,0,0,0,0,0,0
datasus,0,0,0,0,0,0,0,0,0,0,0,0,0
rust,0,0,0,0,0,0,0,0,0,0,0,0,0
HTSSIP,1,2796997,2796916,0,0,0,0,7,6,0,0,0,0
missRanger,0,0,0,0,0,0,0,0,0,0,0,0,0
PBNPA,0,0,0,0,0,0,0,0,0,0,0,0,0
vortexR,1,474704,474704,0,0,0,0,11,11,0,0,0,0
base64url,0,0,0,0,0,0,0,0,0,0,0,0,0
ffstream,0,0,0,0,0,0,0,0,0,0,0,0,0
MTA,1,250264,0,250264,0,0,0,1,0,1,0,0,0
rbi,0,0,0,0,0,0,0,0,0,0,0,0,0
treespace,1,713920,0,713920,0,0,0,5,0,5,0,0,0
mltools,1,600,600,0,0,0,0,2,2,0,0,0,0
ASIP,0,0,0,0,0,0,0,0,0,0,0,0,0
cld2,0,0,0,0,0,0,0,0,0,0,0,0,0
dartR,1,44824,44824,0,0,0,0,1,1,0,0,0,0
Knoema,0,0,0,0,0,0,0,0,0,0,0,0,0
MEclustnet,1,8384,8384,0,0,0,0,6,6,0,0,0,0
openSTARS,0,0,0,0,0,0,0,0,0,0,0,0,0
Select,0,0,0,0,0,0,0,0,0,0,0,0,0
shiny.semantic,0,0,0,0,0,0,0,0,0,0,0,0,0
blandr,1,1028,1028,0,0,0,0,2,2,0,0,0,0
MVisAGe,1,1004998,1004998,0,0,0,0,1,1,0,0,0,0
readtext,1,814,0,814,0,0,0,1,0,1,0,0,0
ROI.plugin.alabama,0,0,0,0,0,0,0,0,0,0,0,0,0
writexl,0,0,0,0,0,0,0,0,0,0,0,0,0
BIEN,0,0,0,0,0,0,0,0,0,0,0,0,0
tidyquant,0,0,0,0,0,0,0,0,0,0,0,0,0
coga,0,0,0,0,0,0,0,0,0,0,0,0,0
DescriptiveStats.OBeu,1,58609,0,58609,0,0,0,3,0,3,0,0,0
gdpc,1,149793,149793,0,0,0,0,2,2,0,0,0,0
LeArEst,0,0,0,0,0,0,0,0,0,0,0,0,0
preference,1,698,698,0,0,0,0,2,2,0,0,0,0
CondIndTests,0,0,0,0,0,0,0,0,0,0,0,0,0
dlib,0,0,0,0,0,0,0,0,0,0,0,0,0
gWQS,1,135170,0,135170,0,0,0,1,0,1,0,0,0
lmvar,0,0,0,0,0,0,0,0,0,0,0,0,0
nardl,1,1156,1156,0,0,0,0,1,1,0,0,0,0
sensors4plumes,1,546006,546006,0,0,0,0,14,14,0,0,0,0
imagine,1,720246,0,720246,0,0,0,1,0,1,0,0,0
optional,0,0,0,0,0,0,0,0,0,0,0,0,0
FactoInvestigate,0,0,0,0,0,0,0,0,0,0,0,0,0
pbdRPC,0,0,0,0,0,0,0,0,0,0,0,0,0
rpms,1,261790,261790,0,0,0,0,1,1,0,0,0,0
DAC,1,1139,1139,0,0,0,0,1,1,0,0,0,0
olsrr,1,4994,4994,0,0,0,0,5,5,0,0,0,0
ProjectionBasedClustering,1,8040,8040,0,0,0,0,2,2,0,0,0,0
SurvDisc,1,2783431,2783264,0,0,0,0,3,2,0,0,0,0
glm.predict,0,0,0,0,0,0,0,0,0,0,0,0,0
jsonld,0,0,0,0,0,0,0,0,0,0,0,0,0
weco,0,0,0,0,0,0,0,0,0,0,0,0,0
AR,0,0,0,0,0,0,0,0,0,0,0,0,0
mrbsizeR,0,0,0,0,0,0,0,0,0,0,0,0,0
PLMIX,1,131961,0,131961,0,0,0,5,0,5,0,0,0
PLmixed,1,1049488,1049452,0,0,0,0,5,4,0,0,0,0
pointblank,0,0,0,0,0,0,0,0,0,0,0,0,0
RAC,0,0,0,0,0,0,0,0,0,0,0,0,0
brt,0,0,0,0,0,0,0,0,0,0,0,0,0
estprod,1,94944,94944,0,0,0,0,1,1,0,0,0,0
IMIFA,1,12124,12124,0,0,0,0,2,2,0,0,0,0
Jdmbs,1,433,433,0,0,0,0,1,1,0,0,0,0
nprobust,0,0,0,0,0,0,0,0,0,0,0,0,0
sbart,0,0,0,0,0,0,0,0,0,0,0,0,0
BBMV,0,0,0,0,0,0,0,0,0,0,0,0,0
convexjlr,0,0,0,0,0,0,0,0,0,0,0,0,0
predtoolsTS,0,0,0,0,0,0,0,0,0,0,0,0,0
sqlscore,0,0,0,0,0,0,0,0,0,0,0,0,0
mathpix,0,0,0,0,0,0,0,0,0,0,0,0,0
mrgsolve,1,11085,0,11085,0,0,0,6,0,6,0,0,0
vdiffr,0,0,0,0,0,0,0,0,0,0,0,0,0
FHDI,0,0,0,0,0,0,0,0,0,0,0,0,0
SpatialFloor,0,0,0,0,0,0,0,0,0,0,0,0,0
edpclient,0,0,0,0,0,0,0,0,0,0,0,0,0
enviGCMS,0,0,0,0,0,0,0,0,0,0,0,0,0
lavaanPlot,0,0,0,0,0,0,0,0,0,0,0,0,0
MiRKAT,1,38753,38753,0,0,0,0,3,3,0,0,0,0
MittagLeffleR,0,0,0,0,0,0,0,0,0,0,0,0,0
nowcasting,1,8507,8507,0,0,0,0,1,1,0,0,0,0
survivALL,1,354852,354852,0,0,0,0,1,1,0,0,0,0
worms,1,12067,12067,0,0,0,0,1,1,0,0,0,0
EpiCurve,0,0,0,0,0,0,0,0,0,0,0,0,0
MARX,1,25274,25274,0,0,0,0,1,1,0,0,0,0
VarReg,1,1555,710,845,0,0,0,2,1,1,0,0,0
APML0,0,0,0,0,0,0,0,0,0,0,0,0,0
komadown,0,0,0,0,0,0,0,0,0,0,0,0,0
leaflet.esri,0,0,0,0,0,0,0,0,0,0,0,0,0
rpql,0,0,0,0,0,0,0,0,0,0,0,0,0
leaflet.extras,0,0,0,0,0,0,0,0,0,0,0,0,0
s2,0,0,0,0,0,0,0,0,0,0,0,0,0
interflex,1,22220,0,22220,0,0,0,1,0,1,0,0,0
utilsIPEA,1,4766058,4766046,0,0,0,0,2,1,0,0,0,0
wiqid,1,7486,7486,0,0,0,0,11,11,0,0,0,0
ClusVis,0,0,0,0,0,0,0,0,0,0,0,0,0
denseFLMM,0,0,0,0,0,0,0,0,0,0,0,0,0
mschart,1,1284,1284,0,0,0,0,2,2,0,0,0,0
esmprep,1,58836,58836,0,0,0,0,17,17,0,0,0,0
HiCblock,1,2532872,0,2532860,0,0,0,2,0,1,0,0,0
HiCglmi,1,2547180,0,2547168,0,0,0,2,0,1,0,0,0
stampr,1,656471,14502,641969,0,0,0,6,1,5,0,0,0
bioOED,0,0,0,0,0,0,0,0,0,0,0,0,0
genderBR,0,0,0,0,0,0,0,0,0,0,0,0,0
uncmbb,1,31036,31036,0,0,0,0,2,2,0,0,0,0
brglm2,1,3164,3164,0,0,0,0,3,3,0,0,0,0
classiFunc,1,68976,68976,0,0,0,0,2,2,0,0,0,0
corehunter,0,0,0,0,0,0,0,0,0,0,0,0,0
meltt,1,5980,5980,0,0,0,0,1,1,0,0,0,0
sglg,0,0,0,0,0,0,0,0,0,0,0,0,0
foghorn,0,0,0,0,0,0,0,0,0,0,0,0,0
yesno,0,0,0,0,0,0,0,0,0,0,0,0,0
fpp2,1,306033,306033,0,0,0,0,33,33,0,0,0,0
gldrm,0,0,0,0,0,0,0,0,0,0,0,0,0
MultiVarSel,1,217606,217606,0,0,0,0,1,1,0,0,0,0
survtmle,1,304152,0,304152,0,0,0,2,0,2,0,0,0
tsensembler,1,12802,0,12802,0,0,0,1,0,1,0,0,0
bioimagetools,0,0,0,0,0,0,0,0,0,0,0,0,0
di,0,0,0,0,0,0,0,0,0,0,0,0,0
snpReady,1,90340,90340,0,0,0,0,2,2,0,0,0,0
nmw,0,0,0,0,0,0,0,0,0,0,0,0,0
swmmr,0,0,0,0,0,0,0,0,0,0,0,0,0
AnnotationBustR,1,3884,0,3884,0,0,0,3,0,3,0,0,0
esvis,1,625782,625782,0,0,0,0,2,2,0,0,0,0
SentimentAnalysis,1,26969,26969,0,0,0,0,3,3,0,0,0,0
spc4sts,0,0,0,0,0,0,0,0,0,0,0,0,0
textstem,1,68812,68812,0,0,0,0,2,2,0,0,0,0
ggconf,0,0,0,0,0,0,0,0,0,0,0,0,0
liureg,1,288,288,0,0,0,0,1,1,0,0,0,0
ReinforcementLearning,1,896821,896821,0,0,0,0,1,1,0,0,0,0
tint,0,0,0,0,0,0,0,0,0,0,0,0,0
alfred,0,0,0,0,0,0,0,0,0,0,0,0,0
eply,0,0,0,0,0,0,0,0,0,0,0,0,0
RWildbook,1,592442,592442,0,0,0,0,2,2,0,0,0,0
bsplus,0,0,0,0,0,0,0,0,0,0,0,0,0
kernplus,1,32107,32107,0,0,0,0,1,1,0,0,0,0
bigKRLS,0,0,0,0,0,0,0,0,0,0,0,0,0
data.world,0,0,0,0,0,0,0,0,0,0,0,0,0
factorMerger,1,1897378,1897364,0,0,0,0,3,2,0,0,0,0
fbar,1,65998,65998,0,0,0,0,2,2,0,0,0,0
ForestTools,1,363425,363425,0,0,0,0,4,4,0,0,0,0
APfun,0,0,0,0,0,0,0,0,0,0,0,0,0
epidata,0,0,0,0,0,0,0,0,0,0,0,0,0
toxplot,1,9594,9594,0,0,0,0,2,2,0,0,0,0
UncertainInterval,0,0,0,0,0,0,0,0,0,0,0,0,0
sparseFLMM,1,220425,0,220425,0,0,0,2,0,2,0,0,0
cvequality,0,0,0,0,0,0,0,0,0,0,0,0,0
errorlocate,0,0,0,0,0,0,0,0,0,0,0,0,0
mstR,0,0,0,0,0,0,0,0,0,0,0,0,0
normalr,0,0,0,0,0,0,0,0,0,0,0,0,0
bindrcpp,0,0,0,0,0,0,0,0,0,0,0,0,0
geofacet,1,18331,18331,0,0,0,0,21,21,0,0,0,0
phantom,1,1639469,0,1639389,0,0,0,6,0,5,0,0,0
SeqKat,0,0,0,0,0,0,0,0,0,0,0,0,0
encode,0,0,0,0,0,0,0,0,0,0,0,0,0
productivity,1,48360,48360,0,0,0,0,1,1,0,0,0,0
SubTite,0,0,0,0,0,0,0,0,0,0,0,0,0
bairt,1,3966,3966,0,0,0,0,1,1,0,0,0,0
dfped,0,0,0,0,0,0,0,0,0,0,0,0,0
ssc,1,128087,0,128087,0,0,0,2,0,2,0,0,0
quotedargs,0,0,0,0,0,0,0,0,0,0,0,0,0
blob,0,0,0,0,0,0,0,0,0,0,0,0,0
interp,1,2014,2014,0,0,0,0,1,1,0,0,0,0
orthoDr,1,76035,0,76035,0,0,0,2,0,2,0,0,0
windfarmGA,0,0,0,0,0,0,0,0,0,0,0,0,0
DMRnet,1,21345,0,21345,0,0,0,2,0,2,0,0,0
sfdct,1,913204,913204,0,0,0,0,3,3,0,0,0,0
DPWeibull,1,880,880,0,0,0,0,1,1,0,0,0,0
GPGame,0,0,0,0,0,0,0,0,0,0,0,0,0
SetTest,0,0,0,0,0,0,0,0,0,0,0,0,0
AdapSamp,0,0,0,0,0,0,0,0,0,0,0,0,0
horserule,0,0,0,0,0,0,0,0,0,0,0,0,0
incR,1,41325,41325,0,0,0,0,3,3,0,0,0,0
RNRCS,1,1630,1630,0,0,0,0,1,1,0,0,0,0
descriptr,1,1700,1700,0,0,0,0,1,1,0,0,0,0
eventdataR,1,2044688,2044569,0,0,0,0,8,7,0,0,0,0
rarhsmm,1,90522,0,90522,0,0,0,1,0,1,0,0,0
gamRR,0,0,0,0,0,0,0,0,0,0,0,0,0
metScanR,1,369336,369336,0,0,0,0,3,3,0,0,0,0
RNAsmc,1,3844,0,0,0,3844,0,7,0,0,0,7,0
g2f,0,0,0,0,0,0,0,0,0,0,0,0,0
QuantTools,1,4735762,0,4735756,0,0,0,2,0,1,0,0,0
Rgb,1,106456,106456,0,0,0,0,1,1,0,0,0,0
datetime,0,0,0,0,0,0,0,0,0,0,0,0,0
splithalf,1,4018,0,4018,0,0,0,2,0,2,0,0,0
survidm,1,29841,29841,0,0,0,0,3,3,0,0,0,0
wpp2017,1,11729897,0,0,11723363,0,0,89,0,0,43,0,0
EthSEQ,0,0,0,0,0,0,0,0,0,0,0,0,0
metaviz,1,1307,1307,0,0,0,0,1,1,0,0,0,0
MonteCarlo,0,0,0,0,0,0,0,0,0,0,0,0,0
rdlocrand,0,0,0,0,0,0,0,0,0,0,0,0,0
adaptiveGPCA,1,734043,0,734043,0,0,0,2,0,2,0,0,0
gfmR,0,0,0,0,0,0,0,0,0,0,0,0,0
patentsview,1,8213,8213,0,0,0,0,1,1,0,0,0,0
assignPOP,0,0,0,0,0,0,0,0,0,0,0,0,0
bindr,0,0,0,0,0,0,0,0,0,0,0,0,0
pacotest,0,0,0,0,0,0,0,0,0,0,0,0,0
xtractomatic,1,51132,51132,0,0,0,0,2,2,0,0,0,0
aniDom,0,0,0,0,0,0,0,0,0,0,0,0,0
gfer,0,0,0,0,0,0,0,0,0,0,0,0,0
widyr,0,0,0,0,0,0,0,0,0,0,0,0,0
datetimeutils,0,0,0,0,0,0,0,0,0,0,0,0,0
Rcriticor,1,60678,60678,0,0,0,0,5,5,0,0,0,0
rmonad,0,0,0,0,0,0,0,0,0,0,0,0,0
sim1000G,0,0,0,0,0,0,0,0,0,0,0,0,0
cronR,0,0,0,0,0,0,0,0,0,0,0,0,0
EpiILM,1,1313,0,0,0,1313,0,1,0,0,0,1,0
wgeesel,1,5493,0,5493,0,0,0,3,0,3,0,0,0
lime,1,100789,100789,0,0,0,0,3,3,0,0,0,0
anomalyDetection,1,2621,2621,0,0,0,0,1,1,0,0,0,0
ACMEeqtl,0,0,0,0,0,0,0,0,0,0,0,0,0
KraljicMatrix,1,1703,1703,0,0,0,0,1,1,0,0,0,0
origami,0,0,0,0,0,0,0,0,0,0,0,0,0
robets,0,0,0,0,0,0,0,0,0,0,0,0,0
slickR,0,0,0,0,0,0,0,0,0,0,0,0,0
adeba,0,0,0,0,0,0,0,0,0,0,0,0,0
hansard,0,0,0,0,0,0,0,0,0,0,0,0,0
RcmdrPlugin.aRnova,1,1709,1709,0,0,0,0,3,3,0,0,0,0
tmcn,1,294124,294124,0,0,0,0,5,5,0,0,0,0
OpenML,0,0,0,0,0,0,0,0,0,0,0,0,0
rpostgisLT,0,0,0,0,0,0,0,0,0,0,0,0,0
ashr,0,0,0,0,0,0,0,0,0,0,0,0,0
DoE.MIParray,0,0,0,0,0,0,0,0,0,0,0,0,0
fauxpas,0,0,0,0,0,0,0,0,0,0,0,0,0
GetITRData,0,0,0,0,0,0,0,0,0,0,0,0,0
ldhmm,0,0,0,0,0,0,0,0,0,0,0,0,0
idmTPreg,1,10257,10257,0,0,0,0,1,1,0,0,0,0
projector,0,0,0,0,0,0,0,0,0,0,0,0,0
worldmet,1,464383,464383,0,0,0,0,2,2,0,0,0,0
zenplots,1,67248,67248,0,0,0,0,3,3,0,0,0,0
fuzzywuzzyR,0,0,0,0,0,0,0,0,0,0,0,0,0
photobiologyLamps,1,88688,88688,0,0,0,0,3,3,0,0,0,0
rospca,1,260742,0,260742,0,0,0,1,0,1,0,0,0
nzpullover,1,113106,113106,0,0,0,0,5,5,0,0,0,0
Rcssplot,0,0,0,0,0,0,0,0,0,0,0,0,0
rpgm,0,0,0,0,0,0,0,0,0,0,0,0,0
stoRy,1,431552,431552,0,0,0,0,5,5,0,0,0,0
bea.R,0,0,0,0,0,0,0,0,0,0,0,0,0
CPBayes,1,1180,1180,0,0,0,0,3,3,0,0,0,0
multfisher,0,0,0,0,0,0,0,0,0,0,0,0,0
BEACH,0,0,0,0,0,0,0,0,0,0,0,0,0
lassopv,0,0,0,0,0,0,0,0,0,0,0,0,0
suncalc,0,0,0,0,0,0,0,0,0,0,0,0,0
VeryLargeIntegers,0,0,0,0,0,0,0,0,0,0,0,0,0
CircMLE,0,0,0,0,0,0,0,0,0,0,0,0,0
sNPLS,0,0,0,0,0,0,0,0,0,0,0,0,0
confSAM,0,0,0,0,0,0,0,0,0,0,0,0,0
ratios,0,0,0,0,0,0,0,0,0,0,0,0,0
ggmuller,1,4521,0,4521,0,0,0,3,0,3,0,0,0
PakPC2017,1,21643,0,21643,0,0,0,9,0,9,0,0,0
Brundle,1,201531,201531,0,0,0,0,9,9,0,0,0,0
clust.bin.pair,1,1158,1158,0,0,0,0,3,3,0,0,0,0
ratesci,0,0,0,0,0,0,0,0,0,0,0,0,0
EMMIXcskew,0,0,0,0,0,0,0,0,0,0,0,0,0
inferr,1,2357,2357,0,0,0,0,4,4,0,0,0,0
mopa,1,660623,660623,0,0,0,0,4,4,0,0,0,0
Rilostat,0,0,0,0,0,0,0,0,0,0,0,0,0
revdbayes,1,16877,16877,0,0,0,0,5,5,0,0,0,0
swCRTdesign,0,0,0,0,0,0,0,0,0,0,0,0,0
tatoo,0,0,0,0,0,0,0,0,0,0,0,0,0
fivethirtyeight,1,2349283,2348293,0,0,0,0,66,65,0,0,0,0
tidygraph,0,0,0,0,0,0,0,0,0,0,0,0,0
npcopTest,0,0,0,0,0,0,0,0,0,0,0,0,0
vote,1,13409,0,0,12938,0,0,6,0,0,2,0,0
adepro,0,0,0,0,0,0,0,0,0,0,0,0,0
OutliersO3,0,0,0,0,0,0,0,0,0,0,0,0,0
PTXQC,0,0,0,0,0,0,0,0,0,0,0,0,0
valuer,1,2107,2107,0,0,0,0,5,5,0,0,0,0
MBC,1,482964,0,482964,0,0,0,1,0,1,0,0,0
multiApply,0,0,0,0,0,0,0,0,0,0,0,0,0
quantoptr,0,0,0,0,0,0,0,0,0,0,0,0,0
survivalsvm,0,0,0,0,0,0,0,0,0,0,0,0,0
aVirtualTwins,1,6411,0,6411,0,0,0,1,0,1,0,0,0
gk,0,0,0,0,0,0,0,0,0,0,0,0,0
pcev,1,149608,149608,0,0,0,0,4,4,0,0,0,0
ICSOutlier,1,573394,573394,0,0,0,0,1,1,0,0,0,0
pipeGS,0,0,0,0,0,0,0,0,0,0,0,0,0
SpaDES.addins,0,0,0,0,0,0,0,0,0,0,0,0,0
cifti,0,0,0,0,0,0,0,0,0,0,0,0,0
gifti,0,0,0,0,0,0,0,0,0,0,0,0,0
modmarg,1,19926,19926,0,0,0,0,2,2,0,0,0,0
opticut,1,11279,11279,0,0,0,0,1,1,0,0,0,0
denoiSeq,1,20913,0,20913,0,0,0,2,0,2,0,0,0
nlsr,0,0,0,0,0,0,0,0,0,0,0,0,0
OOR,0,0,0,0,0,0,0,0,0,0,0,0,0
BeSS,0,0,0,0,0,0,0,0,0,0,0,0,0
ggQC,0,0,0,0,0,0,0,0,0,0,0,0,0
RBMRB,0,0,0,0,0,0,0,0,0,0,0,0,0
robustBLME,1,660,660,0,0,0,0,1,1,0,0,0,0
spatstat.local,0,0,0,0,0,0,0,0,0,0,0,0,0
tibbletime,1,108387,108387,0,0,0,0,2,2,0,0,0,0
atsd,0,0,0,0,0,0,0,0,0,0,0,0,0
ludic,0,0,0,0,0,0,0,0,0,0,0,0,0
phylotate,1,1437,0,1437,0,0,0,1,0,1,0,0,0
tRophicPosition,1,5056,5056,0,0,0,0,3,3,0,0,0,0
waver,0,0,0,0,0,0,0,0,0,0,0,0,0
clustRcompaR,0,0,0,0,0,0,0,0,0,0,0,0,0
libsoc,0,0,0,0,0,0,0,0,0,0,0,0,0
zeallot,0,0,0,0,0,0,0,0,0,0,0,0,0
ANOVAreplication,0,0,0,0,0,0,0,0,0,0,0,0,0
bigtcr,1,1222,1222,0,0,0,0,1,1,0,0,0,0
kokudosuuchi,1,630,630,0,0,0,0,1,1,0,0,0,0
languagelayeR,0,0,0,0,0,0,0,0,0,0,0,0,0
censusr,0,0,0,0,0,0,0,0,0,0,0,0,0
diagis,0,0,0,0,0,0,0,0,0,0,0,0,0
finch,0,0,0,0,0,0,0,0,0,0,0,0,0
gradDescent,1,25065,0,25065,0,0,0,1,0,1,0,0,0
heims,1,236919,236919,0,0,0,0,32,32,0,0,0,0
datapasta,0,0,0,0,0,0,0,0,0,0,0,0,0
highlightHTML,0,0,0,0,0,0,0,0,0,0,0,0,0
TCIApathfinder,0,0,0,0,0,0,0,0,0,0,0,0,0
BibPlots,1,208,0,208,0,0,0,1,0,1,0,0,0
Xplortext,1,10812,0,10812,0,0,0,1,0,1,0,0,0
gLRTH,0,0,0,0,0,0,0,0,0,0,0,0,0
OmicsPLS,0,0,0,0,0,0,0,0,0,0,0,0,0
pals,0,0,0,0,0,0,0,0,0,0,0,0,0
CreditRisk,1,347,0,347,0,0,0,1,0,1,0,0,0
LinkageMapView,0,0,0,0,0,0,0,0,0,0,0,0,0
nofrills,0,0,0,0,0,0,0,0,0,0,0,0,0
rMR,1,177980,177980,0,0,0,0,1,1,0,0,0,0
tropAlgebra,0,0,0,0,0,0,0,0,0,0,0,0,0
dat,0,0,0,0,0,0,0,0,0,0,0,0,0
equSA,1,235817,235817,0,0,0,0,5,5,0,0,0,0
abjutils,0,0,0,0,0,0,0,0,0,0,0,0,0
lbreg,1,11028,11028,0,0,0,0,5,5,0,0,0,0
PSW,1,15189,15189,0,0,0,0,1,1,0,0,0,0
RNAseqNet,1,260697,260697,0,0,0,0,2,2,0,0,0,0
rrpack,0,0,0,0,0,0,0,0,0,0,0,0,0
canprot,1,1597002,0,1561284,0,0,34289,6,0,2,0,0,2
dtree,0,0,0,0,0,0,0,0,0,0,0,0,0
SMMA,0,0,0,0,0,0,0,0,0,0,0,0,0
mau,0,0,0,0,0,0,0,0,0,0,0,0,0
optimus,1,4223,4223,0,0,0,0,1,1,0,0,0,0
ROI.plugin.lpsolve,0,0,0,0,0,0,0,0,0,0,0,0,0
splashr,0,0,0,0,0,0,0,0,0,0,0,0,0
easySdcTable,1,19730,0,19730,0,0,0,9,0,9,0,0,0
COMBAT,0,0,0,0,0,0,0,0,0,0,0,0,0
cordillera,1,16694,16694,0,0,0,0,1,1,0,0,0,0
photobiologyLEDs,1,184376,184376,0,0,0,0,1,1,0,0,0,0
Emcdf,0,0,0,0,0,0,0,0,0,0,0,0,0
preText,1,115592,115592,0,0,0,0,1,1,0,0,0,0
PRIMME,0,0,0,0,0,0,0,0,0,0,0,0,0
rSQM,0,0,0,0,0,0,0,0,0,0,0,0,0
tsdf,0,0,0,0,0,0,0,0,0,0,0,0,0
brant,0,0,0,0,0,0,0,0,0,0,0,0,0
IATScore,1,3143,0,3143,0,0,0,3,0,3,0,0,0
influxdbr,0,0,0,0,0,0,0,0,0,0,0,0,0
MultiRNG,0,0,0,0,0,0,0,0,0,0,0,0,0
RandPro,0,0,0,0,0,0,0,0,0,0,0,0,0
rFSA,0,0,0,0,0,0,0,0,0,0,0,0,0
UnivRNG,0,0,0,0,0,0,0,0,0,0,0,0,0
elevatr,1,16088,16088,0,0,0,0,3,3,0,0,0,0
Rbgs,0,0,0,0,0,0,0,0,0,0,0,0,0
RGBM,0,0,0,0,0,0,0,0,0,0,0,0,0
univOutl,0,0,0,0,0,0,0,0,0,0,0,0,0
constants,1,6357,6357,0,0,0,0,1,1,0,0,0,0
csv,0,0,0,0,0,0,0,0,0,0,0,0,0
dynsbm,1,8000,8000,0,0,0,0,4,4,0,0,0,0
sgee,0,0,0,0,0,0,0,0,0,0,0,0,0
grove,0,0,0,0,0,0,0,0,0,0,0,0,0
fmbasics,0,0,0,0,0,0,0,0,0,0,0,0,0
MatManlyMix,1,97655,0,97655,0,0,0,1,0,1,0,0,0
fastrtext,1,100789,100789,0,0,0,0,3,3,0,0,0,0
fmdates,0,0,0,0,0,0,0,0,0,0,0,0,0
ipft,1,48932,48932,0,0,0,0,2,2,0,0,0,0
SparseDC,1,4554493,4554447,0,0,0,0,4,3,0,0,0,0
tidystringdist,0,0,0,0,0,0,0,0,0,0,0,0,0
Biolinv,1,288655,288655,0,0,0,0,7,7,0,0,0,0
miRNAss,1,109155,109155,0,0,0,0,1,1,0,0,0,0
naivebayes,0,0,0,0,0,0,0,0,0,0,0,0,0
sofa,0,0,0,0,0,0,0,0,0,0,0,0,0
bhm,1,4122,4122,0,0,0,0,1,1,0,0,0,0
rxylib,0,0,0,0,0,0,0,0,0,0,0,0,0
widgetframe,0,0,0,0,0,0,0,0,0,0,0,0,0
msde,0,0,0,0,0,0,0,0,0,0,0,0,0
mudfold,1,2203,0,2203,0,0,0,3,0,3,0,0,0
AmesHousing,1,149415,149378,0,0,0,0,3,2,0,0,0,0
PKPDmisc,1,16471,16471,0,0,0,0,2,2,0,0,0,0
stringformattr,0,0,0,0,0,0,0,0,0,0,0,0,0
SyncRNG,0,0,0,0,0,0,0,0,0,0,0,0,0
zonator,0,0,0,0,0,0,0,0,0,0,0,0,0
cleanEHR,1,32769,0,32769,0,0,0,2,0,2,0,0,0
gofastr,1,213272,213272,0,0,0,0,2,2,0,0,0,0
BisRNA,1,6626,6626,0,0,0,0,1,1,0,0,0,0
clustEff,0,0,0,0,0,0,0,0,0,0,0,0,0
GMAC,1,157243,157243,0,0,0,0,1,1,0,0,0,0
elo,1,1906,0,1906,0,0,0,1,0,1,0,0,0
libcoin,0,0,0,0,0,0,0,0,0,0,0,0,0
corpus,0,0,0,0,0,0,0,0,0,0,0,0,0
inum,0,0,0,0,0,0,0,0,0,0,0,0,0
refset,0,0,0,0,0,0,0,0,0,0,0,0,0
parsemsf,0,0,0,0,0,0,0,0,0,0,0,0,0
Inventorymodel,0,0,0,0,0,0,0,0,0,0,0,0,0
plotrr,0,0,0,0,0,0,0,0,0,0,0,0,0
mazeGen,1,70105,70105,0,0,0,0,64,64,0,0,0,0
mdw,0,0,0,0,0,0,0,0,0,0,0,0,0
networkGen,0,0,0,0,0,0,0,0,0,0,0,0,0
striprtf,0,0,0,0,0,0,0,0,0,0,0,0,0
xesreadR,0,0,0,0,0,0,0,0,0,0,0,0,0
EAinference,0,0,0,0,0,0,0,0,0,0,0,0,0
harrietr,1,1983,1983,0,0,0,0,3,3,0,0,0,0
NestedCategBayesImpute,0,0,0,0,0,0,0,0,0,0,0,0,0
adapr,0,0,0,0,0,0,0,0,0,0,0,0,0
goftte,0,0,0,0,0,0,0,0,0,0,0,0,0
passport,1,6643,6643,0,0,0,0,1,1,0,0,0,0
SASmarkdown,0,0,0,0,0,0,0,0,0,0,0,0,0
MUS,0,0,0,0,0,0,0,0,0,0,0,0,0
Dforest,1,218348,0,218348,0,0,0,1,0,1,0,0,0
phase1RMD,1,3745,0,3745,0,0,0,6,0,6,0,0,0
simEd,1,12408,12408,0,0,0,0,2,2,0,0,0,0
cctools,0,0,0,0,0,0,0,0,0,0,0,0,0
unitizer,0,0,0,0,0,0,0,0,0,0,0,0,0
CorporaCoCo,0,0,0,0,0,0,0,0,0,0,0,0,0
IDCard,0,0,0,0,0,0,0,0,0,0,0,0,0
MHTdiscrete,0,0,0,0,0,0,0,0,0,0,0,0,0
powdist,0,0,0,0,0,0,0,0,0,0,0,0,0
futility,0,0,0,0,0,0,0,0,0,0,0,0,0
KMgene,1,83944,0,83944,0,0,0,11,0,11,0,0,0
LCF,1,25231,0,25231,0,0,0,1,0,1,0,0,0
ManifoldOptim,0,0,0,0,0,0,0,0,0,0,0,0,0
epicontacts,0,0,0,0,0,0,0,0,0,0,0,0,0
ICRanks,0,0,0,0,0,0,0,0,0,0,0,0,0
RcppHMM,0,0,0,0,0,0,0,0,0,0,0,0,0
RcppTN,0,0,0,0,0,0,0,0,0,0,0,0,0
AWR.Athena,0,0,0,0,0,0,0,0,0,0,0,0,0
wicket,0,0,0,0,0,0,0,0,0,0,0,0,0
easyAHP,0,0,0,0,0,0,0,0,0,0,0,0,0
xslt,0,0,0,0,0,0,0,0,0,0,0,0,0
gamreg,0,0,0,0,0,0,0,0,0,0,0,0,0
revgeo,0,0,0,0,0,0,0,0,0,0,0,0,0
spiderbar,0,0,0,0,0,0,0,0,0,0,0,0,0
sppmix,1,1222252,1221985,0,0,0,0,16,15,0,0,0,0
modest,0,0,0,0,0,0,0,0,0,0,0,0,0
ICCbin,0,0,0,0,0,0,0,0,0,0,0,0,0
dparser,0,0,0,0,0,0,0,0,0,0,0,0,0
StakeholderAnalysis,1,2080,0,2080,0,0,0,1,0,1,0,0,0
qboxplot,0,0,0,0,0,0,0,0,0,0,0,0,0
rsample,1,42450,0,42430,0,0,0,2,0,1,0,0,0
ThankYouStars,0,0,0,0,0,0,0,0,0,0,0,0,0
BatchMap,1,2445,0,2445,0,0,0,1,0,1,0,0,0
anocva,0,0,0,0,0,0,0,0,0,0,0,0,0
PdPDB,0,0,0,0,0,0,0,0,0,0,0,0,0
rGoodData,0,0,0,0,0,0,0,0,0,0,0,0,0
rLDCP,0,0,0,0,0,0,0,0,0,0,0,0,0
rODE,0,0,0,0,0,0,0,0,0,0,0,0,0
geojson,1,2062,2062,0,0,0,0,1,1,0,0,0,0
epxToR,0,0,0,0,0,0,0,0,0,0,0,0,0
Diderot,0,0,0,0,0,0,0,0,0,0,0,0,0
RcppQuantuccia,0,0,0,0,0,0,0,0,0,0,0,0,0
ArCo,1,30644,30644,0,0,0,0,3,3,0,0,0,0
lplyr,0,0,0,0,0,0,0,0,0,0,0,0,0
Pstat,1,9895,9895,0,0,0,0,1,1,0,0,0,0
RJSplot,0,0,0,0,0,0,0,0,0,0,0,0,0
slowraker,1,18085,18085,0,0,0,0,1,1,0,0,0,0
infraFDTD.assist,0,0,0,0,0,0,0,0,0,0,0,0,0
MBHdesign,0,0,0,0,0,0,0,0,0,0,0,0,0
phylocanvas,0,0,0,0,0,0,0,0,0,0,0,0,0
rsurfer,0,0,0,0,0,0,0,0,0,0,0,0,0
coppeCosenzaR,0,0,0,0,0,0,0,0,0,0,0,0,0
vfcp,0,0,0,0,0,0,0,0,0,0,0,0,0
countyfloods,0,0,0,0,0,0,0,0,0,0,0,0,0
FinAna,0,0,0,0,0,0,0,0,0,0,0,0,0
kaphom,0,0,0,0,0,0,0,0,0,0,0,0,0
meanr,0,0,0,0,0,0,0,0,0,0,0,0,0
routr,0,0,0,0,0,0,0,0,0,0,0,0,0
GerminaR,1,828,828,0,0,0,0,1,1,0,0,0,0
WWR,0,0,0,0,0,0,0,0,0,0,0,0,0
cbar,0,0,0,0,0,0,0,0,0,0,0,0,0
MOEADr,0,0,0,0,0,0,0,0,0,0,0,0,0
MoLE,1,989,989,0,0,0,0,1,1,0,0,0,0
nspmix,1,26364,26364,0,0,0,0,6,6,0,0,0,0
optimization,0,0,0,0,0,0,0,0,0,0,0,0,0
EfficientMaxEigenpair,0,0,0,0,0,0,0,0,0,0,0,0,0
MHCtools,1,52671,52671,0,0,0,0,6,6,0,0,0,0
WaveLetLongMemory,0,0,0,0,0,0,0,0,0,0,0,0,0
zFactor,1,2756,2756,0,0,0,0,6,6,0,0,0,0
debugme,0,0,0,0,0,0,0,0,0,0,0,0,0
docuSignr,0,0,0,0,0,0,0,0,0,0,0,0,0
groupdata2,0,0,0,0,0,0,0,0,0,0,0,0,0
oii,0,0,0,0,0,0,0,0,0,0,0,0,0
ROI.plugin.msbinlp,0,0,0,0,0,0,0,0,0,0,0,0,0
ROI.plugin.optimx,0,0,0,0,0,0,0,0,0,0,0,0,0
liteq,0,0,0,0,0,0,0,0,0,0,0,0,0
EasyMx,0,0,0,0,0,0,0,0,0,0,0,0,0
htm2txt,0,0,0,0,0,0,0,0,0,0,0,0,0
mafs,0,0,0,0,0,0,0,0,0,0,0,0,0
monoreg,1,685166,0,685166,0,0,0,1,0,1,0,0,0
LZeroSpikeInference,0,0,0,0,0,0,0,0,0,0,0,0,0
geomedb,0,0,0,0,0,0,0,0,0,0,0,0,0
sicegar,0,0,0,0,0,0,0,0,0,0,0,0,0
vennplot,1,380,380,0,0,0,0,1,1,0,0,0,0
GSMX,1,97638,97638,0,0,0,0,2,2,0,0,0,0
rucrdtw,1,119025,119025,0,0,0,0,1,1,0,0,0,0
curstatCI,1,2370,2370,0,0,0,0,2,2,0,0,0,0
icmm,1,935363,935363,0,0,0,0,7,7,0,0,0,0
iDINGO,1,95191,95191,0,0,0,0,2,2,0,0,0,0
HybridFS,1,18755,18755,0,0,0,0,1,1,0,0,0,0
brea,0,0,0,0,0,0,0,0,0,0,0,0,0
colf,0,0,0,0,0,0,0,0,0,0,0,0,0
RcppBlaze,0,0,0,0,0,0,0,0,0,0,0,0,0
Replicate,0,0,0,0,0,0,0,0,0,0,0,0,0
BMhyb,1,4045,0,4045,0,0,0,2,0,2,0,0,0
D3partitionR,0,0,0,0,0,0,0,0,0,0,0,0,0
editData,1,346,346,0,0,0,0,1,1,0,0,0,0
BaTFLED3D,0,0,0,0,0,0,0,0,0,0,0,0,0
BrownDog,0,0,0,0,0,0,0,0,0,0,0,0,0
DWLasso,0,0,0,0,0,0,0,0,0,0,0,0,0
DataEntry,0,0,0,0,0,0,0,0,0,0,0,0,0
proustr,1,2035296,2034986,0,0,0,0,16,15,0,0,0,0
confinterpret,0,0,0,0,0,0,0,0,0,0,0,0,0
additiveDEA,0,0,0,0,0,0,0,0,0,0,0,0,0
TSCS,0,0,0,0,0,0,0,0,0,0,0,0,0
msaR,0,0,0,0,0,0,0,0,0,0,0,0,0
basictabler,1,105612,105612,0,0,0,0,2,2,0,0,0,0
msu,0,0,0,0,0,0,0,0,0,0,0,0,0
SimTimeVar,1,1348,0,1348,0,0,0,4,0,4,0,0,0
statsDK,0,0,0,0,0,0,0,0,0,0,0,0,0
apercu,0,0,0,0,0,0,0,0,0,0,0,0,0
CHMM,1,39151,39151,0,0,0,0,1,1,0,0,0,0
MFKnockoffs,0,0,0,0,0,0,0,0,0,0,0,0,0
ArchaeoPhases,1,2405509,0,2405428,0,0,0,6,0,5,0,0,0
breakfast,0,0,0,0,0,0,0,0,0,0,0,0,0
glacierSMBM,1,354166,354166,0,0,0,0,23,23,0,0,0,0
isnullptr,0,0,0,0,0,0,0,0,0,0,0,0,0
pder,1,2150121,2149696,0,0,0,0,39,38,0,0,0,0
pifpaf,0,0,0,0,0,0,0,0,0,0,0,0,0
ecoseries,0,0,0,0,0,0,0,0,0,0,0,0,0
EventStudy,0,0,0,0,0,0,0,0,0,0,0,0,0
importar,0,0,0,0,0,0,0,0,0,0,0,0,0
kfda,0,0,0,0,0,0,0,0,0,0,0,0,0
LFDREmpiricalBayes,0,0,0,0,0,0,0,0,0,0,0,0,0
tinyProject,0,0,0,0,0,0,0,0,0,0,0,0,0
BNPMIXcluster,1,641633,641633,0,0,0,0,2,2,0,0,0,0
coinmarketcapr,0,0,0,0,0,0,0,0,0,0,0,0,0
d3plus,0,0,0,0,0,0,0,0,0,0,0,0,0
econullnetr,1,5697,5697,0,0,0,0,10,10,0,0,0,0
prioritylasso,1,3115167,3115158,0,0,0,0,2,1,0,0,0,0
parlitools,1,1142314,1142261,0,0,0,0,5,4,0,0,0,0
leabRa,1,286,286,0,0,0,0,1,1,0,0,0,0
mosaicModel,1,221934,221934,0,0,0,0,15,15,0,0,0,0
MRFA,0,0,0,0,0,0,0,0,0,0,0,0,0
OBMbpkg,0,0,0,0,0,0,0,0,0,0,0,0,0
RcmdrPlugin.sutteForecastR,0,0,0,0,0,0,0,0,0,0,0,0,0
regexSelect,0,0,0,0,0,0,0,0,0,0,0,0,0
USCF,0,0,0,0,0,0,0,0,0,0,0,0,0
brazilmaps,1,69083,69083,0,0,0,0,3,3,0,0,0,0
magicLamp,0,0,0,0,0,0,0,0,0,0,0,0,0
QLearning,0,0,0,0,0,0,0,0,0,0,0,0,0
rstansim,0,0,0,0,0,0,0,0,0,0,0,0,0
softermax,0,0,0,0,0,0,0,0,0,0,0,0,0
cptec,0,0,0,0,0,0,0,0,0,0,0,0,0
ensemblepp,1,237602,237602,0,0,0,0,2,2,0,0,0,0
FDRSeg,0,0,0,0,0,0,0,0,0,0,0,0,0
ROI.plugin.clp,0,0,0,0,0,0,0,0,0,0,0,0,0
binaryGP,0,0,0,0,0,0,0,0,0,0,0,0,0
BMT,1,36364,36364,0,0,0,0,1,1,0,0,0,0
curvecomp,0,0,0,0,0,0,0,0,0,0,0,0,0
envDocument,0,0,0,0,0,0,0,0,0,0,0,0,0
EQUIVNONINF,0,0,0,0,0,0,0,0,0,0,0,0,0
fusionclust,0,0,0,0,0,0,0,0,0,0,0,0,0
gma,1,175957,175957,0,0,0,0,2,2,0,0,0,0
IGP,0,0,0,0,0,0,0,0,0,0,0,0,0
kpeaks,1,15190,15181,0,0,0,0,2,1,0,0,0,0
SiER,0,0,0,0,0,0,0,0,0,0,0,0,0
sure,1,37614,0,37614,0,0,0,3,0,3,0,0,0
BNSL,0,0,0,0,0,0,0,0,0,0,0,0,0
leafSTAR,1,17751,17751,0,0,0,0,5,5,0,0,0,0
mcMST,0,0,0,0,0,0,0,0,0,0,0,0,0
tsgui,0,0,0,0,0,0,0,0,0,0,0,0,0
cytominer,0,0,0,0,0,0,0,0,0,0,0,0,0
randnet,0,0,0,0,0,0,0,0,0,0,0,0,0
rbtt,0,0,0,0,0,0,0,0,0,0,0,0,0
SampleSize4ClinicalTrials,0,0,0,0,0,0,0,0,0,0,0,0,0
DES,0,0,0,0,0,0,0,0,0,0,0,0,0
googleComputeEngineR,0,0,0,0,0,0,0,0,0,0,0,0,0
MsdeParEst,1,468900,468900,0,0,0,0,1,1,0,0,0,0
wildcard,0,0,0,0,0,0,0,0,0,0,0,0,0
AurieLSHGaussian,0,0,0,0,0,0,0,0,0,0,0,0,0
CATTexact,0,0,0,0,0,0,0,0,0,0,0,0,0
gradientPickerD3,0,0,0,0,0,0,0,0,0,0,0,0,0
linemap,1,1926100,0,1926067,0,0,0,5,0,4,0,0,0
MFT,0,0,0,0,0,0,0,0,0,0,0,0,0
veccompare,1,198,198,0,0,0,0,1,1,0,0,0,0
CausalImpact,0,0,0,0,0,0,0,0,0,0,0,0,0
causalMGM,0,0,0,0,0,0,0,0,0,0,0,0,0
glassdoor,0,0,0,0,0,0,0,0,0,0,0,0,0
ADPF,1,8999,0,8999,0,0,0,1,0,1,0,0,0
auto.pca,0,0,0,0,0,0,0,0,0,0,0,0,0
DCD,0,0,0,0,0,0,0,0,0,0,0,0,0
medmod,0,0,0,0,0,0,0,0,0,0,0,0,0
PredPsych,1,563160,563160,0,0,0,0,1,1,0,0,0,0
unifDAG,0,0,0,0,0,0,0,0,0,0,0,0,0
GauPro,0,0,0,0,0,0,0,0,0,0,0,0,0
nos,1,1659,1659,0,0,0,0,1,1,0,0,0,0
opendotaR,0,0,0,0,0,0,0,0,0,0,0,0,0
sutteForecastR,0,0,0,0,0,0,0,0,0,0,0,0,0
yuimaGUI,0,0,0,0,0,0,0,0,0,0,0,0,0
MTSYS,0,0,0,0,0,0,0,0,0,0,0,0,0
CARS,0,0,0,0,0,0,0,0,0,0,0,0,0
fecR,1,21084,0,21084,0,0,0,3,0,3,0,0,0
GeoMongo,0,0,0,0,0,0,0,0,0,0,0,0,0
RTaxometrics,0,0,0,0,0,0,0,0,0,0,0,0,0
distrr,1,3544,3544,0,0,0,0,1,1,0,0,0,0
repurrrsive,1,159511,159511,0,0,0,0,13,13,0,0,0,0
SMM,0,0,0,0,0,0,0,0,0,0,0,0,0
AWR,0,0,0,0,0,0,0,0,0,0,0,0,0
Bios2cor,0,0,0,0,0,0,0,0,0,0,0,0,0
cprr,1,501,501,0,0,0,0,1,1,0,0,0,0
mapReasy,0,0,0,0,0,0,0,0,0,0,0,0,0
modelwordcloud,0,0,0,0,0,0,0,0,0,0,0,0,0
multilaterals,1,4700,0,4700,0,0,0,1,0,1,0,0,0
PakPMICS2014Ch,1,1890411,0,1890400,0,0,0,2,0,1,0,0,0
PakPMICS2014HH,1,1682815,0,1682804,0,0,0,2,0,1,0,0,0
PakPMICS2014HL,1,3186691,0,3186680,0,0,0,2,0,1,0,0,0
PakPMICS2014Wm,1,2896975,0,2896964,0,0,0,2,0,1,0,0,0
unjoin,0,0,0,0,0,0,0,0,0,0,0,0,0
csabounds,1,6077,6077,0,0,0,0,1,1,0,0,0,0
FactorsR,1,1914339,0,1914324,0,0,0,3,0,2,0,0,0
madrat,0,0,0,0,0,0,0,0,0,0,0,0,0
Ohit,0,0,0,0,0,0,0,0,0,0,0,0,0
TNC,0,0,0,0,0,0,0,0,0,0,0,0,0
UdderQuarterInfectionData,1,16395,0,16395,0,0,0,1,0,1,0,0,0
FuzzyNumbers.Ext.2,0,0,0,0,0,0,0,0,0,0,0,0,0
graphql,0,0,0,0,0,0,0,0,0,0,0,0,0
RcextTools,1,792365,792332,0,0,0,0,4,3,0,0,0,0
VDSPCalibration,0,0,0,0,0,0,0,0,0,0,0,0,0
billboard,1,2227633,2227575,0,0,0,0,5,4,0,0,0,0
BosonSampling,0,0,0,0,0,0,0,0,0,0,0,0,0
cbanalysis,0,0,0,0,0,0,0,0,0,0,0,0,0
dplyrAssist,0,0,0,0,0,0,0,0,0,0,0,0,0
freqdom.fda,1,21396,21396,0,0,0,0,1,1,0,0,0,0
re2r,0,0,0,0,0,0,0,0,0,0,0,0,0
RGeode,0,0,0,0,0,0,0,0,0,0,0,0,0
threshr,1,3754,3754,0,0,0,0,2,2,0,0,0,0
alphavantager,0,0,0,0,0,0,0,0,0,0,0,0,0
doubcens,0,0,0,0,0,0,0,0,0,0,0,0,0
pcdpca,0,0,0,0,0,0,0,0,0,0,0,0,0
ShinyImage,0,0,0,0,0,0,0,0,0,0,0,0,0
AlphaVantageClient,1,1314,1314,0,0,0,0,2,2,0,0,0,0
BinarybalancedCut,0,0,0,0,0,0,0,0,0,0,0,0,0
afpt,1,1217,1217,0,0,0,0,1,1,0,0,0,0
cr17,1,1871,1871,0,0,0,0,1,1,0,0,0,0
DelayedEffect.Design,0,0,0,0,0,0,0,0,0,0,0,0,0
EcoIndR,1,1311,0,1311,0,0,0,1,0,1,0,0,0
Inflation,1,88236,88236,0,0,0,0,2,2,0,0,0,0
jaod,0,0,0,0,0,0,0,0,0,0,0,0,0
rDotNet,0,0,0,0,0,0,0,0,0,0,0,0,0
ari,0,0,0,0,0,0,0,0,0,0,0,0,0
cdparcoord,1,669394,0,0,0,0,669355,8,0,0,0,0,7
npphen,0,0,0,0,0,0,0,0,0,0,0,0,0
wktmo,0,0,0,0,0,0,0,0,0,0,0,0,0
cenGAM,1,8702,8702,0,0,0,0,1,1,0,0,0,0
deltar,1,879,879,0,0,0,0,3,3,0,0,0,0
seedCCA,1,173906,173906,0,0,0,0,2,2,0,0,0,0
ebmc,0,0,0,0,0,0,0,0,0,0,0,0,0
FPV,0,0,0,0,0,0,0,0,0,0,0,0,0
LowWAFOMSobol,0,0,0,0,0,0,0,0,0,0,0,0,0
mcompanion,0,0,0,0,0,0,0,0,0,0,0,0,0
MTE,0,0,0,0,0,0,0,0,0,0,0,0,0
nomogramEx,0,0,0,0,0,0,0,0,0,0,0,0,0
PeriodicTable,1,9236,9236,0,0,0,0,2,2,0,0,0,0
sensitivitymult,1,6087,6087,0,0,0,0,3,3,0,0,0,0
caffsim,1,355,355,0,0,0,0,1,1,0,0,0,0
ccmm,1,36865,0,36865,0,0,0,1,0,1,0,0,0
dmutate,0,0,0,0,0,0,0,0,0,0,0,0,0
PSIMEX,1,18520,0,0,0,18520,0,2,0,0,0,2,0
SpatialEpiApp,0,0,0,0,0,0,0,0,0,0,0,0,0
LowWAFOMNX,0,0,0,0,0,0,0,0,0,0,0,0,0
prcr,0,0,0,0,0,0,0,0,0,0,0,0,0
accSDA,0,0,0,0,0,0,0,0,0,0,0,0,0
Ecohydmod,0,0,0,0,0,0,0,0,0,0,0,0,0
mExplorer,1,29596,0,29596,0,0,0,3,0,3,0,0,0
multdyn,1,15442,0,15442,0,0,0,1,0,1,0,0,0
noncomplyR,1,320493,0,0,320493,0,0,1,0,0,1,0,0
Strategy,1,76971,0,76971,0,0,0,1,0,1,0,0,0
ActiveDriver,1,130929,0,130929,0,0,0,1,0,1,0,0,0
genepop,0,0,0,0,0,0,0,0,0,0,0,0,0
kntnr,0,0,0,0,0,0,0,0,0,0,0,0,0
macc,1,418500,418500,0,0,0,0,3,3,0,0,0,0
ConfigParser,0,0,0,0,0,0,0,0,0,0,0,0,0
esreg,0,0,0,0,0,0,0,0,0,0,0,0,0
R2DGC,1,257920,0,257920,0,0,0,1,0,1,0,0,0
simpleCache,0,0,0,0,0,0,0,0,0,0,0,0,0
SLICER,1,1133962,1133956,0,0,0,0,2,1,0,0,0,0
STARTdesign,0,0,0,0,0,0,0,0,0,0,0,0,0
Wrapped,0,0,0,0,0,0,0,0,0,0,0,0,0
InfoTrad,0,0,0,0,0,0,0,0,0,0,0,0,0
ircor,0,0,0,0,0,0,0,0,0,0,0,0,0
GRCdata,0,0,0,0,0,0,0,0,0,0,0,0,0
happybiRthday,0,0,0,0,0,0,0,0,0,0,0,0,0
ccRemover,1,1715327,0,1715237,0,0,0,5,0,4,0,0,0
sasMap,0,0,0,0,0,0,0,0,0,0,0,0,0
CompDist,0,0,0,0,0,0,0,0,0,0,0,0,0
forwards,1,8618,8618,0,0,0,0,1,1,0,0,0,0
gamCopula,0,0,0,0,0,0,0,0,0,0,0,0,0
AssayCorrector,1,3937,3937,0,0,0,0,2,2,0,0,0,0
atlantistools,1,732436,732436,0,0,0,0,17,17,0,0,0,0
IceCast,1,1535329,1332613,202508,0,0,0,17,7,9,0,0,0
ggquiver,0,0,0,0,0,0,0,0,0,0,0,0,0
GrpString,1,4932,4932,0,0,0,0,6,6,0,0,0,0
LBSPR,0,0,0,0,0,0,0,0,0,0,0,0,0
PeakSegDP,1,637038,0,637038,0,0,0,5,0,5,0,0,0
samon,1,1608799,1598847,0,0,9744,0,21,14,0,0,6,0
SorptionAnalysis,0,0,0,0,0,0,0,0,0,0,0,0,0
CIplot,0,0,0,0,0,0,0,0,0,0,0,0,0
ConfoundedMeta,0,0,0,0,0,0,0,0,0,0,0,0,0
fastJT,0,0,0,0,0,0,0,0,0,0,0,0,0
lmmen,0,0,0,0,0,0,0,0,0,0,0,0,0
tsiR,1,158039,0,158039,0,0,0,1,0,1,0,0,0
rdpla,1,73877,73877,0,0,0,0,3,3,0,0,0,0
dataMeta,1,831,831,0,0,0,0,1,1,0,0,0,0
IAbin,0,0,0,0,0,0,0,0,0,0,0,0,0
rasterList,0,0,0,0,0,0,0,0,0,0,0,0,0
rcv,1,1817167,1817012,0,0,0,0,10,9,0,0,0,0
valaddin,0,0,0,0,0,0,0,0,0,0,0,0,0
vanddraabe,1,143976,143976,0,0,0,0,4,4,0,0,0,0
vocaldia,1,101531,101531,0,0,0,0,1,1,0,0,0,0
GEint,0,0,0,0,0,0,0,0,0,0,0,0,0
IPMRF,0,0,0,0,0,0,0,0,0,0,0,0,0
poker,0,0,0,0,0,0,0,0,0,0,0,0,0
PsyControl,1,54603,54603,0,0,0,0,3,3,0,0,0,0
kangar00,1,283049,0,283049,0,0,0,9,0,9,0,0,0
OHPL,1,593388,593388,0,0,0,0,3,3,0,0,0,0
blink,0,0,0,0,0,0,0,0,0,0,0,0,0
default,0,0,0,0,0,0,0,0,0,0,0,0,0
multiCA,1,419,419,0,0,0,0,1,1,0,0,0,0
permGS,0,0,0,0,0,0,0,0,0,0,0,0,0
statesRcontiguous,1,1430435,0,1430344,0,0,0,5,0,4,0,0,0
restfulr,0,0,0,0,0,0,0,0,0,0,0,0,0
ggversa,1,167079,0,167079,0,0,0,24,0,24,0,0,0
italy,1,169360,169360,0,0,0,0,2,2,0,0,0,0
equaltestMI,1,4711,0,4711,0,0,0,1,0,1,0,0,0
GFA,0,0,0,0,0,0,0,0,0,0,0,0,0
metaBMA,1,2339,0,2339,0,0,0,3,0,3,0,0,0
RcppXPtrUtils,0,0,0,0,0,0,0,0,0,0,0,0,0
soilcarbon,1,263687,263687,0,0,0,0,2,2,0,0,0,0
SpatialAcc,1,22859,0,22791,0,0,0,3,0,2,0,0,0
banR,1,194801,194108,0,0,0,0,2,1,0,0,0,0
cranlike,0,0,0,0,0,0,0,0,0,0,0,0,0
echogram,1,1223156,1223144,0,0,0,0,2,1,0,0,0,0
EMAtools,0,0,0,0,0,0,0,0,0,0,0,0,0
ggsignif,0,0,0,0,0,0,0,0,0,0,0,0,0
lmmpar,0,0,0,0,0,0,0,0,0,0,0,0,0
multistate,1,422204,422204,0,0,0,0,3,3,0,0,0,0
rddensity,1,10307,0,10307,0,0,0,1,0,1,0,0,0
svenssonm,0,0,0,0,0,0,0,0,0,0,0,0,0
ambhasGW,0,0,0,0,0,0,0,0,0,0,0,0,0
GreedyEPL,0,0,0,0,0,0,0,0,0,0,0,0,0
IrishDirectorates,1,20396,0,20396,0,0,0,1,0,1,0,0,0
MixtureRegLTIC,1,6878,6878,0,0,0,0,2,2,0,0,0,0
rtimicropem,1,94944,0,94944,0,0,0,3,0,3,0,0,0
subgroup.discovery,1,118164,118164,0,0,0,0,3,3,0,0,0,0
tbl2xts,1,63876,63876,0,0,0,0,1,1,0,0,0,0
ThermIndex,0,0,0,0,0,0,0,0,0,0,0,0,0
dejaVu,1,3616,3616,0,0,0,0,1,1,0,0,0,0
DoEstRare,0,0,0,0,0,0,0,0,0,0,0,0,0
fasjem,1,306414,306414,0,0,0,0,1,1,0,0,0,0
glmnetUtils,0,0,0,0,0,0,0,0,0,0,0,0,0
kpmt,1,1139650,0,1139631,0,0,0,3,0,2,0,0,0
structree,1,24648,24648,0,0,0,0,3,3,0,0,0,0
nonlinearICP,1,11885,0,11885,0,0,0,1,0,1,0,0,0
fChange,1,1385022,0,1385000,0,0,0,3,0,2,0,0,0
rclipboard,0,0,0,0,0,0,0,0,0,0,0,0,0
RkMetrics,1,38470,0,38470,0,0,0,1,0,1,0,0,0
CDVineCopulaConditional,1,38013,38013,0,0,0,0,1,1,0,0,0,0
mmtsne,0,0,0,0,0,0,0,0,0,0,0,0,0
lsplsGlm,1,1161692,1161668,0,0,0,0,3,2,0,0,0,0
mosaicCalc,0,0,0,0,0,0,0,0,0,0,0,0,0
optiSolve,1,627648,627648,0,0,0,0,4,4,0,0,0,0
iRF,1,6133,6133,0,0,0,0,1,1,0,0,0,0
maxTPR,0,0,0,0,0,0,0,0,0,0,0,0,0
unrepx,0,0,0,0,0,0,0,0,0,0,0,0,0
bayeslongitudinal,1,463,0,463,0,0,0,1,0,1,0,0,0
concaveman,1,11591,11591,0,0,0,0,1,1,0,0,0,0
ggseqlogo,1,16709,16709,0,0,0,0,1,1,0,0,0,0
MRTSampleSize,0,0,0,0,0,0,0,0,0,0,0,0,0
PowerNormal,0,0,0,0,0,0,0,0,0,0,0,0,0
seqICP,0,0,0,0,0,0,0,0,0,0,0,0,0
sidrar,0,0,0,0,0,0,0,0,0,0,0,0,0
GGEBiplots,0,0,0,0,0,0,0,0,0,0,0,0,0
pcensmix,1,1349,1349,0,0,0,0,2,2,0,0,0,0
c2c,0,0,0,0,0,0,0,0,0,0,0,0,0
geoGAM,1,3282049,3282032,0,0,0,0,3,2,0,0,0,0
dsmodels,0,0,0,0,0,0,0,0,0,0,0,0,0
prisonbrief,1,138874,138874,0,0,0,0,2,2,0,0,0,0
vcov,0,0,0,0,0,0,0,0,0,0,0,0,0
spNNGP,1,2375109,2375105,0,0,0,0,2,1,0,0,0,0
DCA,0,0,0,0,0,0,0,0,0,0,0,0,0
BayesianGLasso,0,0,0,0,0,0,0,0,0,0,0,0,0
FastSF,0,0,0,0,0,0,0,0,0,0,0,0,0
harmonicmeanp,0,0,0,0,0,0,0,0,0,0,0,0,0
ivregEX,0,0,0,0,0,0,0,0,0,0,0,0,0
liquidSVM,1,281748,0,0,0,281748,0,6,0,0,0,6,0
OBRE,0,0,0,0,0,0,0,0,0,0,0,0,0
scifigure,1,71036,0,71036,0,0,0,1,0,1,0,0,0
diffpriv,0,0,0,0,0,0,0,0,0,0,0,0,0
social,1,8713,0,8713,0,0,0,2,0,2,0,0,0
brlrmr,1,4419,4419,0,0,0,0,3,3,0,0,0,0
Census2016,1,1481826,1481656,0,0,0,0,7,6,0,0,0,0
cnbdistr,0,0,0,0,0,0,0,0,0,0,0,0,0
ercv,1,61354,0,61354,0,0,0,6,0,6,0,0,0
flexsurvcure,0,0,0,0,0,0,0,0,0,0,0,0,0
fragilityindex,0,0,0,0,0,0,0,0,0,0,0,0,0
LCox,0,0,0,0,0,0,0,0,0,0,0,0,0
sergeant,0,0,0,0,0,0,0,0,0,0,0,0,0
gh,0,0,0,0,0,0,0,0,0,0,0,0,0
llogistic,0,0,0,0,0,0,0,0,0,0,0,0,0
senstrat,1,29942,29942,0,0,0,0,1,1,0,0,0,0
centiserve,0,0,0,0,0,0,0,0,0,0,0,0,0
docker,0,0,0,0,0,0,0,0,0,0,0,0,0
DrImpute,1,1237645,1237638,0,0,0,0,2,1,0,0,0,0
randomForestExplainer,0,0,0,0,0,0,0,0,0,0,0,0,0
spongecake,0,0,0,0,0,0,0,0,0,0,0,0,0
tetraclasse,0,0,0,0,0,0,0,0,0,0,0,0,0
TSF,0,0,0,0,0,0,0,0,0,0,0,0,0
credsubs,1,4554,0,4554,0,0,0,1,0,1,0,0,0
geotoolsR,1,2208,0,2208,0,0,0,2,0,2,0,0,0
interfr,1,261590,261590,0,0,0,0,1,1,0,0,0,0
noaastormevents,0,0,0,0,0,0,0,0,0,0,0,0,0
facebook.S4,0,0,0,0,0,0,0,0,0,0,0,0,0
interim,0,0,0,0,0,0,0,0,0,0,0,0,0
integIRTy,1,747431,747431,0,0,0,0,1,1,0,0,0,0
NameNeedle,1,2030,0,2030,0,0,0,1,0,1,0,0,0
roots,0,0,0,0,0,0,0,0,0,0,0,0,0
AutoDeskR,0,0,0,0,0,0,0,0,0,0,0,0,0
dGAselID,0,0,0,0,0,0,0,0,0,0,0,0,0
FUNLDA,1,60560,0,60560,0,0,0,2,0,2,0,0,0
netcom,0,0,0,0,0,0,0,0,0,0,0,0,0
oompaData,1,2210694,2210613,0,0,0,0,5,4,0,0,0,0
PoloniexR,0,0,0,0,0,0,0,0,0,0,0,0,0
SFS,0,0,0,0,0,0,0,0,0,0,0,0,0
decomposedPSF,0,0,0,0,0,0,0,0,0,0,0,0,0
fcm,0,0,0,0,0,0,0,0,0,0,0,0,0
lpdensity,0,0,0,0,0,0,0,0,0,0,0,0,0
mthapower,0,0,0,0,0,0,0,0,0,0,0,0,0
postlightmercury,0,0,0,0,0,0,0,0,0,0,0,0,0
fcuk,0,0,0,0,0,0,0,0,0,0,0,0,0
ggplotgui,0,0,0,0,0,0,0,0,0,0,0,0,0
l1kdeconv,0,0,0,0,0,0,0,0,0,0,0,0,0
mixlink,0,0,0,0,0,0,0,0,0,0,0,0,0
waccR,0,0,0,0,0,0,0,0,0,0,0,0,0
BNPMediation,0,0,0,0,0,0,0,0,0,0,0,0,0
SobolSequence,0,0,0,0,0,0,0,0,0,0,0,0,0
textile,1,5855822,5855796,0,0,0,0,4,3,0,0,0,0
Autoplotprotein,0,0,0,0,0,0,0,0,0,0,0,0,0
correlbinom,0,0,0,0,0,0,0,0,0,0,0,0,0
ggChernoff,0,0,0,0,0,0,0,0,0,0,0,0,0
mandelbrot,0,0,0,0,0,0,0,0,0,0,0,0,0
Robocoap,0,0,0,0,0,0,0,0,0,0,0,0,0
assocInd,0,0,0,0,0,0,0,0,0,0,0,0,0
awspack,0,0,0,0,0,0,0,0,0,0,0,0,0
catSurv,1,169371,169371,0,0,0,0,8,8,0,0,0,0
coxphSGD,0,0,0,0,0,0,0,0,0,0,0,0,0
midas,0,0,0,0,0,0,0,0,0,0,0,0,0
numGen,0,0,0,0,0,0,0,0,0,0,0,0,0
SuperGauss,0,0,0,0,0,0,0,0,0,0,0,0,0
aws.cloudtrail,0,0,0,0,0,0,0,0,0,0,0,0,0
aws.sns,0,0,0,0,0,0,0,0,0,0,0,0,0
aws.sqs,0,0,0,0,0,0,0,0,0,0,0,0,0
cepR,1,2541475,2541472,0,0,0,0,2,1,0,0,0,0
SSM,0,0,0,0,0,0,0,0,0,0,0,0,0
wql,1,124520,124520,0,0,0,0,1,1,0,0,0,0
aurelius,0,0,0,0,0,0,0,0,0,0,0,0,0
ecolottery,0,0,0,0,0,0,0,0,0,0,0,0,0
mnis,0,0,0,0,0,0,0,0,0,0,0,0,0
autoBagging,1,766529,766529,0,0,0,0,1,1,0,0,0,0
aws.lambda,0,0,0,0,0,0,0,0,0,0,0,0,0
geoSpectral,0,0,0,0,0,0,0,0,0,0,0,0,0
hurdlr,0,0,0,0,0,0,0,0,0,0,0,0,0
kgschart,0,0,0,0,0,0,0,0,0,0,0,0,0
quickregression,0,0,0,0,0,0,0,0,0,0,0,0,0
rsoi,1,9320,9320,0,0,0,0,1,1,0,0,0,0
aws.iam,0,0,0,0,0,0,0,0,0,0,0,0,0
fence,1,13789,13278,0,511,0,0,3,2,0,1,0,0
hbdct,0,0,0,0,0,0,0,0,0,0,0,0,0
MicroMacroMultilevel,0,0,0,0,0,0,0,0,0,0,0,0,0
SkyWatchr,0,0,0,0,0,0,0,0,0,0,0,0,0
BiBitR,0,0,0,0,0,0,0,0,0,0,0,0,0
hhh4contacts,1,140492,140492,0,0,0,0,5,5,0,0,0,0
scpm,0,0,0,0,0,0,0,0,0,0,0,0,0
StratifiedRF,0,0,0,0,0,0,0,0,0,0,0,0,0
BradleyTerryScalable,1,513,513,0,0,0,0,2,2,0,0,0,0
gsloid,1,24561,24561,0,0,0,0,3,3,0,0,0,0
kazaam,0,0,0,0,0,0,0,0,0,0,0,0,0
My.stepwise,0,0,0,0,0,0,0,0,0,0,0,0,0
pinnacle.data,1,1712952,1712926,0,0,0,0,3,2,0,0,0,0
assertable,0,0,0,0,0,0,0,0,0,0,0,0,0
ExpRep,0,0,0,0,0,0,0,0,0,0,0,0,0
ForecastFramework,0,0,0,0,0,0,0,0,0,0,0,0,0
goldi,1,291760,291760,0,0,0,0,2,2,0,0,0,0
ppcc,0,0,0,0,0,0,0,0,0,0,0,0,0
SFtools,0,0,0,0,0,0,0,0,0,0,0,0,0
sparsio,0,0,0,0,0,0,0,0,0,0,0,0,0
FSTpackage,1,1067656,1067644,0,0,0,0,2,1,0,0,0,0
gmediation,1,1527,1527,0,0,0,0,1,1,0,0,0,0
NCSampling,1,56199,56199,0,0,0,0,2,2,0,0,0,0
Opportunistic,0,0,0,0,0,0,0,0,0,0,0,0,0
otrimle,1,1900,1900,0,0,0,0,1,1,0,0,0,0
BayesTwin,1,368167,368167,0,0,0,0,1,1,0,0,0,0
CRANsearcher,1,1235793,1235777,0,0,0,0,2,1,0,0,0,0
intRvals,1,6787,0,6787,0,0,0,1,0,1,0,0,0
plater,0,0,0,0,0,0,0,0,0,0,0,0,0
pltesim,1,38466,0,0,0,0,0,1,0,0,0,0,0
rattle.data,1,1960088,0,1960045,0,0,0,6,0,5,0,0,0
twfy,0,0,0,0,0,0,0,0,0,0,0,0,0
net.security,1,294980,289152,0,0,0,0,4,2,0,0,0,0
tidygenomics,0,0,0,0,0,0,0,0,0,0,0,0,0
DZEXPM,1,2487,2487,0,0,0,0,1,1,0,0,0,0
MultiSkew,1,2000,0,2000,0,0,0,1,0,1,0,0,0
BCgee,1,976,0,976,0,0,0,2,0,2,0,0,0
corset,0,0,0,0,0,0,0,0,0,0,0,0,0
JumpTest,0,0,0,0,0,0,0,0,0,0,0,0,0
m2r,0,0,0,0,0,0,0,0,0,0,0,0,0
mljar,0,0,0,0,0,0,0,0,0,0,0,0,0
nlsrk,1,3765,3765,0,0,0,0,4,4,0,0,0,0
SCAT,0,0,0,0,0,0,0,0,0,0,0,0,0
MOQA,0,0,0,0,0,0,0,0,0,0,0,0,0
rMouse,0,0,0,0,0,0,0,0,0,0,0,0,0
rrcov3way,1,63216,63216,0,0,0,0,7,7,0,0,0,0
swapClass,0,0,0,0,0,0,0,0,0,0,0,0,0
ftDK,1,2209,2209,0,0,0,0,1,1,0,0,0,0
anchoredDistr,1,279659,0,279659,0,0,0,2,0,2,0,0,0
mssqlR,0,0,0,0,0,0,0,0,0,0,0,0,0
POMaSPU,0,0,0,0,0,0,0,0,0,0,0,0,0
rematch2,0,0,0,0,0,0,0,0,0,0,0,0,0
RLeafAngle,1,239468,0,66841,0,0,0,4,0,2,0,0,0
taxizedb,0,0,0,0,0,0,0,0,0,0,0,0,0
ukbabynames,1,586100,586100,0,0,0,0,2,2,0,0,0,0
clinPK,0,0,0,0,0,0,0,0,0,0,0,0,0
namedCapture,0,0,0,0,0,0,0,0,0,0,0,0,0
PeakError,0,0,0,0,0,0,0,0,0,0,0,0,0
sfadv,1,122057,0,122057,0,0,0,1,0,1,0,0,0
forecastSNSTS,0,0,0,0,0,0,0,0,0,0,0,0,0
processmonitR,0,0,0,0,0,0,0,0,0,0,0,0,0
ECFsup,0,0,0,0,0,0,0,0,0,0,0,0,0
secret,0,0,0,0,0,0,0,0,0,0,0,0,0
CityWaterBalance,1,11966,11966,0,0,0,0,1,1,0,0,0,0
phenopix,1,319879,319879,0,0,0,0,4,4,0,0,0,0
baseballDBR,1,79208,79208,0,0,0,0,4,4,0,0,0,0
dataverse,0,0,0,0,0,0,0,0,0,0,0,0,0
GeoRange,1,36397,0,36397,0,0,0,1,0,1,0,0,0
mccr,0,0,0,0,0,0,0,0,0,0,0,0,0
pleiades,0,0,0,0,0,0,0,0,0,0,0,0,0
zooaRchGUI,1,431726,0,431726,0,0,0,15,0,15,0,0,0
nscprepr,0,0,0,0,0,0,0,0,0,0,0,0,0
ZIBseq,1,40006,0,40006,0,0,0,1,0,1,0,0,0
d3Tree,1,5801,5801,0,0,0,0,1,1,0,0,0,0
argon2,0,0,0,0,0,0,0,0,0,0,0,0,0
patternator,1,2091,2091,0,0,0,0,1,1,0,0,0,0
SanFranBeachWater,0,0,0,0,0,0,0,0,0,0,0,0,0
standardize,1,6928,6928,0,0,0,0,1,1,0,0,0,0
featurizer,0,0,0,0,0,0,0,0,0,0,0,0,0
orderstats,0,0,0,0,0,0,0,0,0,0,0,0,0
colorpatch,1,3297,0,3297,0,0,0,3,0,3,0,0,0
soptdmaeA,0,0,0,0,0,0,0,0,0,0,0,0,0
frequencies,0,0,0,0,0,0,0,0,0,0,0,0,0
getmstatistic,1,141705,141705,0,0,0,0,1,1,0,0,0,0
mixEMM,1,930,930,0,0,0,0,1,1,0,0,0,0
Risk,0,0,0,0,0,0,0,0,0,0,0,0,0
xsp,0,0,0,0,0,0,0,0,0,0,0,0,0
gqlr,0,0,0,0,0,0,0,0,0,0,0,0,0
iNOTE,1,307821,307821,0,0,0,0,5,5,0,0,0,0
BAYESDEF,0,0,0,0,0,0,0,0,0,0,0,0,0
bdlp,0,0,0,0,0,0,0,0,0,0,0,0,0
covfefe,0,0,0,0,0,0,0,0,0,0,0,0,0
gamlssbssn,0,0,0,0,0,0,0,0,0,0,0,0,0
gghalfnorm,0,0,0,0,0,0,0,0,0,0,0,0,0
HDCI,0,0,0,0,0,0,0,0,0,0,0,0,0
iadf,1,7441,0,7441,0,0,0,2,0,2,0,0,0
piton,0,0,0,0,0,0,0,0,0,0,0,0,0
pwrAB,0,0,0,0,0,0,0,0,0,0,0,0,0
rpst,0,0,0,0,0,0,0,0,0,0,0,0,0
themetagenomics,1,243224,0,243224,0,0,0,2,0,2,0,0,0
zstdr,0,0,0,0,0,0,0,0,0,0,0,0,0
capn,1,10127,10127,0,0,0,0,2,2,0,0,0,0
imaginator,0,0,0,0,0,0,0,0,0,0,0,0,0
ck37r,0,0,0,0,0,0,0,0,0,0,0,0,0
eesim,0,0,0,0,0,0,0,0,0,0,0,0,0
glmertree,1,1298,1298,0,0,0,0,1,1,0,0,0,0
KRMM,0,0,0,0,0,0,0,0,0,0,0,0,0
NB.MClust,1,14396,0,14396,0,0,0,1,0,1,0,0,0
hypersampleplan,0,0,0,0,0,0,0,0,0,0,0,0,0
logOfGamma,0,0,0,0,0,0,0,0,0,0,0,0,0
webglobe,0,0,0,0,0,0,0,0,0,0,0,0,0
kerasR,0,0,0,0,0,0,0,0,0,0,0,0,0
QPBoot,1,9980,0,9980,0,0,0,1,0,1,0,0,0
baitmet,0,0,0,0,0,0,0,0,0,0,0,0,0
difconet,0,0,0,0,0,0,0,0,0,0,0,0,0
ElastH,1,422676,422676,0,0,0,0,1,1,0,0,0,0
ids,0,0,0,0,0,0,0,0,0,0,0,0,0
ImaginR,0,0,0,0,0,0,0,0,0,0,0,0,0
logistic4p,1,24040,0,24040,0,0,0,1,0,1,0,0,0
pencopulaCond,0,0,0,0,0,0,0,0,0,0,0,0,0
mdpeer,0,0,0,0,0,0,0,0,0,0,0,0,0
DDM,1,10288,10288,0,0,0,0,3,3,0,0,0,0
dfCompare,0,0,0,0,0,0,0,0,0,0,0,0,0
phrasemachine,0,0,0,0,0,0,0,0,0,0,0,0,0
here,0,0,0,0,0,0,0,0,0,0,0,0,0
SmartSVA,0,0,0,0,0,0,0,0,0,0,0,0,0
didrooRFM,0,0,0,0,0,0,0,0,0,0,0,0,0
polypoly,0,0,0,0,0,0,0,0,0,0,0,0,0
SeerMapper,1,2968783,2967763,0,0,0,0,82,81,0,0,0,0
stratvns,0,0,0,0,0,0,0,0,0,0,0,0,0
CharFun,0,0,0,0,0,0,0,0,0,0,0,0,0
stratbr,0,0,0,0,0,0,0,0,0,0,0,0,0
tictactoe,0,0,0,0,0,0,0,0,0,0,0,0,0
apng,0,0,0,0,0,0,0,0,0,0,0,0,0
rdoxygen,0,0,0,0,0,0,0,0,0,0,0,0,0
timelineR,0,0,0,0,0,0,0,0,0,0,0,0,0
TriadSim,1,16124,16124,0,0,0,0,2,2,0,0,0,0
lans2r,0,0,0,0,0,0,0,0,0,0,0,0,0
wally,1,52637,0,0,0,52637,0,2,0,0,0,2,0
RHPCBenchmark,0,0,0,0,0,0,0,0,0,0,0,0,0
RNAstructureModuleMiner,0,0,0,0,0,0,0,0,0,0,0,0,0
ROI.models.miplib,0,0,0,0,0,0,0,0,0,0,0,0,0
rpatrec,1,34100,0,34100,0,0,0,1,0,1,0,0,0
xLLiM,1,55380,55380,0,0,0,0,3,3,0,0,0,0
Rd2md,0,0,0,0,0,0,0,0,0,0,0,0,0
sotu,1,2670400,2670380,0,0,0,0,3,2,0,0,0,0
NPMOD,0,0,0,0,0,0,0,0,0,0,0,0,0
AHMbook,1,83983,77723,6260,0,0,0,6,5,1,0,0,0
CATT,0,0,0,0,0,0,0,0,0,0,0,0,0
checkarg,0,0,0,0,0,0,0,0,0,0,0,0,0
kdevine,1,69768,69768,0,0,0,0,1,1,0,0,0,0
numKM,0,0,0,0,0,0,0,0,0,0,0,0,0
poisbinom,0,0,0,0,0,0,0,0,0,0,0,0,0
printr,0,0,0,0,0,0,0,0,0,0,0,0,0
GUIgems,0,0,0,0,0,0,0,0,0,0,0,0,0
easyNCDF,0,0,0,0,0,0,0,0,0,0,0,0,0
zeligverse,0,0,0,0,0,0,0,0,0,0,0,0,0
ExcessMass,0,0,0,0,0,0,0,0,0,0,0,0,0
PROscorer,0,0,0,0,0,0,0,0,0,0,0,0,0
rif,0,0,0,0,0,0,0,0,0,0,0,0,0
PairwiseD,1,45400,0,0,0,45400,0,2,0,0,0,2,0
PROscorerTools,0,0,0,0,0,0,0,0,0,0,0,0,0
slim,1,3531,0,3531,0,0,0,1,0,1,0,0,0
gomms,1,4030,0,4030,0,0,0,1,0,1,0,0,0
GEEmediate,0,0,0,0,0,0,0,0,0,0,0,0,0
learnrbook,1,216048,216048,0,0,0,0,4,4,0,0,0,0
mbgraphic,1,200046,0,200046,0,0,0,2,0,2,0,0,0
diffMeshGP,0,0,0,0,0,0,0,0,0,0,0,0,0
EpistemicGameTheory,0,0,0,0,0,0,0,0,0,0,0,0,0
fastTextR,0,0,0,0,0,0,0,0,0,0,0,0,0
iGSEA,0,0,0,0,0,0,0,0,0,0,0,0,0
jocre,1,1052,1052,0,0,0,0,2,2,0,0,0,0
lifelogr,1,267419,267419,0,0,0,0,1,1,0,0,0,0
shinycssloaders,0,0,0,0,0,0,0,0,0,0,0,0,0
sinib,0,0,0,0,0,0,0,0,0,0,0,0,0
usedist,0,0,0,0,0,0,0,0,0,0,0,0,0
iECAT,1,26101,26093,0,0,0,0,2,1,0,0,0,0
lhmixr,1,4917,0,4899,0,0,0,3,0,2,0,0,0
pawls,0,0,0,0,0,0,0,0,0,0,0,0,0
WebGestaltR,0,0,0,0,0,0,0,0,0,0,0,0,0
lindia,0,0,0,0,0,0,0,0,0,0,0,0,0
lsasim,1,6088,0,6088,0,0,0,5,0,5,0,0,0
outbreaks,1,251216,0,251216,0,0,0,8,0,8,0,0,0
qrsvm,0,0,0,0,0,0,0,0,0,0,0,0,0
AcuityView,0,0,0,0,0,0,0,0,0,0,0,0,0
plotprotein,0,0,0,0,0,0,0,0,0,0,0,0,0
IndianTaxCalc,0,0,0,0,0,0,0,0,0,0,0,0,0
RPEXE.RPEXT,1,15466,0,15466,0,0,0,10,0,10,0,0,0
PROreg,0,0,0,0,0,0,0,0,0,0,0,0,0
pwr2,0,0,0,0,0,0,0,0,0,0,0,0,0
cowbell,1,20111,20111,0,0,0,0,2,2,0,0,0,0
crunchy,0,0,0,0,0,0,0,0,0,0,0,0,0
ContourFunctions,0,0,0,0,0,0,0,0,0,0,0,0,0
DataGraph,0,0,0,0,0,0,0,0,0,0,0,0,0
idar,1,15205,15205,0,0,0,0,3,3,0,0,0,0
seasonalview,0,0,0,0,0,0,0,0,0,0,0,0,0
kmcudaR,0,0,0,0,0,0,0,0,0,0,0,0,0
m2b,1,45187,0,45187,0,0,0,1,0,1,0,0,0
qrmix,1,7009,0,7009,0,0,0,1,0,1,0,0,0
discord,0,0,0,0,0,0,0,0,0,0,0,0,0
dsrTest,0,0,0,0,0,0,0,0,0,0,0,0,0
KSEAapp,1,594544,0,594544,0,0,0,5,0,5,0,0,0
mut,0,0,0,0,0,0,0,0,0,0,0,0,0
ncdump,0,0,0,0,0,0,0,0,0,0,0,0,0
onehot,0,0,0,0,0,0,0,0,0,0,0,0,0
angstroms,1,770716,770716,0,0,0,0,3,3,0,0,0,0
EML,0,0,0,0,0,0,0,0,0,0,0,0,0
MHTmult,0,0,0,0,0,0,0,0,0,0,0,0,0
MetaboList,0,0,0,0,0,0,0,0,0,0,0,0,0
pafdR,0,0,0,0,0,0,0,0,0,0,0,0,0
SPADAR,1,1996,0,1996,0,0,0,1,0,1,0,0,0
ChocoLattes,0,0,0,0,0,0,0,0,0,0,0,0,0
dataseries,0,0,0,0,0,0,0,0,0,0,0,0,0
mockr,0,0,0,0,0,0,0,0,0,0,0,0,0
casebase,1,15781,15781,0,0,0,0,2,2,0,0,0,0
gsrsb,0,0,0,0,0,0,0,0,0,0,0,0,0
WikidataQueryServiceR,0,0,0,0,0,0,0,0,0,0,0,0,0
aSPC,0,0,0,0,0,0,0,0,0,0,0,0,0
mstherm,0,0,0,0,0,0,0,0,0,0,0,0,0
bulletr,1,1661746,1661740,0,0,0,0,2,1,0,0,0,0
coxphMIC,0,0,0,0,0,0,0,0,0,0,0,0,0
md.log,0,0,0,0,0,0,0,0,0,0,0,0,0
censCov,0,0,0,0,0,0,0,0,0,0,0,0,0
RandMeta,0,0,0,0,0,0,0,0,0,0,0,0,0
zip,0,0,0,0,0,0,0,0,0,0,0,0,0
ajv,0,0,0,0,0,0,0,0,0,0,0,0,0
BarBorGradient,0,0,0,0,0,0,0,0,0,0,0,0,0
ider,1,845875,845875,0,0,0,0,1,1,0,0,0,0
nonpar,0,0,0,0,0,0,0,0,0,0,0,0,0
ring,0,0,0,0,0,0,0,0,0,0,0,0,0
selectapref,0,0,0,0,0,0,0,0,0,0,0,0,0
startR,0,0,0,0,0,0,0,0,0,0,0,0,0
chemmodlab,1,61371,61371,0,0,0,0,1,1,0,0,0,0
CrossScreening,1,98161,98161,0,0,0,0,2,2,0,0,0,0
KENDL,0,0,0,0,0,0,0,0,0,0,0,0,0
RpeakChrom,1,112008,112008,0,0,0,0,5,5,0,0,0,0
SADISA,1,14801,0,14801,0,0,0,2,0,2,0,0,0
simMP,1,20785,0,0,20785,0,0,1,0,0,1,0,0
statGraph,0,0,0,0,0,0,0,0,0,0,0,0,0
unix,0,0,0,0,0,0,0,0,0,0,0,0,0
PortfolioOptim,0,0,0,0,0,0,0,0,0,0,0,0,0
PCADSC,0,0,0,0,0,0,0,0,0,0,0,0,0
yarrr,1,285652,0,285652,0,0,0,10,0,10,0,0,0
icosa,0,0,0,0,0,0,0,0,0,0,0,0,0
TSGSIS,0,0,0,0,0,0,0,0,0,0,0,0,0
uqr,1,4274,4274,0,0,0,0,1,1,0,0,0,0
WLreg,0,0,0,0,0,0,0,0,0,0,0,0,0
mro,0,0,0,0,0,0,0,0,0,0,0,0,0
complexity,0,0,0,0,0,0,0,0,0,0,0,0,0
bayesCL,0,0,0,0,0,0,0,0,0,0,0,0,0
SeerMapper2010East,1,4347574,4347344,0,0,0,0,24,23,0,0,0,0
SeerMapper2010West,1,1973860,1973720,0,0,0,0,15,14,0,0,0,0
StatPerMeCo,0,0,0,0,0,0,0,0,0,0,0,0,0
thankr,0,0,0,0,0,0,0,0,0,0,0,0,0
fpest,0,0,0,0,0,0,0,0,0,0,0,0,0
nopaco,0,0,0,0,0,0,0,0,0,0,0,0,0
R2ucare,0,0,0,0,0,0,0,0,0,0,0,0,0
SeerMapper2010Regs,1,3048302,3048152,0,0,0,0,16,15,0,0,0,0
spec,1,3638,3638,0,0,0,0,1,1,0,0,0,0
Tnseq,1,46182,46182,0,0,0,0,1,1,0,0,0,0
tubern,0,0,0,0,0,0,0,0,0,0,0,0,0
wrangle,0,0,0,0,0,0,0,0,0,0,0,0,0
marcher,1,17866,17866,0,0,0,0,2,2,0,0,0,0
optrcdmaeAT,0,0,0,0,0,0,0,0,0,0,0,0,0
SeerMapperEast,1,4077014,4076784,0,0,0,0,24,23,0,0,0,0
SeerMapperWest,1,1931284,1931144,0,0,0,0,15,14,0,0,0,0
fastqcr,0,0,0,0,0,0,0,0,0,0,0,0,0
GADAG,1,7948,7948,0,0,0,0,1,1,0,0,0,0
GLIDE,1,1430632,1430624,0,0,0,0,2,1,0,0,0,0
D3GB,0,0,0,0,0,0,0,0,0,0,0,0,0
lspline,0,0,0,0,0,0,0,0,0,0,0,0,0
SeerMapperRegs,1,2869054,2868904,0,0,0,0,16,15,0,0,0,0
mRchmadness,1,233520,0,233520,0,0,0,13,0,13,0,0,0
skeletor,0,0,0,0,0,0,0,0,0,0,0,0,0
duckduckr,0,0,0,0,0,0,0,0,0,0,0,0,0
IMTest,1,64890,64890,0,0,0,0,2,2,0,0,0,0
MedDietCalc,1,53814,0,53814,0,0,0,1,0,1,0,0,0
micEconIndex,0,0,0,0,0,0,0,0,0,0,0,0,0
secure,1,717648,0,717648,0,0,0,3,0,3,0,0,0
sylcount,0,0,0,0,0,0,0,0,0,0,0,0,0
classifierplots,1,3310,3310,0,0,0,0,1,1,0,0,0,0
CoFRA,1,1821761,1821755,0,0,0,0,2,1,0,0,0,0
eshrink,0,0,0,0,0,0,0,0,0,0,0,0,0
zfa,1,13754,13754,0,0,0,0,1,1,0,0,0,0
HYRISK,0,0,0,0,0,0,0,0,0,0,0,0,0
TSMN,0,0,0,0,0,0,0,0,0,0,0,0,0
afmToolkit,1,835564,0,835564,0,0,0,1,0,1,0,0,0
groupsubsetselection,0,0,0,0,0,0,0,0,0,0,0,0,0
nlshelper,0,0,0,0,0,0,0,0,0,0,0,0,0
vesselr,0,0,0,0,0,0,0,0,0,0,0,0,0
xbreed,0,0,0,0,0,0,0,0,0,0,0,0,0
xyz,0,0,0,0,0,0,0,0,0,0,0,0,0
enrichR,0,0,0,0,0,0,0,0,0,0,0,0,0
medicare,1,652112,652112,0,0,0,0,4,4,0,0,0,0
grapes,0,0,0,0,0,0,0,0,0,0,0,0,0
InterfaceqPCR,0,0,0,0,0,0,0,0,0,0,0,0,0
SARP.moodle,0,0,0,0,0,0,0,0,0,0,0,0,0
tensorr,0,0,0,0,0,0,0,0,0,0,0,0,0
aptg,0,0,0,0,0,0,0,0,0,0,0,0,0
focusedMDS,0,0,0,0,0,0,0,0,0,0,0,0,0
kscons,1,254969,0,254689,0,0,0,3,0,2,0,0,0
optim.functions,0,0,0,0,0,0,0,0,0,0,0,0,0
BLModel,0,0,0,0,0,0,0,0,0,0,0,0,0
fam2r,1,26241,0,26241,0,0,0,7,0,7,0,0,0
metavcov,1,2750,2750,0,0,0,0,2,2,0,0,0,0
moezipfR,0,0,0,0,0,0,0,0,0,0,0,0,0
patternize,1,81242,81242,0,0,0,0,7,7,0,0,0,0
tilegramsR,1,329227,329227,0,0,0,0,27,27,0,0,0,0
tsqn,0,0,0,0,0,0,0,0,0,0,0,0,0
itan,1,2138,0,2138,0,0,0,2,0,2,0,0,0
shinyHeatmaply,0,0,0,0,0,0,0,0,0,0,0,0,0
NetworkRiskMeasures,1,4569,4569,0,0,0,0,1,1,0,0,0,0
slimrec,1,118742,0,118742,0,0,0,3,0,3,0,0,0
TeachBayes,0,0,0,0,0,0,0,0,0,0,0,0,0
vortexRdata,1,474699,474699,0,0,0,0,11,11,0,0,0,0
docstring,0,0,0,0,0,0,0,0,0,0,0,0,0
IPWsurvival,1,12776,12776,0,0,0,0,1,1,0,0,0,0
PCFAM,0,0,0,0,0,0,0,0,0,0,0,0,0
affluenceIndex,1,7212,7212,0,0,0,0,1,1,0,0,0,0
summariser,0,0,0,0,0,0,0,0,0,0,0,0,0
tsxtreme,0,0,0,0,0,0,0,0,0,0,0,0,0
CVR,1,717408,717408,0,0,0,0,2,2,0,0,0,0
pathmapping,0,0,0,0,0,0,0,0,0,0,0,0,0
xlsimple,0,0,0,0,0,0,0,0,0,0,0,0,0
FMC,0,0,0,0,0,0,0,0,0,0,0,0,0
gpg,0,0,0,0,0,0,0,0,0,0,0,0,0
orgutils,0,0,0,0,0,0,0,0,0,0,0,0,0
rnaturalearth,1,137392,137392,0,0,0,0,1,1,0,0,0,0
rolr,0,0,0,0,0,0,0,0,0,0,0,0,0
stmgp,0,0,0,0,0,0,0,0,0,0,0,0,0
EstimateGroupNetwork,0,0,0,0,0,0,0,0,0,0,0,0,0
Rvoterdistance,1,118053,0,118053,0,0,0,2,0,2,0,0,0
shinyShortcut,0,0,0,0,0,0,0,0,0,0,0,0,0
OSCV,0,0,0,0,0,0,0,0,0,0,0,0,0
BASS,0,0,0,0,0,0,0,0,0,0,0,0,0
BCSub,0,0,0,0,0,0,0,0,0,0,0,0,0
CNull,0,0,0,0,0,0,0,0,0,0,0,0,0
FlexDir,1,7502,7502,0,0,0,0,1,1,0,0,0,0
RankingProject,1,1407,1407,0,0,0,0,1,1,0,0,0,0
rolypoly,1,406651,406651,0,0,0,0,3,3,0,0,0,0
gee4,1,26882,26882,0,0,0,0,3,3,0,0,0,0
gatepoints,0,0,0,0,0,0,0,0,0,0,0,0,0
outreg,0,0,0,0,0,0,0,0,0,0,0,0,0
collpcm,1,3570,3570,0,0,0,0,3,3,0,0,0,0
radmixture,0,0,0,0,0,0,0,0,0,0,0,0,0
cmpprocess,1,922,0,922,0,0,0,4,0,4,0,0,0
iNextPD,1,1990,1990,0,0,0,0,1,1,0,0,0,0
rdataretriever,0,0,0,0,0,0,0,0,0,0,0,0,0
HoRM,1,10426,0,10426,0,0,0,21,0,21,0,0,0
SigOptR,0,0,0,0,0,0,0,0,0,0,0,0,0
CONS,0,0,0,0,0,0,0,0,0,0,0,0,0
iSDM,0,0,0,0,0,0,0,0,0,0,0,0,0
SymTS,0,0,0,0,0,0,0,0,0,0,0,0,0
VertexSort,1,6918,6918,0,0,0,0,1,1,0,0,0,0
badger,0,0,0,0,0,0,0,0,0,0,0,0,0
BCellMA,1,6719,6680,0,0,0,0,5,4,0,0,0,0
NHLData,1,344625,344625,0,0,0,0,98,98,0,0,0,0
readOffice,0,0,0,0,0,0,0,0,0,0,0,0,0
cpr,1,252367,252367,0,0,0,0,1,1,0,0,0,0
otinference,0,0,0,0,0,0,0,0,0,0,0,0,0
remindR,0,0,0,0,0,0,0,0,0,0,0,0,0
edarf,0,0,0,0,0,0,0,0,0,0,0,0,0
funchir,0,0,0,0,0,0,0,0,0,0,0,0,0
gt4ireval,1,7683,7683,0,0,0,0,2,2,0,0,0,0
MLID,1,2401616,2401596,0,0,0,0,3,2,0,0,0,0
twilio,0,0,0,0,0,0,0,0,0,0,0,0,0
VarED,0,0,0,0,0,0,0,0,0,0,0,0,0
CPsurv,1,12103,12103,0,0,0,0,1,1,0,0,0,0
SubgrpID,1,6656,6656,0,0,0,0,2,2,0,0,0,0
CensSpatial,1,680,680,0,0,0,0,1,1,0,0,0,0
cghRA,0,0,0,0,0,0,0,0,0,0,0,0,0
Dpit,1,1435,1435,0,0,0,0,1,1,0,0,0,0
cropdatape,1,183794,183794,0,0,0,0,1,1,0,0,0,0
fitplc,1,1223,1223,0,0,0,0,1,1,0,0,0,0
gaiah,1,642376,642376,0,0,0,0,9,9,0,0,0,0
WPKDE,0,0,0,0,0,0,0,0,0,0,0,0,0
DiffNet,0,0,0,0,0,0,0,0,0,0,0,0,0
rcc,0,0,0,0,0,0,0,0,0,0,0,0,0
dirmcmc,0,0,0,0,0,0,0,0,0,0,0,0,0
extdplyr,0,0,0,0,0,0,0,0,0,0,0,0,0
fontHind,0,0,0,0,0,0,0,0,0,0,0,0,0
fontMPlus,1,1223,1223,0,0,0,0,2,2,0,0,0,0
gbts,1,32858,0,32858,0,0,0,2,0,2,0,0,0
leafletCN,1,3975,3975,0,0,0,0,2,2,0,0,0,0
misreport,1,115868,115868,0,0,0,0,1,1,0,0,0,0
automagic,0,0,0,0,0,0,0,0,0,0,0,0,0
AWR.Kinesis,0,0,0,0,0,0,0,0,0,0,0,0,0
betacal,0,0,0,0,0,0,0,0,0,0,0,0,0
ccafs,0,0,0,0,0,0,0,0,0,0,0,0,0
europop,1,14098,14098,0,0,0,0,2,2,0,0,0,0
som.nn,0,0,0,0,0,0,0,0,0,0,0,0,0
TAR,0,0,0,0,0,0,0,0,0,0,0,0,0
EnviroPRA,0,0,0,0,0,0,0,0,0,0,0,0,0
InvasionCorrection,0,0,0,0,0,0,0,0,0,0,0,0,0
naptime,0,0,0,0,0,0,0,0,0,0,0,0,0
neighbr,0,0,0,0,0,0,0,0,0,0,0,0,0
prefeR,0,0,0,0,0,0,0,0,0,0,0,0,0
robustarima,1,4594,4594,0,0,0,0,3,3,0,0,0,0
BayesSpec,1,18215,18215,0,0,0,0,2,2,0,0,0,0
BCC1997,0,0,0,0,0,0,0,0,0,0,0,0,0
bsearchtools,0,0,0,0,0,0,0,0,0,0,0,0,0
DecorateR,0,0,0,0,0,0,0,0,0,0,0,0,0
lclGWAS,0,0,0,0,0,0,0,0,0,0,0,0,0
mle.tools,0,0,0,0,0,0,0,0,0,0,0,0,0
rnaturalearthdata,1,3213967,3213808,0,0,0,0,12,11,0,0,0,0
stdvectors,0,0,0,0,0,0,0,0,0,0,0,0,0
AWR.KMS,0,0,0,0,0,0,0,0,0,0,0,0,0
BayesFM,0,0,0,0,0,0,0,0,0,0,0,0,0
colorr,0,0,0,0,0,0,0,0,0,0,0,0,0
fileplyr,0,0,0,0,0,0,0,0,0,0,0,0,0
gMOIP,0,0,0,0,0,0,0,0,0,0,0,0,0
GSparO,0,0,0,0,0,0,0,0,0,0,0,0,0
upmfit,1,8249,8249,0,0,0,0,1,1,0,0,0,0
educineq,1,149326,149326,0,0,0,0,7,7,0,0,0,0
keyringr,0,0,0,0,0,0,0,0,0,0,0,0,0
marinespeed,0,0,0,0,0,0,0,0,0,0,0,0,0
opusminer,0,0,0,0,0,0,0,0,0,0,0,0,0
rope,1,655657,0,655657,0,0,0,1,0,1,0,0,0
spdownscale,1,64192,64192,0,0,0,0,3,3,0,0,0,0
ubeR,0,0,0,0,0,0,0,0,0,0,0,0,0
condir,0,0,0,0,0,0,0,0,0,0,0,0,0
velociraptr,0,0,0,0,0,0,0,0,0,0,0,0,0
warpMix,0,0,0,0,0,0,0,0,0,0,0,0,0
dgodata,1,4903771,4903711,0,0,0,0,6,5,0,0,0,0
eefAnalytics,1,4001,4001,0,0,0,0,2,2,0,0,0,0
paperplanes,1,5881,5881,0,0,0,0,1,1,0,0,0,0
rapiclient,0,0,0,0,0,0,0,0,0,0,0,0,0
HRQoL,0,0,0,0,0,0,0,0,0,0,0,0,0
maxnet,1,22480,22480,0,0,0,0,1,1,0,0,0,0
optbdmaeAT,0,0,0,0,0,0,0,0,0,0,0,0,0
BayesCombo,0,0,0,0,0,0,0,0,0,0,0,0,0
FuzzyStatTra,1,2859,2859,0,0,0,0,4,4,0,0,0,0
OCA,1,5647,5647,0,0,0,0,2,2,0,0,0,0
GPB,0,0,0,0,0,0,0,0,0,0,0,0,0
cbird,0,0,0,0,0,0,0,0,0,0,0,0,0
mdftracks,1,392,392,0,0,0,0,1,1,0,0,0,0
QuantileGradeR,1,3303,3303,0,0,0,0,2,2,0,0,0,0
samplingDataCRT,0,0,0,0,0,0,0,0,0,0,0,0,0
SMLoutliers,1,440,440,0,0,0,0,1,1,0,0,0,0
mbrglm,1,587,587,0,0,0,0,1,1,0,0,0,0
flippant,0,0,0,0,0,0,0,0,0,0,0,0,0
superheat,0,0,0,0,0,0,0,0,0,0,0,0,0
moveWindSpeed,1,448901,448901,0,0,0,0,1,1,0,0,0,0
mpe,0,0,0,0,0,0,0,0,0,0,0,0,0
readHAC,0,0,0,0,0,0,0,0,0,0,0,0,0
SignifReg,0,0,0,0,0,0,0,0,0,0,0,0,0
EnsCat,1,2388890,254295,2134563,0,0,0,5,2,2,0,0,0
ShinyTester,0,0,0,0,0,0,0,0,0,0,0,0,0
sonify,0,0,0,0,0,0,0,0,0,0,0,0,0
ssmsn,0,0,0,0,0,0,0,0,0,0,0,0,0
iBST,1,1858,1858,0,0,0,0,1,1,0,0,0,0
flood,0,0,0,0,0,0,0,0,0,0,0,0,0
inspectr,1,718,718,0,0,0,0,1,1,0,0,0,0
observer,0,0,0,0,0,0,0,0,0,0,0,0,0
poio,1,3259,0,3259,0,0,0,2,0,2,0,0,0
alphabetr,0,0,0,0,0,0,0,0,0,0,0,0,0
gbp,0,0,0,0,0,0,0,0,0,0,0,0,0
hurricaneexposure,0,0,0,0,0,0,0,0,0,0,0,0,0
tracer,0,0,0,0,0,0,0,0,0,0,0,0,0
LumReader,0,0,0,0,0,0,0,0,0,0,0,0,0
sparsestep,0,0,0,0,0,0,0,0,0,0,0,0,0
BayesPieceHazSelect,0,0,0,0,0,0,0,0,0,0,0,0,0
eclust,1,3722665,3722650,0,0,0,0,3,2,0,0,0,0
nparsurv,0,0,0,0,0,0,0,0,0,0,0,0,0
mutSignatures,0,0,0,0,0,0,0,0,0,0,0,0,0
NORMA,0,0,0,0,0,0,0,0,0,0,0,0,0
powerEQTL,0,0,0,0,0,0,0,0,0,0,0,0,0
rKIN,1,2422,2422,0,0,0,0,1,1,0,0,0,0
simpleSetup,0,0,0,0,0,0,0,0,0,0,0,0,0
chi2x3way,1,481,481,0,0,0,0,2,2,0,0,0,0
skm,1,796924,796924,0,0,0,0,2,2,0,0,0,0
ICV,0,0,0,0,0,0,0,0,0,0,0,0,0
intrval,0,0,0,0,0,0,0,0,0,0,0,0,0
kpcalg,0,0,0,0,0,0,0,0,0,0,0,0,0
mglR,1,842,842,0,0,0,0,1,1,0,0,0,0
SOFIA,1,137131,0,137131,0,0,0,1,0,1,0,0,0
tea,1,18966,18966,0,0,0,0,1,1,0,0,0,0
teda,0,0,0,0,0,0,0,0,0,0,0,0,0
rcure,0,0,0,0,0,0,0,0,0,0,0,0,0
testforDEP,1,777,777,0,0,0,0,1,1,0,0,0,0
bytescircle,0,0,0,0,0,0,0,0,0,0,0,0,0
caesar,0,0,0,0,0,0,0,0,0,0,0,0,0
cleanr,0,0,0,0,0,0,0,0,0,0,0,0,0
conditions,0,0,0,0,0,0,0,0,0,0,0,0,0
bayesianETAS,0,0,0,0,0,0,0,0,0,0,0,0,0
rCAT,0,0,0,0,0,0,0,0,0,0,0,0,0
cumstats,0,0,0,0,0,0,0,0,0,0,0,0,0
maxmatching,0,0,0,0,0,0,0,0,0,0,0,0,0
PoSI,0,0,0,0,0,0,0,0,0,0,0,0,0
InfiniumPurify,1,821566,0,821566,0,0,0,3,0,3,0,0,0
rwars,0,0,0,0,0,0,0,0,0,0,0,0,0
GeneClusterNet,1,27351,27351,0,0,0,0,1,1,0,0,0,0
SADEG,0,0,0,0,0,0,0,0,0,0,0,0,0
sparkwarc,0,0,0,0,0,0,0,0,0,0,0,0,0
EBrank,0,0,0,0,0,0,0,0,0,0,0,0,0
rld,1,273,273,0,0,0,0,1,1,0,0,0,0
zTree,0,0,0,0,0,0,0,0,0,0,0,0,0
esmisc,0,0,0,0,0,0,0,0,0,0,0,0,0
NetWeaver,1,6969,0,6969,0,0,0,1,0,1,0,0,0
QRank,0,0,0,0,0,0,0,0,0,0,0,0,0
BoolFilter,1,1218,1218,0,0,0,0,3,3,0,0,0,0
esaddle,0,0,0,0,0,0,0,0,0,0,0,0,0
rjsonapi,0,0,0,0,0,0,0,0,0,0,0,0,0
sysid,1,455571,455571,0,0,0,0,8,8,0,0,0,0
BivRegBLS,1,2933,2933,0,0,0,0,2,2,0,0,0,0
fabCI,1,3048,0,3048,0,0,0,1,0,1,0,0,0
ltxsparklines,0,0,0,0,0,0,0,0,0,0,0,0,0
Plasmidprofiler,1,12856,0,12856,0,0,0,3,0,3,0,0,0
semver,0,0,0,0,0,0,0,0,0,0,0,0,0
crisp,0,0,0,0,0,0,0,0,0,0,0,0,0
FixSeqMTP,0,0,0,0,0,0,0,0,0,0,0,0,0
requireR,0,0,0,0,0,0,0,0,0,0,0,0,0
dSVA,1,3844858,0,3844851,0,0,0,2,0,1,0,0,0
HeritSeq,1,2202740,0,2202652,0,0,0,2,0,1,0,0,0
minimalRSD,0,0,0,0,0,0,0,0,0,0,0,0,0
Partiallyoverlapping,0,0,0,0,0,0,0,0,0,0,0,0,0
pwt9,1,1253227,1253220,0,0,0,0,2,1,0,0,0,0
Redmonder,0,0,0,0,0,0,0,0,0,0,0,0,0
tsdecomp,0,0,0,0,0,0,0,0,0,0,0,0,0
TSeriesMMA,0,0,0,0,0,0,0,0,0,0,0,0,0
colr,1,212,212,0,0,0,0,1,1,0,0,0,0
FTRLProximal,0,0,0,0,0,0,0,0,0,0,0,0,0
natserv,1,731,731,0,0,0,0,1,1,0,0,0,0
awsjavasdk,0,0,0,0,0,0,0,0,0,0,0,0,0
censys,0,0,0,0,0,0,0,0,0,0,0,0,0
hds,1,6143,6143,0,0,0,0,1,1,0,0,0,0
bossMaps,1,160337,160337,0,0,0,0,6,6,0,0,0,0
attrCUSUM,0,0,0,0,0,0,0,0,0,0,0,0,0
acrt,0,0,0,0,0,0,0,0,0,0,0,0,0
bayesloglin,1,312,312,0,0,0,0,1,1,0,0,0,0
DStree,0,0,0,0,0,0,0,0,0,0,0,0,0
KTensorGraphs,0,0,0,0,0,0,0,0,0,0,0,0,0
restrictedMVN,0,0,0,0,0,0,0,0,0,0,0,0,0
rFTRLProximal,0,0,0,0,0,0,0,0,0,0,0,0,0
spark.sas7bdat,0,0,0,0,0,0,0,0,0,0,0,0,0
UStatBookABSC,1,734,716,0,0,0,0,2,1,0,0,0,0
DISTRIB,0,0,0,0,0,0,0,0,0,0,0,0,0
factorcpt,0,0,0,0,0,0,0,0,0,0,0,0,0
utf8latex,0,0,0,0,0,0,0,0,0,0,0,0,0
findviews,0,0,0,0,0,0,0,0,0,0,0,0,0
ggguitar,1,1728,0,568,0,0,1160,2,0,1,0,0,1
ROI.models.netlib,0,0,0,0,0,0,0,0,0,0,0,0,0
ztype,0,0,0,0,0,0,0,0,0,0,0,0,0
crosstalk,0,0,0,0,0,0,0,0,0,0,0,0,0
pgee.mixed,0,0,0,0,0,0,0,0,0,0,0,0,0
rocNIT,0,0,0,0,0,0,0,0,0,0,0,0,0
SpaTimeClus,1,23261,23261,0,0,0,0,1,1,0,0,0,0
aws.ses,0,0,0,0,0,0,0,0,0,0,0,0,0
SPPcomb,1,86147,85528,0,0,0,0,3,2,0,0,0,0
stmgui,1,73264,0,18938,0,0,54326,2,0,1,0,0,1
pipeliner,0,0,0,0,0,0,0,0,0,0,0,0,0
DirectStandardisation,0,0,0,0,0,0,0,0,0,0,0,0,0
magicfor,0,0,0,0,0,0,0,0,0,0,0,0,0
MTDrh,1,2200873,2200864,0,0,0,0,3,2,0,0,0,0
MWRidge,0,0,0,0,0,0,0,0,0,0,0,0,0
PepSAVIms,1,2327252,2327235,0,0,0,0,3,2,0,0,0,0
FinancialMath,0,0,0,0,0,0,0,0,0,0,0,0,0
coprimary,0,0,0,0,0,0,0,0,0,0,0,0,0
BTYDplus,1,15749,15749,0,0,0,0,1,1,0,0,0,0
bpp,0,0,0,0,0,0,0,0,0,0,0,0,0
MODISSnow,0,0,0,0,0,0,0,0,0,0,0,0,0
poptrend,1,50565,50565,0,0,0,0,2,2,0,0,0,0
ampd,0,0,0,0,0,0,0,0,0,0,0,0,0
DNLC,0,0,0,0,0,0,0,0,0,0,0,0,0
errorizer,0,0,0,0,0,0,0,0,0,0,0,0,0
rtrends,1,8473,8473,0,0,0,0,2,2,0,0,0,0
CuCubes,1,901372,0,901372,0,0,0,1,0,1,0,0,0
GLMaSPU,0,0,0,0,0,0,0,0,0,0,0,0,0
magree,1,803,803,0,0,0,0,1,1,0,0,0,0
rrr,1,763208,763208,0,0,0,0,3,3,0,0,0,0
aws.polly,0,0,0,0,0,0,0,0,0,0,0,0,0
gofMC,0,0,0,0,0,0,0,0,0,0,0,0,0
Radviz,0,0,0,0,0,0,0,0,0,0,0,0,0
DCM,0,0,0,0,0,0,0,0,0,0,0,0,0
icesVocab,0,0,0,0,0,0,0,0,0,0,0,0,0
rccmisc,0,0,0,0,0,0,0,0,0,0,0,0,0
robustsae,1,6127,6127,0,0,0,0,2,2,0,0,0,0
AmmoniaConcentration,0,0,0,0,0,0,0,0,0,0,0,0,0
bannerCommenter,0,0,0,0,0,0,0,0,0,0,0,0,0
bridger2,1,154795,0,154795,0,0,0,4,0,4,0,0,0
easypackages,0,0,0,0,0,0,0,0,0,0,0,0,0
melviewr,0,0,0,0,0,0,0,0,0,0,0,0,0
MultiBD,1,235,235,0,0,0,0,1,1,0,0,0,0
optigrab,0,0,0,0,0,0,0,0,0,0,0,0,0
PANDA,1,118313,118313,0,0,0,0,4,4,0,0,0,0
rt3,0,0,0,0,0,0,0,0,0,0,0,0,0
tswge,1,359432,359432,0,0,0,0,101,101,0,0,0,0
phuassess,1,2510,2510,0,0,0,0,1,1,0,0,0,0
SISIR,0,0,0,0,0,0,0,0,0,0,0,0,0
rhnerm,0,0,0,0,0,0,0,0,0,0,0,0,0
ClimDown,0,0,0,0,0,0,0,0,0,0,0,0,0
vkR,0,0,0,0,0,0,0,0,0,0,0,0,0
deconvolveR,1,12507,12507,0,0,0,0,3,3,0,0,0,0
freqdist,0,0,0,0,0,0,0,0,0,0,0,0,0
gbs2ploidy,1,1295148,1295144,0,0,0,0,2,1,0,0,0,0
rxSeq,1,10695,10695,0,0,0,0,2,2,0,0,0,0
camsRad,0,0,0,0,0,0,0,0,0,0,0,0,0
eMLEloglin,1,496,496,0,0,0,0,1,1,0,0,0,0
effectFusion,1,52196,0,52196,0,0,0,2,0,2,0,0,0
listdtr,0,0,0,0,0,0,0,0,0,0,0,0,0
Przewodnik,1,1297097,1297019,0,0,0,0,10,9,0,0,0,0
testassay,1,1443,1443,0,0,0,0,1,1,0,0,0,0
tsdisagg2,0,0,0,0,0,0,0,0,0,0,0,0,0
GeomComb,0,0,0,0,0,0,0,0,0,0,0,0,0
notifyme,0,0,0,0,0,0,0,0,0,0,0,0,0
aslib,0,0,0,0,0,0,0,0,0,0,0,0,0
dynetNLAResistance,1,469118,469118,0,0,0,0,1,1,0,0,0,0
rIsing,0,0,0,0,0,0,0,0,0,0,0,0,0
rlo,0,0,0,0,0,0,0,0,0,0,0,0,0
survAWKMT2,0,0,0,0,0,0,0,0,0,0,0,0,0
quarrint,1,6507,0,6507,0,0,0,1,0,1,0,0,0
RDStreeboot,1,38502,0,38502,0,0,0,1,0,1,0,0,0
epistasis,1,10175,0,10175,0,0,0,1,0,1,0,0,0
SpaCCr,1,392673,392673,0,0,0,0,1,1,0,0,0,0
strat,1,141672,141672,0,0,0,0,1,1,0,0,0,0
mbclusterwise,1,4239,4239,0,0,0,0,1,1,0,0,0,0
ockc,0,0,0,0,0,0,0,0,0,0,0,0,0
Rdtq,0,0,0,0,0,0,0,0,0,0,0,0,0
pstest,0,0,0,0,0,0,0,0,0,0,0,0,0
relabeLoadings,0,0,0,0,0,0,0,0,0,0,0,0,0
ADCT,0,0,0,0,0,0,0,0,0,0,0,0,0
climbeR,0,0,0,0,0,0,0,0,0,0,0,0,0
DGCA,1,446875,446875,0,0,0,0,3,3,0,0,0,0
gwfa,1,1612560,0,1612534,0,0,0,3,0,2,0,0,0
NegBinBetaBinreg,0,0,0,0,0,0,0,0,0,0,0,0,0
tinsel,0,0,0,0,0,0,0,0,0,0,0,0,0
apdesign,1,1122,0,1122,0,0,0,2,0,2,0,0,0
colormap,0,0,0,0,0,0,0,0,0,0,0,0,0
WEE,0,0,0,0,0,0,0,0,0,0,0,0,0
PhyInformR,1,131631,131631,0,0,0,0,5,5,0,0,0,0
CSclone,0,0,0,0,0,0,0,0,0,0,0,0,0
flock,0,0,0,0,0,0,0,0,0,0,0,0,0
jointNmix,0,0,0,0,0,0,0,0,0,0,0,0,0
LEANR,1,1438135,1438077,0,0,0,0,7,6,0,0,0,0
Planesmuestra,1,5027,5027,0,0,0,0,9,9,0,0,0,0
ptest,1,791864,791864,0,0,0,0,15,15,0,0,0,0
qiitr,0,0,0,0,0,0,0,0,0,0,0,0,0
sparkline,0,0,0,0,0,0,0,0,0,0,0,0,0
XRSCC,1,7303,7303,0,0,0,0,8,8,0,0,0,0
medfate,1,41331,41331,0,0,0,0,5,5,0,0,0,0
cthreshER,1,1714,1714,0,0,0,0,1,1,0,0,0,0
exteriorMatch,0,0,0,0,0,0,0,0,0,0,0,0,0
RSIP,1,277,0,0,277,0,0,1,0,0,1,0,0
HARtools,0,0,0,0,0,0,0,0,0,0,0,0,0
horseshoe,0,0,0,0,0,0,0,0,0,0,0,0,0
msaFACE,1,2619,0,2619,0,0,0,1,0,1,0,0,0
pirate,0,0,0,0,0,0,0,0,0,0,0,0,0
rehh.data,1,2874418,0,2874396,0,0,0,3,0,2,0,0,0
wvtool,1,3100887,3100866,0,0,0,0,3,2,0,0,0,0
diffrprojectswidget,0,0,0,0,0,0,0,0,0,0,0,0,0
regtools,1,373937,0,0,0,373921,0,3,0,0,0,2,0
Rga4gh,0,0,0,0,0,0,0,0,0,0,0,0,0
starmie,0,0,0,0,0,0,0,0,0,0,0,0,0
varband,0,0,0,0,0,0,0,0,0,0,0,0,0
diffrprojects,1,1061,0,0,0,0,0,2,0,0,0,0,0
varSel,1,1562158,1562153,0,0,0,0,2,1,0,0,0,0
ordcrm,0,0,0,0,0,0,0,0,0,0,0,0,0
packagedocs,0,0,0,0,0,0,0,0,0,0,0,0,0
MiRAnorm,0,0,0,0,0,0,0,0,0,0,0,0,0
rtext,1,3251,0,0,0,0,0,2,0,0,0,0,0
stringb,0,0,0,0,0,0,0,0,0,0,0,0,0
rRAP,0,0,0,0,0,0,0,0,0,0,0,0,0
AdjBQR,0,0,0,0,0,0,0,0,0,0,0,0,0
gtheory,1,960,0,960,0,0,0,2,0,2,0,0,0
mhtboot,0,0,0,0,0,0,0,0,0,0,0,0,0
RDota2,0,0,0,0,0,0,0,0,0,0,0,0,0
rgeoapi,0,0,0,0,0,0,0,0,0,0,0,0,0
endogenous,0,0,0,0,0,0,0,0,0,0,0,0,0
spftir,1,635416,635416,0,0,0,0,1,1,0,0,0,0
triangulation,0,0,0,0,0,0,0,0,0,0,0,0,0
MIDN,0,0,0,0,0,0,0,0,0,0,0,0,0
spellcheckr,1,862245,0,862240,0,0,0,2,0,1,0,0,0
fizzbuzzR,0,0,0,0,0,0,0,0,0,0,0,0,0
countyweather,1,94039,94039,0,0,0,0,2,2,0,0,0,0
IRATER,0,0,0,0,0,0,0,0,0,0,0,0,0
gym,0,0,0,0,0,0,0,0,0,0,0,0,0
ABC.RAP,1,4595549,4595504,0,0,0,0,4,3,0,0,0,0
corlink,0,0,0,0,0,0,0,0,0,0,0,0,0
ggloop,0,0,0,0,0,0,0,0,0,0,0,0,0
MullerPlot,1,3120,3120,0,0,0,0,3,3,0,0,0,0
validatejsonr,0,0,0,0,0,0,0,0,0,0,0,0,0
PCSinR,0,0,0,0,0,0,0,0,0,0,0,0,0
cryst,1,76928,76928,0,0,0,0,2,2,0,0,0,0
TDPanalysis,1,4176,4176,0,0,0,0,1,1,0,0,0,0
GraphFactor,0,0,0,0,0,0,0,0,0,0,0,0,0
KnapsackSampling,0,0,0,0,0,0,0,0,0,0,0,0,0
fontLiberation,0,0,0,0,0,0,0,0,0,0,0,0,0
RSarules,0,0,0,0,0,0,0,0,0,0,0,0,0
types,0,0,0,0,0,0,0,0,0,0,0,0,0
dbfaker,0,0,0,0,0,0,0,0,0,0,0,0,0
ISR3,0,0,0,0,0,0,0,0,0,0,0,0,0
scan,1,3789,0,3789,0,0,0,1,0,1,0,0,0
convertr,0,0,0,0,0,0,0,0,0,0,0,0,0
MethodCompare,1,36344,36344,0,0,0,0,3,3,0,0,0,0
exp2flux,0,0,0,0,0,0,0,0,0,0,0,0,0
haploReconstruct,1,4919027,4919020,0,0,0,0,2,1,0,0,0,0
rgw,0,0,0,0,0,0,0,0,0,0,0,0,0
valorate,0,0,0,0,0,0,0,0,0,0,0,0,0
ptwikiwords,1,749841,749841,0,0,0,0,1,1,0,0,0,0
sharpeRratio,1,4786,4786,0,0,0,0,1,1,0,0,0,0
tsSelect,1,2074,2074,0,0,0,0,2,2,0,0,0,0
sAIC,0,0,0,0,0,0,0,0,0,0,0,0,0
ordDisp,1,8429,8429,0,0,0,0,1,1,0,0,0,0
EBASS,0,0,0,0,0,0,0,0,0,0,0,0,0
fixedTimeEvents,0,0,0,0,0,0,0,0,0,0,0,0,0
expandFunctions,0,0,0,0,0,0,0,0,0,0,0,0,0
sBIC,0,0,0,0,0,0,0,0,0,0,0,0,0
