pkg_name,src_dir_present,src_files_size_total,src_files_size_h,src_files_size_cpp,src_files_size_c,src_files_cnt_total,src_files_cnt_h,src_files_cnt_cpp,src_files_cnt_c
gcite,0,0,0,0,0,0,0,0,0
EdSurvey,0,0,0,0,0,0,0,0,0
fdq,0,0,0,0,0,0,0,0,0
RBesT,1,54943,0,3654,0,5,0,2,0
recipes,0,0,0,0,0,0,0,0,0
tensorflow,0,0,0,0,0,0,0,0,0
BART,1,89491,23117,65496,782,25,11,11,1
cleanNLP,0,0,0,0,0,0,0,0,0
lvnet,0,0,0,0,0,0,0,0,0
pinbasic,0,0,0,0,0,0,0,0,0
RcppMsgPack,1,4278,0,4149,0,4,0,3,0
SpaDES.core,0,0,0,0,0,0,0,0,0
valr,1,44509,0,44372,0,14,0,12,0
ggeffects,0,0,0,0,0,0,0,0,0
wTO,0,0,0,0,0,0,0,0,0
ems,0,0,0,0,0,0,0,0,0
GENEAclassify,0,0,0,0,0,0,0,0,0
jmv,0,0,0,0,0,0,0,0,0
reproducible,0,0,0,0,0,0,0,0,0
canvasXpress,0,0,0,0,0,0,0,0,0
divest,1,390888,21983,368586,0,19,10,8,0
FRegSigCom,0,0,0,0,0,0,0,0,0
hommel,1,14939,0,14939,0,3,0,3,0
pkggraph,0,0,0,0,0,0,0,0,0
POUMM,1,9701,0,9701,0,2,0,2,0
Rdimtools,1,51758,2271,49205,0,10,3,5,0
wrapr,0,0,0,0,0,0,0,0,0
DescToolsAddIns,0,0,0,0,0,0,0,0,0
giphyr,0,0,0,0,0,0,0,0,0
GJRM,0,0,0,0,0,0,0,0,0
LNIRT,0,0,0,0,0,0,0,0,0
mnreadR,0,0,0,0,0,0,0,0,0
palm,1,3517,0,3377,0,5,0,3,0
personalized,0,0,0,0,0,0,0,0,0
configr,0,0,0,0,0,0,0,0,0
dimRed,0,0,0,0,0,0,0,0,0
helixvis,0,0,0,0,0,0,0,0,0
skpr,1,49489,0,49392,0,14,0,12,0
sys,1,10265,0,0,10265,3,0,0,3
fastLink,1,13812,0,12766,568,5,0,2,1
fingertipsR,0,0,0,0,0,0,0,0,0
FSelectorRcpp,1,18212,309,15754,1839,12,1,8,1
reqres,0,0,0,0,0,0,0,0,0
STARTS,0,0,0,0,0,0,0,0,0
AMCTestmakeR,0,0,0,0,0,0,0,0,0
nandb,1,27120,0,10256,2250,6,0,2,1
Rcrawler,0,0,0,0,0,0,0,0,0
reportReg,0,0,0,0,0,0,0,0,0
aphid,1,69556,0,69478,0,6,0,5,0
gastempt,1,215611,0,18523,0,5,0,2,0
antiword,1,1304056,190585,0,771537,110,9,0,64
arsenal,0,0,0,0,0,0,0,0,0
dtangle,0,0,0,0,0,0,0,0,0
httptest,0,0,0,0,0,0,0,0,0
idefix,0,0,0,0,0,0,0,0,0
MALDIrppa,0,0,0,0,0,0,0,0,0
quickPlot,0,0,0,0,0,0,0,0,0
survHE,1,338967,0,25807,0,4,0,2,0
unrtf,1,294643,41254,0,222303,39,16,0,15
walker,1,82358,0,4816,476,5,0,1,1
MADPop,1,29122,25278,611,0,5,1,1,0
memapp,0,0,0,0,0,0,0,0,0
breathteststan,1,42158,0,2959,0,5,0,2,0
elasticsearchr,0,0,0,0,0,0,0,0,0
exampletestr,0,0,0,0,0,0,0,0,0
gggenes,0,0,0,0,0,0,0,0,0
huxtable,0,0,0,0,0,0,0,0,0
worrms,0,0,0,0,0,0,0,0,0
mdmb,0,0,0,0,0,0,0,0,0
webmockr,0,0,0,0,0,0,0,0,0
WVPlots,0,0,0,0,0,0,0,0,0
augSIMEX,1,20178,0,20178,0,8,0,8,0
autothresholdr,0,0,0,0,0,0,0,0,0
eulerr,0,0,0,0,0,0,0,0,0
jmvcore,0,0,0,0,0,0,0,0,0
semtree,0,0,0,0,0,0,0,0,0
sessioninfo,0,0,0,0,0,0,0,0,0
shinyWidgets,0,0,0,0,0,0,0,0,0
spant,0,0,0,0,0,0,0,0,0
KarsTS,0,0,0,0,0,0,0,0,0
sigr,0,0,0,0,0,0,0,0,0
egg,0,0,0,0,0,0,0,0,0
numform,0,0,0,0,0,0,0,0,0
owmr,0,0,0,0,0,0,0,0,0
tidyRSS,0,0,0,0,0,0,0,0,0
dexter,1,1140,158,0,982,2,1,0,1
redlistr,0,0,0,0,0,0,0,0,0
tesseract,1,5508,344,4508,0,6,2,2,0
VARtests,1,18223,0,17182,944,8,0,5,1
hutils,0,0,0,0,0,0,0,0,0
incidence,0,0,0,0,0,0,0,0,0
automultinomial,0,0,0,0,0,0,0,0,0
flextable,0,0,0,0,0,0,0,0,0
gibble,0,0,0,0,0,0,0,0,0
mvord,1,18877,0,0,524,2,0,0,1
RATest,0,0,0,0,0,0,0,0,0
restriktor,0,0,0,0,0,0,0,0,0
shallot,0,0,0,0,0,0,0,0,0
spatstat.utils,1,45804,3378,0,42426,12,3,0,9
AMModels,0,0,0,0,0,0,0,0,0
cpt,0,0,0,0,0,0,0,0,0
filesstrings,1,12897,0,5441,1908,3,0,1,1
GDINA,1,24539,0,24341,0,13,0,11,0
greta,0,0,0,0,0,0,0,0,0
lemon,0,0,0,0,0,0,0,0,0
vennLasso,1,300524,274947,24773,233,36,31,2,1
rsparkling,0,0,0,0,0,0,0,0,0
strip,0,0,0,0,0,0,0,0,0
atus,0,0,0,0,0,0,0,0,0
ebimetagenomics,0,0,0,0,0,0,0,0,0
spectrolab,0,0,0,0,0,0,0,0,0
sugrrants,0,0,0,0,0,0,0,0,0
uavRmp,0,0,0,0,0,0,0,0,0
vistime,0,0,0,0,0,0,0,0,0
ggspatial,0,0,0,0,0,0,0,0,0
BayesS5,0,0,0,0,0,0,0,0,0
commonsMath,0,0,0,0,0,0,0,0,0
drake,0,0,0,0,0,0,0,0,0
latexpdf,0,0,0,0,0,0,0,0,0
link2GI,0,0,0,0,0,0,0,0,0
electoral,0,0,0,0,0,0,0,0,0
JuliaCall,0,0,0,0,0,0,0,0,0
microdemic,0,0,0,0,0,0,0,0,0
MODIS,0,0,0,0,0,0,0,0,0
PhenotypeSimulator,1,2164,0,1913,234,4,0,2,1
reactR,0,0,0,0,0,0,0,0,0
rlang,1,40565,5181,0,35384,19,4,0,15
rlas,1,1402619,0,1102662,0,114,0,42,0
sitree,0,0,0,0,0,0,0,0,0
solvebio,0,0,0,0,0,0,0,0,0
texPreview,0,0,0,0,0,0,0,0,0
CrossVA,0,0,0,0,0,0,0,0,0
d3r,0,0,0,0,0,0,0,0,0
dodgr,1,205548,34329,169806,1258,28,12,14,1
mmpf,0,0,0,0,0,0,0,0,0
mvLSW,1,21488,0,0,21488,1,0,0,1
NetworkInference,1,19199,0,18523,676,3,0,2,1
rsMove,0,0,0,0,0,0,0,0,0
rWind,0,0,0,0,0,0,0,0,0
sf,1,51207,707,49725,0,12,3,7,0
taskscheduleR,0,0,0,0,0,0,0,0,0
trackdem,1,10070,0,9084,986,7,0,6,1
blogdown,0,0,0,0,0,0,0,0,0
DEploid,1,266498,40079,134304,0,61,18,20,0
isdparser,0,0,0,0,0,0,0,0,0
websearchr,0,0,0,0,0,0,0,0,0
xaringan,0,0,0,0,0,0,0,0,0
bikedata,1,7690749,551032,10372,7129246,10,6,2,1
dLagM,0,0,0,0,0,0,0,0,0
dynamichazard,1,154002,20677,121392,3660,15,3,8,1
FishResp,0,0,0,0,0,0,0,0,0
meteoland,1,71511,322,71189,0,8,1,7,0
osmdata,1,232302,159151,73113,0,17,8,8,0
bridgesampling,0,0,0,0,0,0,0,0,0
cdata,0,0,0,0,0,0,0,0,0
RApiDatetime,1,77490,34635,0,42808,6,2,0,3
lexicon,0,0,0,0,0,0,0,0,0
ciTools,0,0,0,0,0,0,0,0,0
poliscidata,0,0,0,0,0,0,0,0,0
webTRISr,0,0,0,0,0,0,0,0,0
wikitaxa,0,0,0,0,0,0,0,0,0
xtensor,1,1632,0,1450,0,4,0,2,0
antaresRead,0,0,0,0,0,0,0,0,0
bsplinePsd,1,13886,0,13657,229,4,0,3,1
charlatan,0,0,0,0,0,0,0,0,0
evaluator,0,0,0,0,0,0,0,0,0
hNMF,0,0,0,0,0,0,0,0,0
PowerUpR,0,0,0,0,0,0,0,0,0
PWEALL,1,36210,0,0,0,1,0,0,0
sdpt3r,1,185658,22316,0,163342,79,12,0,67
BimodalIndex,0,0,0,0,0,0,0,0,0
breathtestcore,0,0,0,0,0,0,0,0,0
clickR,0,0,0,0,0,0,0,0,0
dataPreparation,0,0,0,0,0,0,0,0,0
fergm,0,0,0,0,0,0,0,0,0
GenAlgo,0,0,0,0,0,0,0,0,0
pinyin,0,0,0,0,0,0,0,0,0
pivottabler,0,0,0,0,0,0,0,0,0
bcROCsurface,1,6491,0,6394,0,5,0,3,0
bookdownplus,0,0,0,0,0,0,0,0,0
grattan,1,6003,0,6003,0,6,0,6,0
queuecomputer,1,3674,0,3674,0,2,0,2,0
cosinor2,0,0,0,0,0,0,0,0,0
crminer,0,0,0,0,0,0,0,0,0
define,0,0,0,0,0,0,0,0,0
dendroTools,0,0,0,0,0,0,0,0,0
dslabs,0,0,0,0,0,0,0,0,0
readJDX,0,0,0,0,0,0,0,0,0
stormwindmodel,0,0,0,0,0,0,0,0,0
analytics,0,0,0,0,0,0,0,0,0
touch,0,0,0,0,0,0,0,0,0
GSED,0,0,0,0,0,0,0,0,0
hoardr,0,0,0,0,0,0,0,0,0
psychmeta,0,0,0,0,0,0,0,0,0
Rnightlights,0,0,0,0,0,0,0,0,0
treemapify,0,0,0,0,0,0,0,0,0
bamlss,1,90373,0,0,90327,3,0,0,2
mMPA,0,0,0,0,0,0,0,0,0
mrfDepth,1,277735,0,35605,0,22,0,7,0
antaresViz,0,0,0,0,0,0,0,0,0
BatchGetSymbols,0,0,0,0,0,0,0,0,0
FLightR,0,0,0,0,0,0,0,0,0
GetLattesData,0,0,0,0,0,0,0,0,0
GROAN,0,0,0,0,0,0,0,0,0
itunesr,0,0,0,0,0,0,0,0,0
partialCI,1,13265,0,4515,1441,3,0,1,1
Rodam,0,0,0,0,0,0,0,0,0
stacomiR,0,0,0,0,0,0,0,0,0
tidyselect,1,4417,0,4417,0,2,0,2,0
airGR,1,58640,0,0,0,9,0,0,0
emdi,0,0,0,0,0,0,0,0,0
NetworkChange,0,0,0,0,0,0,0,0,0
wooldridge,0,0,0,0,0,0,0,0,0
EFAutilities,0,0,0,0,0,0,0,0,0
mindr,0,0,0,0,0,0,0,0,0
nucim,0,0,0,0,0,0,0,0,0
billboarder,0,0,0,0,0,0,0,0,0
c212,1,613407,68392,545015,0,26,13,13,0
easyreg,0,0,0,0,0,0,0,0,0
psda,0,0,0,0,0,0,0,0,0
sptemExp,1,17860,2325,15535,0,8,2,6,0
pollen,0,0,0,0,0,0,0,0,0
ratelimitr,0,0,0,0,0,0,0,0,0
rmapzen,0,0,0,0,0,0,0,0,0
wallace,0,0,0,0,0,0,0,0,0
bazar,0,0,0,0,0,0,0,0,0
googledrive,0,0,0,0,0,0,0,0,0
pdSpecEst,1,14180,0,12502,1566,16,0,13,1
spmoran,0,0,0,0,0,0,0,0,0
CMatching,0,0,0,0,0,0,0,0,0
comtradr,0,0,0,0,0,0,0,0,0
PWFSLSmoke,0,0,0,0,0,0,0,0,0
uiucthemes,0,0,0,0,0,0,0,0,0
auk,0,0,0,0,0,0,0,0,0
Delta,0,0,0,0,0,0,0,0,0
partitionComparison,0,0,0,0,0,0,0,0,0
rjmcmc,0,0,0,0,0,0,0,0,0
soundgen,0,0,0,0,0,0,0,0,0
spatstat.data,0,0,0,0,0,0,0,0,0
TileManager,0,0,0,0,0,0,0,0,0
ClassDiscovery,0,0,0,0,0,0,0,0,0
dataMaid,0,0,0,0,0,0,0,0,0
mdsOpt,0,0,0,0,0,0,0,0,0
odr,0,0,0,0,0,0,0,0,0
PeakSegJoint,1,51967,3451,0,48516,13,6,0,7
RcmdrPlugin.RiskDemo,0,0,0,0,0,0,0,0,0
vein,0,0,0,0,0,0,0,0,0
tensorBF,0,0,0,0,0,0,0,0,0
WeightedROC,0,0,0,0,0,0,0,0,0
carData,0,0,0,0,0,0,0,0,0
loon,0,0,0,0,0,0,0,0,0
metaplot,0,0,0,0,0,0,0,0,0
nanotime,0,0,0,0,0,0,0,0,0
nonmemica,0,0,0,0,0,0,0,0,0
clustermq,0,0,0,0,0,0,0,0,0
fDMA,0,0,0,0,0,0,0,0,0
LearnGeom,0,0,0,0,0,0,0,0,0
shadow,0,0,0,0,0,0,0,0,0
antaresProcessing,0,0,0,0,0,0,0,0,0
BETS,0,0,0,0,0,0,0,0,0
ecm,0,0,0,0,0,0,0,0,0
scalpel,0,0,0,0,0,0,0,0,0
textreadr,0,0,0,0,0,0,0,0,0
ggridges,0,0,0,0,0,0,0,0,0
boxcoxmix,0,0,0,0,0,0,0,0,0
seplyr,0,0,0,0,0,0,0,0,0
frequencyConnectedness,0,0,0,0,0,0,0,0,0
grf,1,5156611,4838000,178757,0,389,315,43,0
parallelDist,1,66115,45988,18301,1488,18,10,5,1
revengc,0,0,0,0,0,0,0,0,0
smapr,0,0,0,0,0,0,0,0,0
geex,0,0,0,0,0,0,0,0,0
geojsonR,1,76418,9212,65401,1558,8,1,4,1
jtools,0,0,0,0,0,0,0,0,0
sparsepp,0,0,0,0,0,0,0,0,0
uGMAR,0,0,0,0,0,0,0,0,0
HEMDAG,0,0,0,0,0,0,0,0,0
RInno,0,0,0,0,0,0,0,0,0
datasauRus,0,0,0,0,0,0,0,0,0
gravity,0,0,0,0,0,0,0,0,0
phuse,0,0,0,0,0,0,0,0,0
rcoreoa,0,0,0,0,0,0,0,0,0
ROptSpace,0,0,0,0,0,0,0,0,0
BayLum,0,0,0,0,0,0,0,0,0
CIAAWconsensus,0,0,0,0,0,0,0,0,0
dataCompareR,0,0,0,0,0,0,0,0,0
replyr,0,0,0,0,0,0,0,0,0
hetGP,1,70034,0,70034,0,8,0,8,0
later,1,46843,32004,13800,995,16,5,9,1
ReIns,1,59950,4722,55200,0,10,3,6,0
gdns,0,0,0,0,0,0,0,0,0
mbir,0,0,0,0,0,0,0,0,0
aiRthermo,1,71944,13890,0,58054,3,1,0,2
graphon,0,0,0,0,0,0,0,0,0
hIRT,0,0,0,0,0,0,0,0,0
reprex,0,0,0,0,0,0,0,0,0
usmap,0,0,0,0,0,0,0,0,0
BLPestimatoR,1,10426,0,9567,859,3,0,2,1
spData,0,0,0,0,0,0,0,0,0
LabourMarketAreas,0,0,0,0,0,0,0,0,0
mize,0,0,0,0,0,0,0,0,0
moveVis,0,0,0,0,0,0,0,0,0
sgmcmc,0,0,0,0,0,0,0,0,0
document,0,0,0,0,0,0,0,0,0
EnvCpt,0,0,0,0,0,0,0,0,0
HDtest,1,2668,0,0,0,1,0,0,0
knor,1,344640,1592,197902,2149,86,1,29,1
nse,1,1999,0,1999,0,2,0,2,0
SimPhe,0,0,0,0,0,0,0,0,0
bigstep,0,0,0,0,0,0,0,0,0
bomrang,0,0,0,0,0,0,0,0,0
geosapi,0,0,0,0,0,0,0,0,0
getCRUCLdata,0,0,0,0,0,0,0,0,0
ggmosaic,0,0,0,0,0,0,0,0,0
grec,0,0,0,0,0,0,0,0,0
merDeriv,0,0,0,0,0,0,0,0,0
odpc,1,15494,0,15177,224,4,0,2,1
sjlabelled,0,0,0,0,0,0,0,0,0
fastnet,0,0,0,0,0,0,0,0,0
IncDTW,1,12879,0,11988,891,3,0,2,1
mixKernel,0,0,0,0,0,0,0,0,0
PhylogeneticEM,1,37900,4986,32818,0,5,1,2,0
prettycode,0,0,0,0,0,0,0,0,0
scorecard,0,0,0,0,0,0,0,0,0
zoocat,0,0,0,0,0,0,0,0,0
BIGL,0,0,0,0,0,0,0,0,0
datasets.load,0,0,0,0,0,0,0,0,0
ghibli,0,0,0,0,0,0,0,0,0
naniar,0,0,0,0,0,0,0,0,0
penaltyLearning,1,4850,550,4283,0,6,2,3,0
rly,1,328,0,0,188,3,0,0,1
udpipe,1,1131335,8968,1122353,0,5,1,3,0
redR,0,0,0,0,0,0,0,0,0
reportROC,0,0,0,0,0,0,0,0,0
fitur,0,0,0,0,0,0,0,0,0
ggdmc,1,182633,0,182366,0,10,0,8,0
healthcareai,0,0,0,0,0,0,0,0,0
fastR2,0,0,0,0,0,0,0,0,0
gamesGA,1,11705,0,0,11705,2,0,0,2
iMediate,0,0,0,0,0,0,0,0,0
sinew,0,0,0,0,0,0,0,0,0
taxonomizr,1,1003,30,0,973,3,1,0,2
bayesImageS,1,79478,4741,74181,0,8,3,3,0
intccr,0,0,0,0,0,0,0,0,0
lero.lero,0,0,0,0,0,0,0,0,0
OOBCurve,0,0,0,0,0,0,0,0,0
PeerPerformance,0,0,0,0,0,0,0,0,0
RiskPortfolios,0,0,0,0,0,0,0,0,0
covatest,0,0,0,0,0,0,0,0,0
fdANOVA,0,0,0,0,0,0,0,0,0
cytometree,1,4377,0,4281,0,5,0,3,0
SSLASSO,1,10169,0,0,10169,4,0,0,4
eDMA,1,30392,372,29729,0,11,3,6,0
MCMCvis,0,0,0,0,0,0,0,0,0
tidycensus,0,0,0,0,0,0,0,0,0
vpc,0,0,0,0,0,0,0,0,0
bgsmtr,0,0,0,0,0,0,0,0,0
mclustcomp,1,7349,0,7067,0,4,0,2,0
supc,1,12339,790,9173,2280,7,1,3,2
startup,0,0,0,0,0,0,0,0,0
symDMatrix,0,0,0,0,0,0,0,0,0
TeXCheckR,0,0,0,0,0,0,0,0,0
tfruns,0,0,0,0,0,0,0,0,0
adiv,0,0,0,0,0,0,0,0,0
BGData,0,0,0,0,0,0,0,0,0
gsynth,1,14161,0,12468,1596,5,0,2,1
keras,0,0,0,0,0,0,0,0,0
perccalc,0,0,0,0,0,0,0,0,0
quickmatch,1,16385,3812,0,12573,7,3,0,4
rtrim,0,0,0,0,0,0,0,0,0
scclust,1,344063,76176,0,239904,44,21,0,20
stepPenal,0,0,0,0,0,0,0,0,0
CINNA,0,0,0,0,0,0,0,0,0
manet,0,0,0,0,0,0,0,0,0
micemd,0,0,0,0,0,0,0,0,0
sarima,0,0,0,0,0,0,0,0,0
BayesNetBP,0,0,0,0,0,0,0,0,0
BioInstaller,0,0,0,0,0,0,0,0,0
collapsibleTree,0,0,0,0,0,0,0,0,0
Eagle,1,59604,170,59204,0,5,1,2,0
geometa,0,0,0,0,0,0,0,0,0
GMSE,1,176197,2553,0,173644,10,3,0,7
lidR,1,6072,0,6072,0,2,0,2,0
lmridge,0,0,0,0,0,0,0,0,0
rstantools,0,0,0,0,0,0,0,0,0
rvinecopulib,1,321886,0,239146,80546,36,0,33,1
SSBtools,0,0,0,0,0,0,0,0,0
TLMoments,1,12460,0,12460,0,4,0,4,0
quickblock,1,20746,3821,0,16925,7,3,0,4
rsolr,1,1297,0,0,1297,2,0,0,2
lagged,0,0,0,0,0,0,0,0,0
RLT,1,233293,14414,0,218806,9,2,0,6
shinyFeedback,0,0,0,0,0,0,0,0,0
censusapi,0,0,0,0,0,0,0,0,0
dwapi,0,0,0,0,0,0,0,0,0
hrbrthemes,0,0,0,0,0,0,0,0,0
IPEC,0,0,0,0,0,0,0,0,0
mockery,0,0,0,0,0,0,0,0,0
sweep,0,0,0,0,0,0,0,0,0
timetk,0,0,0,0,0,0,0,0,0
narray,0,0,0,0,0,0,0,0,0
AbSim,0,0,0,0,0,0,0,0,0
bigstatsr,1,60589,0,60361,0,20,0,18,0
DMMF,1,44174,1423,0,745,8,1,0,1
GPrank,0,0,0,0,0,0,0,0,0
haploR,0,0,0,0,0,0,0,0,0
optrdd,0,0,0,0,0,0,0,0,0
textutils,0,0,0,0,0,0,0,0,0
batchtools,1,2560,0,0,2560,2,0,0,2
castor,1,344475,0,344246,229,3,0,2,1
datastructures,1,13424,0,11666,1707,6,0,4,1
mapedit,0,0,0,0,0,0,0,0,0
openEBGM,0,0,0,0,0,0,0,0,0
processx,1,89014,5601,0,83100,16,3,0,11
BMisc,0,0,0,0,0,0,0,0,0
cholera,0,0,0,0,0,0,0,0,0
civis,0,0,0,0,0,0,0,0,0
distances,1,289425,95649,137831,28478,44,18,15,7
vetr,1,241493,19885,0,221608,27,6,0,21
LMfilteR,0,0,0,0,0,0,0,0,0
powerlmm,0,0,0,0,0,0,0,0,0
ProliferativeIndex,0,0,0,0,0,0,0,0,0
snakecase,0,0,0,0,0,0,0,0,0
EL2Surv,0,0,0,0,0,0,0,0,0
kirby21.base,0,0,0,0,0,0,0,0,0
kirby21.fmri,0,0,0,0,0,0,0,0,0
kirby21.t1,0,0,0,0,0,0,0,0,0
sequoia,1,231888,0,0,2023,2,0,0,1
subprocess,1,44340,2533,0,41696,9,2,0,5
genBaRcode,0,0,0,0,0,0,0,0,0
libstableR,1,182514,23270,12428,146789,20,5,2,12
MCMCprecision,1,16269,0,14504,1493,8,0,6,1
jcolors,0,0,0,0,0,0,0,0,0
IDmining,0,0,0,0,0,0,0,0,0
PRISMAstatement,0,0,0,0,0,0,0,0,0
taxa,0,0,0,0,0,0,0,0,0
gridsample,0,0,0,0,0,0,0,0,0
nsROC,0,0,0,0,0,0,0,0,0
roadoi,0,0,0,0,0,0,0,0,0
tmaptools,0,0,0,0,0,0,0,0,0
coda.base,1,10806,399,10165,0,5,1,2,0
crochet,0,0,0,0,0,0,0,0,0
DSAIDE,0,0,0,0,0,0,0,0,0
gasfluxes,0,0,0,0,0,0,0,0,0
MatrixLDA,1,6418,0,6369,0,3,0,2,0
reticulate,1,119215,46211,73004,0,9,4,5,0
rPraat,0,0,0,0,0,0,0,0,0
simmer.plot,0,0,0,0,0,0,0,0,0
ggformula,0,0,0,0,0,0,0,0,0
icesTAF,0,0,0,0,0,0,0,0,0
pre,0,0,0,0,0,0,0,0,0
TOSTER,0,0,0,0,0,0,0,0,0
bayesplot,0,0,0,0,0,0,0,0,0
LncFinder,0,0,0,0,0,0,0,0,0
colourvision,0,0,0,0,0,0,0,0,0
hyper2,1,14354,0,13021,1333,3,0,2,1
flifo,0,0,0,0,0,0,0,0,0
gcKrig,1,16664,0,16564,0,5,0,3,0
geomerge,0,0,0,0,0,0,0,0,0
janitor,0,0,0,0,0,0,0,0,0
statip,1,2285,0,0,2285,1,0,0,1
dotCall64,1,48467,0,0,47893,5,0,0,3
reghelper,0,0,0,0,0,0,0,0,0
sylly,0,0,0,0,0,0,0,0,0
makedummies,0,0,0,0,0,0,0,0,0
woeBinning,0,0,0,0,0,0,0,0,0
CBCgrps,0,0,0,0,0,0,0,0,0
CSeqpat,0,0,0,0,0,0,0,0,0
aws.ec2metadata,0,0,0,0,0,0,0,0,0
errors,0,0,0,0,0,0,0,0,0
GPoM,0,0,0,0,0,0,0,0,0
projmanr,0,0,0,0,0,0,0,0,0
regplot,0,0,0,0,0,0,0,0,0
dbplyr,0,0,0,0,0,0,0,0,0
netCoin,0,0,0,0,0,0,0,0,0
oddsratio,0,0,0,0,0,0,0,0,0
shinyjqui,0,0,0,0,0,0,0,0,0
simglm,0,0,0,0,0,0,0,0,0
textTinyR,1,280284,174103,105792,0,16,11,3,0
anMC,1,7963,0,7214,652,5,0,2,1
safer,0,0,0,0,0,0,0,0,0
mapsapi,0,0,0,0,0,0,0,0,0
nmaINLA,0,0,0,0,0,0,0,0,0
officer,1,49991,2212,45291,2488,17,5,11,1
textclean,0,0,0,0,0,0,0,0,0
WordR,0,0,0,0,0,0,0,0,0
ggiraphExtra,0,0,0,0,0,0,0,0,0
MSbox,0,0,0,0,0,0,0,0,0
survutils,0,0,0,0,0,0,0,0,0
BAMBI,1,101246,4010,96962,0,11,2,7,0
ggpval,0,0,0,0,0,0,0,0,0
wdman,0,0,0,0,0,0,0,0,0
BALCONY,0,0,0,0,0,0,0,0,0
ggstance,0,0,0,0,0,0,0,0,0
lumberjack,0,0,0,0,0,0,0,0,0
Seurat,1,22729,2161,20471,0,4,1,2,0
spind,0,0,0,0,0,0,0,0,0
spm,0,0,0,0,0,0,0,0,0
vagalumeR,0,0,0,0,0,0,0,0,0
blastula,0,0,0,0,0,0,0,0,0
ncar,0,0,0,0,0,0,0,0,0
NonCompart,0,0,0,0,0,0,0,0,0
rwalkr,0,0,0,0,0,0,0,0,0
binman,0,0,0,0,0,0,0,0,0
CNLTreg,0,0,0,0,0,0,0,0,0
CNLTtsa,0,0,0,0,0,0,0,0,0
future.batchtools,0,0,0,0,0,0,0,0,0
qqplotr,0,0,0,0,0,0,0,0,0
rmpw,0,0,0,0,0,0,0,0,0
SmoothWin,0,0,0,0,0,0,0,0,0
CATkit,0,0,0,0,0,0,0,0,0
CodeDepends,0,0,0,0,0,0,0,0,0
dgo,1,2450,0,2026,424,3,0,2,1
easyDes,0,0,0,0,0,0,0,0,0
glue,1,5730,0,0,5730,3,0,0,3
pinp,0,0,0,0,0,0,0,0,0
rmda,0,0,0,0,0,0,0,0,0
RTransProb,0,0,0,0,0,0,0,0,0
scatterpie,0,0,0,0,0,0,0,0,0
BayesianTools,1,1979,0,1979,0,2,0,2,0
beyondWhittle,1,13464,0,13464,0,3,0,3,0
DendroSync,0,0,0,0,0,0,0,0,0
GCalignR,0,0,0,0,0,0,0,0,0
keyring,1,35681,0,0,35680,5,0,0,3
ordinalForest,0,0,0,0,0,0,0,0,0
spacyr,0,0,0,0,0,0,0,0,0
WRTDStidal,0,0,0,0,0,0,0,0,0
benchr,1,4209,259,3918,0,7,1,4,0
GreedyExperimentalDesign,0,0,0,0,0,0,0,0,0
MODIStsp,0,0,0,0,0,0,0,0,0
Rlinsolve,1,51076,0,50794,0,11,0,9,0
SpaDES.tools,1,7752,0,6821,931,5,0,4,1
FRK,1,157794,36202,1107,120446,25,6,2,16
htree,1,178083,82433,0,95650,5,2,0,3
incadata,0,0,0,0,0,0,0,0,0
Rlda,1,87309,0,86973,229,8,0,6,1
gemlog,0,0,0,0,0,0,0,0,0
MAGNAMWAR,0,0,0,0,0,0,0,0,0
qGaussian,0,0,0,0,0,0,0,0,0
spass,1,4290,0,4290,0,2,0,2,0
desctable,0,0,0,0,0,0,0,0,0
polyPK,0,0,0,0,0,0,0,0,0
bayesDP,1,3450,0,2661,592,5,0,2,1
cetcolor,0,0,0,0,0,0,0,0,0
crul,0,0,0,0,0,0,0,0,0
MetaSubtract,0,0,0,0,0,0,0,0,0
pdfsearch,0,0,0,0,0,0,0,0,0
qicharts2,0,0,0,0,0,0,0,0,0
rhoR,0,0,0,0,0,0,0,0,0
spelling,0,0,0,0,0,0,0,0,0
phylopath,0,0,0,0,0,0,0,0,0
ggforce,1,10914,993,9921,0,5,1,4,0
ggraph,1,37461,2021,34284,1156,8,1,6,1
AcousticNDLCodeR,0,0,0,0,0,0,0,0,0
CytobankAPI,0,0,0,0,0,0,0,0,0
docxtools,0,0,0,0,0,0,0,0,0
ggfittext,0,0,0,0,0,0,0,0,0
bmixture,0,0,0,0,0,0,0,0,0
permDep,1,29691,0,0,29691,3,0,0,3
satscanMapper,0,0,0,0,0,0,0,0,0
GADMTools,0,0,0,0,0,0,0,0,0
kernelboot,1,10292,781,8922,589,7,2,4,1
visdat,0,0,0,0,0,0,0,0,0
DatabionicSwarm,1,44628,11531,32950,0,13,4,7,0
GeneralizedUmatrix,1,10015,0,9055,813,7,0,4,1
ggedit,0,0,0,0,0,0,0,0,0
glmmTMB,1,23656,0,23656,0,1,0,1,0
processmapR,0,0,0,0,0,0,0,0,0
spup,0,0,0,0,0,0,0,0,0
disco,0,0,0,0,0,0,0,0,0
drtmle,0,0,0,0,0,0,0,0,0
neatmaps,0,0,0,0,0,0,0,0,0
simule,0,0,0,0,0,0,0,0,0
bupaR,0,0,0,0,0,0,0,0,0
GenomicMating,1,6100,0,5774,229,5,0,2,1
ImputeRobust,0,0,0,0,0,0,0,0,0
biolink,0,0,0,0,0,0,0,0,0
crplyr,0,0,0,0,0,0,0,0,0
expint,1,28415,1058,0,27357,5,2,0,3
learnr,0,0,0,0,0,0,0,0,0
mfe,0,0,0,0,0,0,0,0,0
multicmp,0,0,0,0,0,0,0,0,0
pool,0,0,0,0,0,0,0,0,0
SCORPIUS,1,1586,0,1586,0,2,0,2,0
support.BWS2,0,0,0,0,0,0,0,0,0
taxlist,0,0,0,0,0,0,0,0,0
vegtable,0,0,0,0,0,0,0,0,0
cld3,1,2365728,377499,4380,0,69,35,2,0
dynOmics,0,0,0,0,0,0,0,0,0
prioritizr,0,0,0,0,0,0,0,0,0
raptr,1,106192,11510,94682,0,18,2,16,0
ropercenter,0,0,0,0,0,0,0,0,0
SimMultiCorrData,0,0,0,0,0,0,0,0,0
colordistance,0,0,0,0,0,0,0,0,0
CytobankAPIstats,0,0,0,0,0,0,0,0,0
dng,1,15146,0,15146,0,9,0,9,0
GBJ,1,21992,0,21960,0,4,0,2,0
ClusterBootstrap,0,0,0,0,0,0,0,0,0
fetchR,0,0,0,0,0,0,0,0,0
jpmesh,0,0,0,0,0,0,0,0,0
padr,1,2185,0,2185,0,3,0,3,0
treeDA,0,0,0,0,0,0,0,0,0
unpivotr,0,0,0,0,0,0,0,0,0
catcont,0,0,0,0,0,0,0,0,0
cellWise,0,0,0,0,0,0,0,0,0
multinet,1,348642,138579,209946,0,71,21,47,0
phylogram,1,10039,0,9961,0,4,0,3,0
coreCT,0,0,0,0,0,0,0,0,0
mosaicCore,0,0,0,0,0,0,0,0,0
patternplot,1,4928,0,4656,0,4,0,2,0
RIA,0,0,0,0,0,0,0,0,0
splot,0,0,0,0,0,0,0,0,0
hexSticker,0,0,0,0,0,0,0,0,0
KnowBR,0,0,0,0,0,0,0,0,0
subscreen,0,0,0,0,0,0,0,0,0
BUCSS,0,0,0,0,0,0,0,0,0
fastDummies,0,0,0,0,0,0,0,0,0
googleLanguageR,0,0,0,0,0,0,0,0,0
LEGIT,0,0,0,0,0,0,0,0,0
mlrMBO,1,42949,8915,0,34034,7,3,0,4
tidyxl,1,212171,149367,62772,0,33,16,15,0
momentuHMM,1,25728,5334,18482,1762,6,1,3,1
womblR,1,101313,8446,91620,0,21,3,16,0
chinese.misc,0,0,0,0,0,0,0,0,0
cstab,1,9426,0,9426,0,4,0,4,0
ggimage,0,0,0,0,0,0,0,0,0
prodest,0,0,0,0,0,0,0,0,0
rdiversity,0,0,0,0,0,0,0,0,0
spam64,1,355473,0,0,11450,13,0,0,2
uptasticsearch,0,0,0,0,0,0,0,0,0
ahnr,0,0,0,0,0,0,0,0,0
asciiSetupReader,0,0,0,0,0,0,0,0,0
bayeslm,1,75494,0,75393,0,9,0,8,0
CircularDDM,1,16700,0,15686,981,4,0,2,1
MetaComp,0,0,0,0,0,0,0,0,0
fuser,1,8603,0,8431,0,4,0,2,0
walrus,0,0,0,0,0,0,0,0,0
AdhereR,0,0,0,0,0,0,0,0,0
bsamGP,1,440100,0,0,6932,28,0,0,2
loder,1,313358,82254,0,231104,3,1,0,2
MultisiteMediation,0,0,0,0,0,0,0,0,0
prophet,1,1488,0,0,0,3,0,0,0
jpndistrict,0,0,0,0,0,0,0,0,0
lingtypology,0,0,0,0,0,0,0,0,0
tuckerR.mmgg,0,0,0,0,0,0,0,0,0
ROpenDota,0,0,0,0,0,0,0,0,0
beginr,0,0,0,0,0,0,0,0,0
diceR,1,2016,0,2016,0,3,0,3,0
jwutil,1,3851,0,3851,0,3,0,3,0
leaflet.minicharts,0,0,0,0,0,0,0,0,0
manipulateWidget,0,0,0,0,0,0,0,0,0
ompr,1,6455,0,5766,689,4,0,3,1
ompr.roi,0,0,0,0,0,0,0,0,0
rclimateca,0,0,0,0,0,0,0,0,0
StatCharrms,0,0,0,0,0,0,0,0,0
teachingApps,1,19336,0,19336,0,6,0,6,0
odbc,1,262292,95321,166608,0,12,5,5,0
bivrp,0,0,0,0,0,0,0,0,0
briskaR,0,0,0,0,0,0,0,0,0
ConR,0,0,0,0,0,0,0,0,0
fst,1,825886,231608,214370,379232,44,21,12,10
LAM,1,16738,0,14999,1311,5,0,2,1
mixR,1,79556,0,73180,6376,3,0,2,1
RegularizedSCA,0,0,0,0,0,0,0,0,0
textshape,0,0,0,0,0,0,0,0,0
tigreBrowserWriter,0,0,0,0,0,0,0,0,0
wikilake,0,0,0,0,0,0,0,0,0
SPAtest,0,0,0,0,0,0,0,0,0
alterryx,0,0,0,0,0,0,0,0,0
networktools,0,0,0,0,0,0,0,0,0
powerCompRisk,0,0,0,0,0,0,0,0,0
Tcomp,0,0,0,0,0,0,0,0,0
pkr,0,0,0,0,0,0,0,0,0
qrcmNP,0,0,0,0,0,0,0,0,0
rwc,0,0,0,0,0,0,0,0,0
tangram,0,0,0,0,0,0,0,0,0
excerptr,0,0,0,0,0,0,0,0,0
LocalControl,1,74738,45540,28356,782,11,6,3,1
shinymaterial,0,0,0,0,0,0,0,0,0
hmi,0,0,0,0,0,0,0,0,0
PSTR,0,0,0,0,0,0,0,0,0
sitreeE,0,0,0,0,0,0,0,0,0
welchADF,0,0,0,0,0,0,0,0,0
metaforest,0,0,0,0,0,0,0,0,0
redux,1,19334,1374,0,17582,9,3,0,4
graphkernels,1,17751,0,16877,558,5,0,2,1
purrrlyr,1,36190,5534,21266,9154,16,6,5,3
ramcmc,1,3113,0,3017,0,4,0,2,0
RatingScaleReduction,0,0,0,0,0,0,0,0,0
RchivalTag,0,0,0,0,0,0,0,0,0
rdwd,0,0,0,0,0,0,0,0,0
StructFDR,0,0,0,0,0,0,0,0,0
DClusterm,0,0,0,0,0,0,0,0,0
joineRML,1,17393,0,17296,0,8,0,6,0
qgam,1,4484,0,0,4484,2,0,0,2
RHMS,0,0,0,0,0,0,0,0,0
MetaLonDA,0,0,0,0,0,0,0,0,0
aws.s3,0,0,0,0,0,0,0,0,0
clampSeg,1,11449,822,9935,644,8,2,4,1
DisHet,0,0,0,0,0,0,0,0,0
edgarWebR,0,0,0,0,0,0,0,0,0
PeakSegOptimal,1,73397,2920,70460,0,8,3,4,0
BiDAG,1,2735,0,2735,0,2,0,2,0
DPP,1,72794,18136,54437,221,9,4,4,1
lvec,1,47261,23038,24184,0,27,11,15,0
neurohcp,0,0,0,0,0,0,0,0,0
bssm,1,519385,39017,480142,0,68,29,37,0
frailtyEM,1,15722,0,15055,667,4,0,3,1
ukbtools,0,0,0,0,0,0,0,0,0
unsystation,1,8650,0,8601,0,3,0,2,0
ALA4R,0,0,0,0,0,0,0,0,0
genotypeR,0,0,0,0,0,0,0,0,0
ICtest,1,4523,262,3835,0,5,1,2,0
margins,0,0,0,0,0,0,0,0,0
microPop,0,0,0,0,0,0,0,0,0
philentropy,1,136005,78095,47295,10615,7,4,2,1
prediction,0,0,0,0,0,0,0,0,0
quadprogXT,0,0,0,0,0,0,0,0,0
regnet,0,0,0,0,0,0,0,0,0
templates,0,0,0,0,0,0,0,0,0
ziphsmm,1,94438,0,94341,0,4,0,2,0
AIG,0,0,0,0,0,0,0,0,0
easycsv,0,0,0,0,0,0,0,0,0
kableExtra,0,0,0,0,0,0,0,0,0
tabularaster,0,0,0,0,0,0,0,0,0
MAVE,1,419083,47138,371848,0,108,54,52,0
HURDAT,0,0,0,0,0,0,0,0,0
kutils,0,0,0,0,0,0,0,0,0
StepSignalMargiLike,1,10091,0,8886,1205,6,0,5,1
CrossValidate,0,0,0,0,0,0,0,0,0
GAparsimony,0,0,0,0,0,0,0,0,0
ggjoy,0,0,0,0,0,0,0,0,0
Modeler,0,0,0,0,0,0,0,0,0
randgeo,0,0,0,0,0,0,0,0,0
rdist,1,21285,0,18459,2729,11,0,8,1
rsurface,0,0,0,0,0,0,0,0,0
SIBERG,0,0,0,0,0,0,0,0,0
simsurv,0,0,0,0,0,0,0,0,0
Umpire,0,0,0,0,0,0,0,0,0
ClassComparison,0,0,0,0,0,0,0,0,0
datadogr,0,0,0,0,0,0,0,0,0
diffusr,1,20880,0,20864,0,7,0,6,0
implyr,0,0,0,0,0,0,0,0,0
oompaBase,0,0,0,0,0,0,0,0,0
Polychrome,0,0,0,0,0,0,0,0,0
PreProcess,0,0,0,0,0,0,0,0,0
TailRank,0,0,0,0,0,0,0,0,0
tukeytrend,0,0,0,0,0,0,0,0,0
ChoR,0,0,0,0,0,0,0,0,0
datasus,0,0,0,0,0,0,0,0,0
rust,0,0,0,0,0,0,0,0,0
HTSSIP,0,0,0,0,0,0,0,0,0
missRanger,0,0,0,0,0,0,0,0,0
PBNPA,0,0,0,0,0,0,0,0,0
vortexR,0,0,0,0,0,0,0,0,0
base64url,1,6444,0,0,6444,1,0,0,1
ffstream,1,87445,11241,76204,0,23,11,12,0
MTA,0,0,0,0,0,0,0,0,0
rbi,0,0,0,0,0,0,0,0,0
treespace,1,3799,0,3197,602,3,0,2,1
mltools,0,0,0,0,0,0,0,0,0
ASIP,0,0,0,0,0,0,0,0,0
cld2,1,10058616,603832,3311,0,55,27,2,0
dartR,0,0,0,0,0,0,0,0,0
Knoema,0,0,0,0,0,0,0,0,0
MEclustnet,0,0,0,0,0,0,0,0,0
openSTARS,0,0,0,0,0,0,0,0,0
Select,0,0,0,0,0,0,0,0,0
shiny.semantic,0,0,0,0,0,0,0,0,0
blandr,0,0,0,0,0,0,0,0,0
MVisAGe,0,0,0,0,0,0,0,0,0
readtext,0,0,0,0,0,0,0,0,0
ROI.plugin.alabama,0,0,0,0,0,0,0,0,0
writexl,1,1017997,399835,0,617302,49,27,0,21
BIEN,0,0,0,0,0,0,0,0,0
tidyquant,0,0,0,0,0,0,0,0,0
coga,1,8401,0,8172,229,3,0,2,1
DescriptiveStats.OBeu,0,0,0,0,0,0,0,0,0
gdpc,1,9596,0,9503,0,3,0,2,0
LeArEst,0,0,0,0,0,0,0,0,0
preference,0,0,0,0,0,0,0,0,0
CondIndTests,0,0,0,0,0,0,0,0,0
dlib,1,330,0,41,258,3,0,1,1
gWQS,0,0,0,0,0,0,0,0,0
lmvar,0,0,0,0,0,0,0,0,0
nardl,0,0,0,0,0,0,0,0,0
sensors4plumes,0,0,0,0,0,0,0,0,0
imagine,1,7780,0,7780,0,2,0,2,0
optional,0,0,0,0,0,0,0,0,0
FactoInvestigate,0,0,0,0,0,0,0,0,0
pbdRPC,1,1716361,199092,0,1513404,111,26,0,80
rpms,1,17189,0,17092,0,5,0,3,0
DAC,0,0,0,0,0,0,0,0,0
olsrr,1,1326,0,843,483,3,0,2,1
ProjectionBasedClustering,1,98493,30650,67760,0,52,27,24,0
SurvDisc,0,0,0,0,0,0,0,0,0
glm.predict,0,0,0,0,0,0,0,0,0
jsonld,0,0,0,0,0,0,0,0,0
weco,1,3536,0,0,3486,2,0,0,1
AR,0,0,0,0,0,0,0,0,0
mrbsizeR,0,0,0,0,0,0,0,0,0
PLMIX,1,59601,1146,58455,0,24,1,23,0
PLmixed,0,0,0,0,0,0,0,0,0
pointblank,0,0,0,0,0,0,0,0,0
RAC,0,0,0,0,0,0,0,0,0
brt,0,0,0,0,0,0,0,0,0
estprod,0,0,0,0,0,0,0,0,0
IMIFA,0,0,0,0,0,0,0,0,0
Jdmbs,0,0,0,0,0,0,0,0,0
nprobust,1,8038,0,7941,0,4,0,2,0
sbart,1,3066882,2914287,98464,262,345,263,11,1
BBMV,0,0,0,0,0,0,0,0,0
convexjlr,0,0,0,0,0,0,0,0,0
predtoolsTS,0,0,0,0,0,0,0,0,0
sqlscore,0,0,0,0,0,0,0,0,0
mathpix,0,0,0,0,0,0,0,0,0
mrgsolve,1,607792,0,89314,0,15,0,10,0
vdiffr,1,2786,887,1899,0,3,1,2,0
FHDI,1,388347,0,473,0,2,0,1,0
SpatialFloor,0,0,0,0,0,0,0,0,0
edpclient,0,0,0,0,0,0,0,0,0
enviGCMS,0,0,0,0,0,0,0,0,0
lavaanPlot,0,0,0,0,0,0,0,0,0
MiRKAT,1,13271,0,12633,638,2,0,1,1
MittagLeffleR,0,0,0,0,0,0,0,0,0
nowcasting,0,0,0,0,0,0,0,0,0
survivALL,0,0,0,0,0,0,0,0,0
worms,0,0,0,0,0,0,0,0,0
EpiCurve,0,0,0,0,0,0,0,0,0
MARX,0,0,0,0,0,0,0,0,0
VarReg,0,0,0,0,0,0,0,0,0
APML0,1,89038,0,89038,0,2,0,2,0
komadown,0,0,0,0,0,0,0,0,0
leaflet.esri,0,0,0,0,0,0,0,0,0
rpql,0,0,0,0,0,0,0,0,0
leaflet.extras,0,0,0,0,0,0,0,0,0
s2,1,937127,548104,1666,0,100,58,2,0
interflex,1,10064,0,9299,668,5,0,2,1
utilsIPEA,0,0,0,0,0,0,0,0,0
wiqid,0,0,0,0,0,0,0,0,0
ClusVis,1,8910,0,7002,697,5,0,2,1
denseFLMM,0,0,0,0,0,0,0,0,0
mschart,0,0,0,0,0,0,0,0,0
esmprep,0,0,0,0,0,0,0,0,0
HiCblock,0,0,0,0,0,0,0,0,0
HiCglmi,0,0,0,0,0,0,0,0,0
stampr,0,0,0,0,0,0,0,0,0
bioOED,0,0,0,0,0,0,0,0,0
genderBR,0,0,0,0,0,0,0,0,0
uncmbb,0,0,0,0,0,0,0,0,0
brglm2,0,0,0,0,0,0,0,0,0
classiFunc,0,0,0,0,0,0,0,0,0
corehunter,0,0,0,0,0,0,0,0,0
meltt,0,0,0,0,0,0,0,0,0
sglg,0,0,0,0,0,0,0,0,0
foghorn,0,0,0,0,0,0,0,0,0
yesno,0,0,0,0,0,0,0,0,0
fpp2,0,0,0,0,0,0,0,0,0
gldrm,0,0,0,0,0,0,0,0,0
MultiVarSel,0,0,0,0,0,0,0,0,0
survtmle,0,0,0,0,0,0,0,0,0
tsensembler,0,0,0,0,0,0,0,0,0
bioimagetools,1,15706,0,0,15471,4,0,0,2
di,0,0,0,0,0,0,0,0,0
snpReady,0,0,0,0,0,0,0,0,0
nmw,0,0,0,0,0,0,0,0,0
swmmr,1,10293,0,10293,0,2,0,2,0
AnnotationBustR,0,0,0,0,0,0,0,0,0
esvis,0,0,0,0,0,0,0,0,0
SentimentAnalysis,0,0,0,0,0,0,0,0,0
spc4sts,0,0,0,0,0,0,0,0,0
textstem,0,0,0,0,0,0,0,0,0
ggconf,0,0,0,0,0,0,0,0,0
liureg,0,0,0,0,0,0,0,0,0
ReinforcementLearning,0,0,0,0,0,0,0,0,0
tint,0,0,0,0,0,0,0,0,0
alfred,0,0,0,0,0,0,0,0,0
eply,0,0,0,0,0,0,0,0,0
RWildbook,0,0,0,0,0,0,0,0,0
bsplus,0,0,0,0,0,0,0,0,0
kernplus,0,0,0,0,0,0,0,0,0
bigKRLS,1,19533,0,17388,1425,12,0,9,1
data.world,0,0,0,0,0,0,0,0,0
factorMerger,0,0,0,0,0,0,0,0,0
fbar,0,0,0,0,0,0,0,0,0
ForestTools,0,0,0,0,0,0,0,0,0
APfun,0,0,0,0,0,0,0,0,0
epidata,0,0,0,0,0,0,0,0,0
toxplot,0,0,0,0,0,0,0,0,0
UncertainInterval,0,0,0,0,0,0,0,0,0
sparseFLMM,0,0,0,0,0,0,0,0,0
cvequality,0,0,0,0,0,0,0,0,0
errorlocate,0,0,0,0,0,0,0,0,0
mstR,0,0,0,0,0,0,0,0,0
normalr,0,0,0,0,0,0,0,0,0
bindrcpp,1,14988,0,14710,0,6,0,4,0
geofacet,0,0,0,0,0,0,0,0,0
phantom,1,12172,0,11263,909,3,0,2,1
SeqKat,1,11054,0,9848,905,7,0,4,1
encode,0,0,0,0,0,0,0,0,0
productivity,0,0,0,0,0,0,0,0,0
SubTite,1,33112,0,32826,0,4,0,2,0
bairt,0,0,0,0,0,0,0,0,0
dfped,0,0,0,0,0,0,0,0,0
ssc,0,0,0,0,0,0,0,0,0
quotedargs,1,14678,0,0,14678,1,0,0,1
blob,0,0,0,0,0,0,0,0,0
interp,1,106437,6421,98022,1994,9,2,6,1
orthoDr,1,21512,0,21416,0,7,0,5,0
windfarmGA,0,0,0,0,0,0,0,0,0
DMRnet,0,0,0,0,0,0,0,0,0
sfdct,0,0,0,0,0,0,0,0,0
DPWeibull,1,161054,13865,119776,27413,24,11,11,2
GPGame,1,26950,0,25844,1106,5,0,4,1
SetTest,0,0,0,0,0,0,0,0,0
AdapSamp,0,0,0,0,0,0,0,0,0
horserule,0,0,0,0,0,0,0,0,0
incR,0,0,0,0,0,0,0,0,0
RNRCS,0,0,0,0,0,0,0,0,0
descriptr,0,0,0,0,0,0,0,0,0
eventdataR,0,0,0,0,0,0,0,0,0
rarhsmm,0,0,0,0,0,0,0,0,0
gamRR,0,0,0,0,0,0,0,0,0
metScanR,0,0,0,0,0,0,0,0,0
RNAsmc,0,0,0,0,0,0,0,0,0
g2f,0,0,0,0,0,0,0,0,0
QuantTools,1,54475,0,54475,0,17,0,17,0
Rgb,1,13582,1341,0,12204,3,1,0,1
datetime,0,0,0,0,0,0,0,0,0
splithalf,0,0,0,0,0,0,0,0,0
survidm,1,53159,0,0,53159,2,0,0,2
wpp2017,0,0,0,0,0,0,0,0,0
EthSEQ,0,0,0,0,0,0,0,0,0
metaviz,0,0,0,0,0,0,0,0,0
MonteCarlo,0,0,0,0,0,0,0,0,0
rdlocrand,0,0,0,0,0,0,0,0,0
adaptiveGPCA,0,0,0,0,0,0,0,0,0
gfmR,0,0,0,0,0,0,0,0,0
patentsview,0,0,0,0,0,0,0,0,0
assignPOP,0,0,0,0,0,0,0,0,0
bindr,0,0,0,0,0,0,0,0,0
pacotest,1,110697,0,110228,307,11,0,8,1
xtractomatic,0,0,0,0,0,0,0,0,0
aniDom,0,0,0,0,0,0,0,0,0
gfer,0,0,0,0,0,0,0,0,0
widyr,0,0,0,0,0,0,0,0,0
datetimeutils,0,0,0,0,0,0,0,0,0
Rcriticor,0,0,0,0,0,0,0,0,0
rmonad,0,0,0,0,0,0,0,0,0
sim1000G,0,0,0,0,0,0,0,0,0
cronR,0,0,0,0,0,0,0,0,0
EpiILM,1,46014,0,0,3133,5,0,0,1
wgeesel,0,0,0,0,0,0,0,0,0
lime,1,3720,289,3431,0,4,1,3,0
anomalyDetection,0,0,0,0,0,0,0,0,0
ACMEeqtl,1,10223,0,0,10223,1,0,0,1
KraljicMatrix,0,0,0,0,0,0,0,0,0
origami,0,0,0,0,0,0,0,0,0
robets,1,41772,2508,24197,15067,6,1,4,1
slickR,0,0,0,0,0,0,0,0,0
adeba,1,3667,0,3667,0,2,0,2,0
hansard,0,0,0,0,0,0,0,0,0
RcmdrPlugin.aRnova,0,0,0,0,0,0,0,0,0
tmcn,1,7538,0,7538,0,6,0,6,0
OpenML,0,0,0,0,0,0,0,0,0
rpostgisLT,0,0,0,0,0,0,0,0,0
ashr,1,8598,0,8598,0,2,0,2,0
DoE.MIParray,0,0,0,0,0,0,0,0,0
fauxpas,0,0,0,0,0,0,0,0,0
GetITRData,0,0,0,0,0,0,0,0,0
ldhmm,0,0,0,0,0,0,0,0,0
idmTPreg,0,0,0,0,0,0,0,0,0
projector,0,0,0,0,0,0,0,0,0
worldmet,0,0,0,0,0,0,0,0,0
zenplots,1,2503,215,0,2288,3,1,0,2
fuzzywuzzyR,0,0,0,0,0,0,0,0,0
photobiologyLamps,0,0,0,0,0,0,0,0,0
rospca,0,0,0,0,0,0,0,0,0
nzpullover,0,0,0,0,0,0,0,0,0
Rcssplot,0,0,0,0,0,0,0,0,0
rpgm,1,10196,0,0,10196,3,0,0,3
stoRy,0,0,0,0,0,0,0,0,0
bea.R,0,0,0,0,0,0,0,0,0
CPBayes,0,0,0,0,0,0,0,0,0
multfisher,0,0,0,0,0,0,0,0,0
BEACH,0,0,0,0,0,0,0,0,0
lassopv,0,0,0,0,0,0,0,0,0
suncalc,0,0,0,0,0,0,0,0,0
VeryLargeIntegers,1,34769,0,34769,0,2,0,2,0
CircMLE,0,0,0,0,0,0,0,0,0
sNPLS,0,0,0,0,0,0,0,0,0
confSAM,0,0,0,0,0,0,0,0,0
ratios,0,0,0,0,0,0,0,0,0
ggmuller,0,0,0,0,0,0,0,0,0
PakPC2017,0,0,0,0,0,0,0,0,0
Brundle,0,0,0,0,0,0,0,0,0
clust.bin.pair,0,0,0,0,0,0,0,0,0
ratesci,0,0,0,0,0,0,0,0,0
EMMIXcskew,0,0,0,0,0,0,0,0,0
inferr,1,1459,0,1459,0,3,0,3,0
mopa,0,0,0,0,0,0,0,0,0
Rilostat,0,0,0,0,0,0,0,0,0
revdbayes,0,0,0,0,0,0,0,0,0
swCRTdesign,0,0,0,0,0,0,0,0,0
tatoo,0,0,0,0,0,0,0,0,0
fivethirtyeight,0,0,0,0,0,0,0,0,0
tidygraph,1,2550,0,2550,0,2,0,2,0
npcopTest,1,5491,0,0,5491,1,0,0,1
vote,0,0,0,0,0,0,0,0,0
adepro,0,0,0,0,0,0,0,0,0
OutliersO3,0,0,0,0,0,0,0,0,0
PTXQC,0,0,0,0,0,0,0,0,0
valuer,1,2873,0,2873,0,2,0,2,0
MBC,0,0,0,0,0,0,0,0,0
multiApply,0,0,0,0,0,0,0,0,0
quantoptr,0,0,0,0,0,0,0,0,0
survivalsvm,0,0,0,0,0,0,0,0,0
aVirtualTwins,0,0,0,0,0,0,0,0,0
gk,0,0,0,0,0,0,0,0,0
pcev,0,0,0,0,0,0,0,0,0
ICSOutlier,0,0,0,0,0,0,0,0,0
pipeGS,0,0,0,0,0,0,0,0,0
SpaDES.addins,0,0,0,0,0,0,0,0,0
cifti,0,0,0,0,0,0,0,0,0
gifti,0,0,0,0,0,0,0,0,0
modmarg,0,0,0,0,0,0,0,0,0
opticut,0,0,0,0,0,0,0,0,0
denoiSeq,0,0,0,0,0,0,0,0,0
nlsr,0,0,0,0,0,0,0,0,0
OOR,0,0,0,0,0,0,0,0,0
BeSS,1,16941,0,16615,229,5,0,2,1
ggQC,0,0,0,0,0,0,0,0,0
RBMRB,0,0,0,0,0,0,0,0,0
robustBLME,1,89117,710,88124,0,7,1,4,0
spatstat.local,0,0,0,0,0,0,0,0,0
tibbletime,0,0,0,0,0,0,0,0,0
atsd,0,0,0,0,0,0,0,0,0
ludic,1,24750,0,24653,0,8,0,6,0
phylotate,0,0,0,0,0,0,0,0,0
tRophicPosition,0,0,0,0,0,0,0,0,0
waver,0,0,0,0,0,0,0,0,0
clustRcompaR,0,0,0,0,0,0,0,0,0
libsoc,1,783756,276779,0,506605,174,96,0,76
zeallot,0,0,0,0,0,0,0,0,0
ANOVAreplication,0,0,0,0,0,0,0,0,0
bigtcr,1,535,0,0,485,2,0,0,1
kokudosuuchi,0,0,0,0,0,0,0,0,0
languagelayeR,0,0,0,0,0,0,0,0,0
censusr,0,0,0,0,0,0,0,0,0
diagis,1,15458,892,14469,0,7,1,4,0
finch,0,0,0,0,0,0,0,0,0
gradDescent,0,0,0,0,0,0,0,0,0
heims,0,0,0,0,0,0,0,0,0
datapasta,0,0,0,0,0,0,0,0,0
highlightHTML,0,0,0,0,0,0,0,0,0
TCIApathfinder,0,0,0,0,0,0,0,0,0
BibPlots,0,0,0,0,0,0,0,0,0
Xplortext,0,0,0,0,0,0,0,0,0
gLRTH,0,0,0,0,0,0,0,0,0
OmicsPLS,0,0,0,0,0,0,0,0,0
pals,0,0,0,0,0,0,0,0,0
CreditRisk,0,0,0,0,0,0,0,0,0
LinkageMapView,0,0,0,0,0,0,0,0,0
nofrills,0,0,0,0,0,0,0,0,0
rMR,0,0,0,0,0,0,0,0,0
tropAlgebra,0,0,0,0,0,0,0,0,0
dat,0,0,0,0,0,0,0,0,0
equSA,1,90187,0,0,90187,2,0,0,2
abjutils,0,0,0,0,0,0,0,0,0
lbreg,0,0,0,0,0,0,0,0,0
PSW,0,0,0,0,0,0,0,0,0
RNAseqNet,0,0,0,0,0,0,0,0,0
rrpack,1,43154,0,28802,14255,11,0,7,2
canprot,0,0,0,0,0,0,0,0,0
dtree,0,0,0,0,0,0,0,0,0
SMMA,1,18650,4148,13852,585,5,1,2,1
mau,0,0,0,0,0,0,0,0,0
optimus,0,0,0,0,0,0,0,0,0
ROI.plugin.lpsolve,0,0,0,0,0,0,0,0,0
splashr,0,0,0,0,0,0,0,0,0
easySdcTable,0,0,0,0,0,0,0,0,0
COMBAT,0,0,0,0,0,0,0,0,0
cordillera,0,0,0,0,0,0,0,0,0
photobiologyLEDs,0,0,0,0,0,0,0,0,0
Emcdf,1,24106,4304,19802,0,13,5,8,0
preText,0,0,0,0,0,0,0,0,0
PRIMME,1,873601,154508,50528,666715,57,28,2,24
rSQM,0,0,0,0,0,0,0,0,0
tsdf,0,0,0,0,0,0,0,0,0
brant,0,0,0,0,0,0,0,0,0
IATScore,0,0,0,0,0,0,0,0,0
influxdbr,0,0,0,0,0,0,0,0,0
MultiRNG,0,0,0,0,0,0,0,0,0
RandPro,0,0,0,0,0,0,0,0,0
rFSA,0,0,0,0,0,0,0,0,0
UnivRNG,0,0,0,0,0,0,0,0,0
elevatr,0,0,0,0,0,0,0,0,0
Rbgs,0,0,0,0,0,0,0,0,0
RGBM,1,34342,7736,21735,4871,11,4,5,2
univOutl,0,0,0,0,0,0,0,0,0
constants,0,0,0,0,0,0,0,0,0
csv,0,0,0,0,0,0,0,0,0
dynsbm,1,48516,31423,16207,566,14,6,5,1
sgee,0,0,0,0,0,0,0,0,0
grove,1,26476,3637,22742,0,8,2,4,0
fmbasics,0,0,0,0,0,0,0,0,0
MatManlyMix,1,155736,20535,0,135128,20,3,0,16
fastrtext,1,101138,17562,11425,0,27,13,2,0
fmdates,0,0,0,0,0,0,0,0,0
ipft,1,6780,0,6780,0,2,0,2,0
SparseDC,0,0,0,0,0,0,0,0,0
tidystringdist,0,0,0,0,0,0,0,0,0
Biolinv,0,0,0,0,0,0,0,0,0
miRNAss,1,9364,0,8532,758,6,0,4,1
naivebayes,0,0,0,0,0,0,0,0,0
sofa,0,0,0,0,0,0,0,0,0
bhm,0,0,0,0,0,0,0,0,0
rxylib,1,155779,0,154806,0,27,0,26,0
widgetframe,0,0,0,0,0,0,0,0,0
msde,1,17358,0,17292,0,5,0,3,0
mudfold,0,0,0,0,0,0,0,0,0
AmesHousing,0,0,0,0,0,0,0,0,0
PKPDmisc,1,16218,0,16218,0,10,0,10,0
stringformattr,0,0,0,0,0,0,0,0,0
SyncRNG,1,5294,0,0,5294,1,0,0,1
zonator,0,0,0,0,0,0,0,0,0
cleanEHR,1,2870,0,2854,0,3,0,2,0
gofastr,0,0,0,0,0,0,0,0,0
BisRNA,0,0,0,0,0,0,0,0,0
clustEff,0,0,0,0,0,0,0,0,0
GMAC,0,0,0,0,0,0,0,0,0
elo,1,4208,0,4208,0,2,0,2,0
libcoin,1,168016,25840,0,142054,28,12,0,14
corpus,1,1192474,758539,0,252976,72,21,0,38
inum,0,0,0,0,0,0,0,0,0
refset,0,0,0,0,0,0,0,0,0
parsemsf,0,0,0,0,0,0,0,0,0
Inventorymodel,0,0,0,0,0,0,0,0,0
plotrr,0,0,0,0,0,0,0,0,0
mazeGen,0,0,0,0,0,0,0,0,0
mdw,0,0,0,0,0,0,0,0,0
networkGen,0,0,0,0,0,0,0,0,0
striprtf,1,11324,1826,9498,0,5,2,3,0
xesreadR,0,0,0,0,0,0,0,0,0
EAinference,1,3340,421,2919,0,3,1,2,0
harrietr,0,0,0,0,0,0,0,0,0
NestedCategBayesImpute,1,43480,1322,42158,0,12,3,9,0
adapr,0,0,0,0,0,0,0,0,0
goftte,1,709473,664603,44571,0,31,23,6,0
passport,0,0,0,0,0,0,0,0,0
SASmarkdown,0,0,0,0,0,0,0,0,0
MUS,0,0,0,0,0,0,0,0,0
Dforest,0,0,0,0,0,0,0,0,0
phase1RMD,0,0,0,0,0,0,0,0,0
simEd,0,0,0,0,0,0,0,0,0
cctools,1,6351,0,5607,647,5,0,2,1
unitizer,0,0,0,0,0,0,0,0,0
CorporaCoCo,0,0,0,0,0,0,0,0,0
IDCard,0,0,0,0,0,0,0,0,0
MHTdiscrete,0,0,0,0,0,0,0,0,0
powdist,0,0,0,0,0,0,0,0,0
futility,0,0,0,0,0,0,0,0,0
KMgene,0,0,0,0,0,0,0,0,0
LCF,0,0,0,0,0,0,0,0,0
ManifoldOptim,1,723072,224205,489615,0,176,86,88,0
epicontacts,0,0,0,0,0,0,0,0,0
ICRanks,1,18912,0,18147,765,3,0,2,1
RcppHMM,1,144131,17355,126744,0,12,5,5,0
RcppTN,1,27947,2621,25326,0,28,11,17,0
AWR.Athena,0,0,0,0,0,0,0,0,0
wicket,1,30468,3119,27349,0,10,2,8,0
easyAHP,0,0,0,0,0,0,0,0,0
xslt,1,3415,24,2897,0,6,1,3,0
gamreg,1,3470,0,3376,0,3,0,2,0
revgeo,0,0,0,0,0,0,0,0,0
spiderbar,1,89010,22682,66281,0,17,7,9,0
sppmix,1,142298,0,141869,265,12,0,9,1
modest,0,0,0,0,0,0,0,0,0
ICCbin,0,0,0,0,0,0,0,0,0
dparser,1,653491,56308,0,596240,32,15,0,15
StakeholderAnalysis,0,0,0,0,0,0,0,0,0
qboxplot,0,0,0,0,0,0,0,0,0
rsample,0,0,0,0,0,0,0,0,0
ThankYouStars,0,0,0,0,0,0,0,0,0
BatchMap,1,84167,9383,73550,1202,18,6,9,1
anocva,0,0,0,0,0,0,0,0,0
PdPDB,0,0,0,0,0,0,0,0,0
rGoodData,0,0,0,0,0,0,0,0,0
rLDCP,0,0,0,0,0,0,0,0,0
rODE,0,0,0,0,0,0,0,0,0
geojson,0,0,0,0,0,0,0,0,0
epxToR,0,0,0,0,0,0,0,0,0
Diderot,0,0,0,0,0,0,0,0,0
RcppQuantuccia,1,33119,0,30439,2558,5,0,3,1
ArCo,0,0,0,0,0,0,0,0,0
lplyr,0,0,0,0,0,0,0,0,0
Pstat,0,0,0,0,0,0,0,0,0
RJSplot,0,0,0,0,0,0,0,0,0
slowraker,0,0,0,0,0,0,0,0,0
infraFDTD.assist,0,0,0,0,0,0,0,0,0
MBHdesign,0,0,0,0,0,0,0,0,0
phylocanvas,0,0,0,0,0,0,0,0,0
rsurfer,0,0,0,0,0,0,0,0,0
coppeCosenzaR,0,0,0,0,0,0,0,0,0
vfcp,0,0,0,0,0,0,0,0,0
countyfloods,0,0,0,0,0,0,0,0,0
FinAna,0,0,0,0,0,0,0,0,0
kaphom,0,0,0,0,0,0,0,0,0
meanr,1,2124557,2118763,0,5724,10,5,0,4
routr,0,0,0,0,0,0,0,0,0
GerminaR,0,0,0,0,0,0,0,0,0
WWR,1,12146,0,0,0,1,0,0,0
cbar,0,0,0,0,0,0,0,0,0
MOEADr,0,0,0,0,0,0,0,0,0
MoLE,0,0,0,0,0,0,0,0,0
nspmix,0,0,0,0,0,0,0,0,0
optimization,1,9808,0,9808,0,2,0,2,0
EfficientMaxEigenpair,0,0,0,0,0,0,0,0,0
MHCtools,0,0,0,0,0,0,0,0,0
WaveLetLongMemory,0,0,0,0,0,0,0,0,0
zFactor,0,0,0,0,0,0,0,0,0
debugme,0,0,0,0,0,0,0,0,0
docuSignr,0,0,0,0,0,0,0,0,0
groupdata2,0,0,0,0,0,0,0,0,0
oii,0,0,0,0,0,0,0,0,0
ROI.plugin.msbinlp,0,0,0,0,0,0,0,0,0
ROI.plugin.optimx,0,0,0,0,0,0,0,0,0
liteq,0,0,0,0,0,0,0,0,0
EasyMx,0,0,0,0,0,0,0,0,0
htm2txt,0,0,0,0,0,0,0,0,0
mafs,0,0,0,0,0,0,0,0,0
monoreg,1,52683,1855,0,50762,7,2,0,3
LZeroSpikeInference,0,0,0,0,0,0,0,0,0
geomedb,0,0,0,0,0,0,0,0,0
sicegar,0,0,0,0,0,0,0,0,0
vennplot,1,16291,0,16291,0,2,0,2,0
GSMX,0,0,0,0,0,0,0,0,0
rucrdtw,1,75252,0,75216,0,5,0,3,0
curstatCI,1,37037,1308,35729,0,5,1,4,0
icmm,0,0,0,0,0,0,0,0,0
iDINGO,0,0,0,0,0,0,0,0,0
HybridFS,0,0,0,0,0,0,0,0,0
brea,0,0,0,0,0,0,0,0,0
colf,0,0,0,0,0,0,0,0,0
RcppBlaze,1,10156,0,9596,304,6,0,3,1
Replicate,0,0,0,0,0,0,0,0,0
BMhyb,0,0,0,0,0,0,0,0,0
D3partitionR,0,0,0,0,0,0,0,0,0
editData,0,0,0,0,0,0,0,0,0
BaTFLED3D,0,0,0,0,0,0,0,0,0
BrownDog,0,0,0,0,0,0,0,0,0
DWLasso,0,0,0,0,0,0,0,0,0
DataEntry,0,0,0,0,0,0,0,0,0
proustr,0,0,0,0,0,0,0,0,0
confinterpret,0,0,0,0,0,0,0,0,0
additiveDEA,0,0,0,0,0,0,0,0,0
TSCS,0,0,0,0,0,0,0,0,0
msaR,0,0,0,0,0,0,0,0,0
basictabler,0,0,0,0,0,0,0,0,0
msu,0,0,0,0,0,0,0,0,0
SimTimeVar,0,0,0,0,0,0,0,0,0
statsDK,0,0,0,0,0,0,0,0,0
apercu,0,0,0,0,0,0,0,0,0
CHMM,1,7563,0,0,7563,2,0,0,2
MFKnockoffs,0,0,0,0,0,0,0,0,0
ArchaeoPhases,0,0,0,0,0,0,0,0,0
breakfast,0,0,0,0,0,0,0,0,0
glacierSMBM,0,0,0,0,0,0,0,0,0
isnullptr,1,436,0,0,436,1,0,0,1
pder,0,0,0,0,0,0,0,0,0
pifpaf,0,0,0,0,0,0,0,0,0
ecoseries,0,0,0,0,0,0,0,0,0
EventStudy,0,0,0,0,0,0,0,0,0
importar,0,0,0,0,0,0,0,0,0
kfda,0,0,0,0,0,0,0,0,0
LFDREmpiricalBayes,0,0,0,0,0,0,0,0,0
tinyProject,0,0,0,0,0,0,0,0,0
BNPMIXcluster,0,0,0,0,0,0,0,0,0
coinmarketcapr,0,0,0,0,0,0,0,0,0
d3plus,0,0,0,0,0,0,0,0,0
econullnetr,0,0,0,0,0,0,0,0,0
prioritylasso,0,0,0,0,0,0,0,0,0
parlitools,0,0,0,0,0,0,0,0,0
leabRa,0,0,0,0,0,0,0,0,0
mosaicModel,0,0,0,0,0,0,0,0,0
MRFA,0,0,0,0,0,0,0,0,0
OBMbpkg,0,0,0,0,0,0,0,0,0
RcmdrPlugin.sutteForecastR,0,0,0,0,0,0,0,0,0
regexSelect,0,0,0,0,0,0,0,0,0
USCF,0,0,0,0,0,0,0,0,0
brazilmaps,0,0,0,0,0,0,0,0,0
magicLamp,0,0,0,0,0,0,0,0,0
QLearning,0,0,0,0,0,0,0,0,0
rstansim,0,0,0,0,0,0,0,0,0
softermax,0,0,0,0,0,0,0,0,0
cptec,0,0,0,0,0,0,0,0,0
ensemblepp,0,0,0,0,0,0,0,0,0
FDRSeg,1,24068,369,23699,0,6,1,5,0
ROI.plugin.clp,0,0,0,0,0,0,0,0,0
binaryGP,1,5450,0,5125,229,6,0,3,1
BMT,0,0,0,0,0,0,0,0,0
curvecomp,0,0,0,0,0,0,0,0,0
envDocument,0,0,0,0,0,0,0,0,0
EQUIVNONINF,0,0,0,0,0,0,0,0,0
fusionclust,0,0,0,0,0,0,0,0,0
gma,0,0,0,0,0,0,0,0,0
IGP,0,0,0,0,0,0,0,0,0
kpeaks,0,0,0,0,0,0,0,0,0
SiER,0,0,0,0,0,0,0,0,0
sure,0,0,0,0,0,0,0,0,0
BNSL,1,52753,1812,50941,0,11,4,7,0
leafSTAR,0,0,0,0,0,0,0,0,0
mcMST,0,0,0,0,0,0,0,0,0
tsgui,1,1548,0,0,1433,5,2,0,1
cytominer,0,0,0,0,0,0,0,0,0
randnet,0,0,0,0,0,0,0,0,0
rbtt,0,0,0,0,0,0,0,0,0
SampleSize4ClinicalTrials,0,0,0,0,0,0,0,0,0
DES,0,0,0,0,0,0,0,0,0
googleComputeEngineR,0,0,0,0,0,0,0,0,0
MsdeParEst,0,0,0,0,0,0,0,0,0
wildcard,0,0,0,0,0,0,0,0,0
AurieLSHGaussian,0,0,0,0,0,0,0,0,0
CATTexact,0,0,0,0,0,0,0,0,0
gradientPickerD3,0,0,0,0,0,0,0,0,0
linemap,0,0,0,0,0,0,0,0,0
MFT,0,0,0,0,0,0,0,0,0
veccompare,0,0,0,0,0,0,0,0,0
CausalImpact,0,0,0,0,0,0,0,0,0
causalMGM,0,0,0,0,0,0,0,0,0
glassdoor,0,0,0,0,0,0,0,0,0
ADPF,0,0,0,0,0,0,0,0,0
auto.pca,0,0,0,0,0,0,0,0,0
DCD,0,0,0,0,0,0,0,0,0
medmod,0,0,0,0,0,0,0,0,0
PredPsych,0,0,0,0,0,0,0,0,0
unifDAG,0,0,0,0,0,0,0,0,0
GauPro,1,23343,0,23144,0,11,0,9,0
nos,0,0,0,0,0,0,0,0,0
opendotaR,0,0,0,0,0,0,0,0,0
sutteForecastR,0,0,0,0,0,0,0,0,0
yuimaGUI,0,0,0,0,0,0,0,0,0
MTSYS,0,0,0,0,0,0,0,0,0
CARS,0,0,0,0,0,0,0,0,0
fecR,0,0,0,0,0,0,0,0,0
GeoMongo,0,0,0,0,0,0,0,0,0
RTaxometrics,0,0,0,0,0,0,0,0,0
distrr,0,0,0,0,0,0,0,0,0
repurrrsive,0,0,0,0,0,0,0,0,0
SMM,0,0,0,0,0,0,0,0,0
AWR,0,0,0,0,0,0,0,0,0
Bios2cor,0,0,0,0,0,0,0,0,0
cprr,0,0,0,0,0,0,0,0,0
mapReasy,0,0,0,0,0,0,0,0,0
modelwordcloud,0,0,0,0,0,0,0,0,0
multilaterals,0,0,0,0,0,0,0,0,0
PakPMICS2014Ch,0,0,0,0,0,0,0,0,0
PakPMICS2014HH,0,0,0,0,0,0,0,0,0
PakPMICS2014HL,0,0,0,0,0,0,0,0,0
PakPMICS2014Wm,0,0,0,0,0,0,0,0,0
unjoin,0,0,0,0,0,0,0,0,0
csabounds,0,0,0,0,0,0,0,0,0
FactorsR,0,0,0,0,0,0,0,0,0
madrat,0,0,0,0,0,0,0,0,0
Ohit,0,0,0,0,0,0,0,0,0
TNC,0,0,0,0,0,0,0,0,0
UdderQuarterInfectionData,0,0,0,0,0,0,0,0,0
FuzzyNumbers.Ext.2,0,0,0,0,0,0,0,0,0
graphql,1,275272,47642,187025,0,31,13,12,0
RcextTools,0,0,0,0,0,0,0,0,0
VDSPCalibration,0,0,0,0,0,0,0,0,0
billboard,0,0,0,0,0,0,0,0,0
BosonSampling,1,5349,0,4981,0,6,0,4,0
cbanalysis,0,0,0,0,0,0,0,0,0
dplyrAssist,0,0,0,0,0,0,0,0,0
freqdom.fda,0,0,0,0,0,0,0,0,0
re2r,1,610894,0,111860,0,33,0,12,0
RGeode,1,6555,402,6153,0,7,2,5,0
threshr,0,0,0,0,0,0,0,0,0
alphavantager,0,0,0,0,0,0,0,0,0
doubcens,0,0,0,0,0,0,0,0,0
pcdpca,0,0,0,0,0,0,0,0,0
ShinyImage,0,0,0,0,0,0,0,0,0
AlphaVantageClient,0,0,0,0,0,0,0,0,0
BinarybalancedCut,0,0,0,0,0,0,0,0,0
afpt,0,0,0,0,0,0,0,0,0
cr17,0,0,0,0,0,0,0,0,0
DelayedEffect.Design,0,0,0,0,0,0,0,0,0
EcoIndR,0,0,0,0,0,0,0,0,0
Inflation,0,0,0,0,0,0,0,0,0
jaod,0,0,0,0,0,0,0,0,0
rDotNet,1,92033,0,29162,0,42,0,6,0
ari,0,0,0,0,0,0,0,0,0
cdparcoord,0,0,0,0,0,0,0,0,0
npphen,0,0,0,0,0,0,0,0,0
wktmo,0,0,0,0,0,0,0,0,0
cenGAM,0,0,0,0,0,0,0,0,0
deltar,0,0,0,0,0,0,0,0,0
seedCCA,0,0,0,0,0,0,0,0,0
ebmc,0,0,0,0,0,0,0,0,0
FPV,0,0,0,0,0,0,0,0,0
LowWAFOMSobol,1,59161,22144,36691,0,11,5,4,0
mcompanion,0,0,0,0,0,0,0,0,0
MTE,0,0,0,0,0,0,0,0,0
nomogramEx,0,0,0,0,0,0,0,0,0
PeriodicTable,0,0,0,0,0,0,0,0,0
sensitivitymult,0,0,0,0,0,0,0,0,0
caffsim,0,0,0,0,0,0,0,0,0
ccmm,0,0,0,0,0,0,0,0,0
dmutate,0,0,0,0,0,0,0,0,0
PSIMEX,0,0,0,0,0,0,0,0,0
SpatialEpiApp,0,0,0,0,0,0,0,0,0
LowWAFOMNX,1,59150,22144,36680,0,11,5,4,0
prcr,0,0,0,0,0,0,0,0,0
accSDA,0,0,0,0,0,0,0,0,0
Ecohydmod,0,0,0,0,0,0,0,0,0
mExplorer,0,0,0,0,0,0,0,0,0
multdyn,1,4976,0,4343,536,5,0,2,1
noncomplyR,0,0,0,0,0,0,0,0,0
Strategy,0,0,0,0,0,0,0,0,0
ActiveDriver,0,0,0,0,0,0,0,0,0
genepop,1,735596,65707,655088,14438,30,14,13,1
kntnr,0,0,0,0,0,0,0,0,0
macc,0,0,0,0,0,0,0,0,0
ConfigParser,0,0,0,0,0,0,0,0,0
esreg,1,21114,0,21018,0,6,0,4,0
R2DGC,0,0,0,0,0,0,0,0,0
simpleCache,0,0,0,0,0,0,0,0,0
SLICER,0,0,0,0,0,0,0,0,0
STARTdesign,1,3318,0,3089,229,3,0,2,1
Wrapped,0,0,0,0,0,0,0,0,0
InfoTrad,0,0,0,0,0,0,0,0,0
ircor,0,0,0,0,0,0,0,0,0
GRCdata,0,0,0,0,0,0,0,0,0
happybiRthday,0,0,0,0,0,0,0,0,0
ccRemover,0,0,0,0,0,0,0,0,0
sasMap,0,0,0,0,0,0,0,0,0
CompDist,0,0,0,0,0,0,0,0,0
forwards,0,0,0,0,0,0,0,0,0
gamCopula,0,0,0,0,0,0,0,0,0
AssayCorrector,0,0,0,0,0,0,0,0,0
atlantistools,0,0,0,0,0,0,0,0,0
IceCast,0,0,0,0,0,0,0,0,0
ggquiver,0,0,0,0,0,0,0,0,0
GrpString,0,0,0,0,0,0,0,0,0
LBSPR,1,4460,0,4460,0,2,0,2,0
PeakSegDP,1,8649,470,0,8179,5,2,0,3
samon,1,161413,22046,0,139367,42,18,0,24
SorptionAnalysis,0,0,0,0,0,0,0,0,0
CIplot,0,0,0,0,0,0,0,0,0
ConfoundedMeta,0,0,0,0,0,0,0,0,0
fastJT,1,33841,7768,25883,0,9,4,3,0
lmmen,0,0,0,0,0,0,0,0,0
tsiR,0,0,0,0,0,0,0,0,0
rdpla,0,0,0,0,0,0,0,0,0
dataMeta,0,0,0,0,0,0,0,0,0
IAbin,0,0,0,0,0,0,0,0,0
rasterList,0,0,0,0,0,0,0,0,0
rcv,0,0,0,0,0,0,0,0,0
valaddin,0,0,0,0,0,0,0,0,0
vanddraabe,0,0,0,0,0,0,0,0,0
vocaldia,0,0,0,0,0,0,0,0,0
GEint,0,0,0,0,0,0,0,0,0
IPMRF,0,0,0,0,0,0,0,0,0
poker,0,0,0,0,0,0,0,0,0
PsyControl,0,0,0,0,0,0,0,0,0
kangar00,0,0,0,0,0,0,0,0,0
OHPL,0,0,0,0,0,0,0,0,0
blink,0,0,0,0,0,0,0,0,0
default,0,0,0,0,0,0,0,0,0
multiCA,0,0,0,0,0,0,0,0,0
permGS,0,0,0,0,0,0,0,0,0
statesRcontiguous,0,0,0,0,0,0,0,0,0
restfulr,1,2435,0,0,2435,2,0,0,2
ggversa,0,0,0,0,0,0,0,0,0
italy,0,0,0,0,0,0,0,0,0
equaltestMI,0,0,0,0,0,0,0,0,0
GFA,0,0,0,0,0,0,0,0,0
metaBMA,0,0,0,0,0,0,0,0,0
RcppXPtrUtils,0,0,0,0,0,0,0,0,0
soilcarbon,0,0,0,0,0,0,0,0,0
SpatialAcc,0,0,0,0,0,0,0,0,0
banR,0,0,0,0,0,0,0,0,0
cranlike,0,0,0,0,0,0,0,0,0
echogram,0,0,0,0,0,0,0,0,0
EMAtools,0,0,0,0,0,0,0,0,0
ggsignif,0,0,0,0,0,0,0,0,0
lmmpar,0,0,0,0,0,0,0,0,0
multistate,0,0,0,0,0,0,0,0,0
rddensity,0,0,0,0,0,0,0,0,0
svenssonm,0,0,0,0,0,0,0,0,0
ambhasGW,0,0,0,0,0,0,0,0,0
GreedyEPL,1,33516,3428,28742,1249,18,6,9,1
IrishDirectorates,0,0,0,0,0,0,0,0,0
MixtureRegLTIC,1,26134,0,0,198,3,0,0,1
rtimicropem,0,0,0,0,0,0,0,0,0
subgroup.discovery,0,0,0,0,0,0,0,0,0
tbl2xts,0,0,0,0,0,0,0,0,0
ThermIndex,0,0,0,0,0,0,0,0,0
dejaVu,0,0,0,0,0,0,0,0,0
DoEstRare,1,6278,890,0,5388,5,2,0,3
fasjem,0,0,0,0,0,0,0,0,0
glmnetUtils,0,0,0,0,0,0,0,0,0
kpmt,0,0,0,0,0,0,0,0,0
structree,0,0,0,0,0,0,0,0,0
nonlinearICP,0,0,0,0,0,0,0,0,0
fChange,0,0,0,0,0,0,0,0,0
rclipboard,0,0,0,0,0,0,0,0,0
RkMetrics,0,0,0,0,0,0,0,0,0
CDVineCopulaConditional,0,0,0,0,0,0,0,0,0
mmtsne,0,0,0,0,0,0,0,0,0
lsplsGlm,0,0,0,0,0,0,0,0,0
mosaicCalc,0,0,0,0,0,0,0,0,0
optiSolve,0,0,0,0,0,0,0,0,0
iRF,1,129025,18589,9684,82460,17,5,3,6
maxTPR,0,0,0,0,0,0,0,0,0
unrepx,0,0,0,0,0,0,0,0,0
bayeslongitudinal,0,0,0,0,0,0,0,0,0
concaveman,0,0,0,0,0,0,0,0,0
ggseqlogo,0,0,0,0,0,0,0,0,0
MRTSampleSize,0,0,0,0,0,0,0,0,0
PowerNormal,0,0,0,0,0,0,0,0,0
seqICP,0,0,0,0,0,0,0,0,0
sidrar,0,0,0,0,0,0,0,0,0
GGEBiplots,0,0,0,0,0,0,0,0,0
pcensmix,0,0,0,0,0,0,0,0,0
c2c,0,0,0,0,0,0,0,0,0
geoGAM,0,0,0,0,0,0,0,0,0
dsmodels,0,0,0,0,0,0,0,0,0
prisonbrief,0,0,0,0,0,0,0,0,0
vcov,0,0,0,0,0,0,0,0,0
spNNGP,1,71684,5139,66431,0,10,2,7,0
DCA,0,0,0,0,0,0,0,0,0
BayesianGLasso,0,0,0,0,0,0,0,0,0
FastSF,1,16762,0,16436,229,8,0,5,1
harmonicmeanp,0,0,0,0,0,0,0,0,0
ivregEX,0,0,0,0,0,0,0,0,0
liquidSVM,1,1288192,222570,1022797,0,192,77,107,0
OBRE,0,0,0,0,0,0,0,0,0
scifigure,0,0,0,0,0,0,0,0,0
diffpriv,0,0,0,0,0,0,0,0,0
social,1,8065,0,7532,533,3,0,2,1
brlrmr,0,0,0,0,0,0,0,0,0
Census2016,0,0,0,0,0,0,0,0,0
cnbdistr,0,0,0,0,0,0,0,0,0
ercv,0,0,0,0,0,0,0,0,0
flexsurvcure,0,0,0,0,0,0,0,0,0
fragilityindex,0,0,0,0,0,0,0,0,0
LCox,0,0,0,0,0,0,0,0,0
sergeant,0,0,0,0,0,0,0,0,0
gh,0,0,0,0,0,0,0,0,0
llogistic,0,0,0,0,0,0,0,0,0
senstrat,0,0,0,0,0,0,0,0,0
centiserve,0,0,0,0,0,0,0,0,0
docker,0,0,0,0,0,0,0,0,0
DrImpute,1,5303,0,5207,0,4,0,2,0
randomForestExplainer,0,0,0,0,0,0,0,0,0
spongecake,0,0,0,0,0,0,0,0,0
tetraclasse,0,0,0,0,0,0,0,0,0
TSF,0,0,0,0,0,0,0,0,0
credsubs,0,0,0,0,0,0,0,0,0
geotoolsR,0,0,0,0,0,0,0,0,0
interfr,0,0,0,0,0,0,0,0,0
noaastormevents,0,0,0,0,0,0,0,0,0
facebook.S4,0,0,0,0,0,0,0,0,0
interim,0,0,0,0,0,0,0,0,0
integIRTy,0,0,0,0,0,0,0,0,0
NameNeedle,0,0,0,0,0,0,0,0,0
roots,0,0,0,0,0,0,0,0,0
AutoDeskR,0,0,0,0,0,0,0,0,0
dGAselID,0,0,0,0,0,0,0,0,0
FUNLDA,1,15570,360,14231,882,7,1,3,1
netcom,0,0,0,0,0,0,0,0,0
oompaData,0,0,0,0,0,0,0,0,0
PoloniexR,0,0,0,0,0,0,0,0,0
SFS,1,40482,8189,32165,0,6,1,3,0
decomposedPSF,0,0,0,0,0,0,0,0,0
fcm,0,0,0,0,0,0,0,0,0
lpdensity,0,0,0,0,0,0,0,0,0
mthapower,0,0,0,0,0,0,0,0,0
postlightmercury,0,0,0,0,0,0,0,0,0
fcuk,0,0,0,0,0,0,0,0,0
ggplotgui,0,0,0,0,0,0,0,0,0
l1kdeconv,0,0,0,0,0,0,0,0,0
mixlink,1,20306,235,19338,0,10,1,7,0
waccR,0,0,0,0,0,0,0,0,0
BNPMediation,0,0,0,0,0,0,0,0,0
SobolSequence,1,77983,29255,48440,0,12,6,4,0
textile,0,0,0,0,0,0,0,0,0
Autoplotprotein,0,0,0,0,0,0,0,0,0
correlbinom,0,0,0,0,0,0,0,0,0
ggChernoff,0,0,0,0,0,0,0,0,0
mandelbrot,1,3370,0,0,3370,2,0,0,2
Robocoap,0,0,0,0,0,0,0,0,0
assocInd,0,0,0,0,0,0,0,0,0
awspack,0,0,0,0,0,0,0,0,0
catSurv,1,131966,14617,114718,2457,50,23,24,1
coxphSGD,0,0,0,0,0,0,0,0,0
midas,0,0,0,0,0,0,0,0,0
numGen,0,0,0,0,0,0,0,0,0
SuperGauss,1,13549,0,13360,0,5,0,3,0
aws.cloudtrail,0,0,0,0,0,0,0,0,0
aws.sns,0,0,0,0,0,0,0,0,0
aws.sqs,0,0,0,0,0,0,0,0,0
cepR,0,0,0,0,0,0,0,0,0
SSM,0,0,0,0,0,0,0,0,0
wql,0,0,0,0,0,0,0,0,0
aurelius,0,0,0,0,0,0,0,0,0
ecolottery,0,0,0,0,0,0,0,0,0
mnis,0,0,0,0,0,0,0,0,0
autoBagging,0,0,0,0,0,0,0,0,0
aws.lambda,0,0,0,0,0,0,0,0,0
geoSpectral,0,0,0,0,0,0,0,0,0
hurdlr,0,0,0,0,0,0,0,0,0
kgschart,0,0,0,0,0,0,0,0,0
quickregression,0,0,0,0,0,0,0,0,0
rsoi,0,0,0,0,0,0,0,0,0
aws.iam,0,0,0,0,0,0,0,0,0
fence,0,0,0,0,0,0,0,0,0
hbdct,0,0,0,0,0,0,0,0,0
MicroMacroMultilevel,0,0,0,0,0,0,0,0,0
SkyWatchr,0,0,0,0,0,0,0,0,0
BiBitR,0,0,0,0,0,0,0,0,0
hhh4contacts,0,0,0,0,0,0,0,0,0
scpm,0,0,0,0,0,0,0,0,0
StratifiedRF,0,0,0,0,0,0,0,0,0
BradleyTerryScalable,1,12288,0,12155,0,6,0,4,0
gsloid,0,0,0,0,0,0,0,0,0
kazaam,1,1332,0,0,1225,3,0,0,2
My.stepwise,0,0,0,0,0,0,0,0,0
pinnacle.data,0,0,0,0,0,0,0,0,0
assertable,0,0,0,0,0,0,0,0,0
ExpRep,0,0,0,0,0,0,0,0,0
ForecastFramework,0,0,0,0,0,0,0,0,0
goldi,1,6063,0,5872,0,4,0,2,0
ppcc,1,22056,1163,0,20893,17,1,0,16
SFtools,0,0,0,0,0,0,0,0,0
sparsio,1,4526,0,4526,0,3,0,3,0
FSTpackage,0,0,0,0,0,0,0,0,0
gmediation,0,0,0,0,0,0,0,0,0
NCSampling,0,0,0,0,0,0,0,0,0
Opportunistic,0,0,0,0,0,0,0,0,0
otrimle,0,0,0,0,0,0,0,0,0
BayesTwin,0,0,0,0,0,0,0,0,0
CRANsearcher,0,0,0,0,0,0,0,0,0
intRvals,0,0,0,0,0,0,0,0,0
plater,0,0,0,0,0,0,0,0,0
pltesim,0,0,0,0,0,0,0,0,0
rattle.data,0,0,0,0,0,0,0,0,0
twfy,0,0,0,0,0,0,0,0,0
net.security,0,0,0,0,0,0,0,0,0
tidygenomics,1,6492,0,5811,681,3,0,2,1
DZEXPM,0,0,0,0,0,0,0,0,0
MultiSkew,0,0,0,0,0,0,0,0,0
BCgee,0,0,0,0,0,0,0,0,0
corset,0,0,0,0,0,0,0,0,0
JumpTest,1,10343,0,8595,1096,5,0,2,1
m2r,0,0,0,0,0,0,0,0,0
mljar,0,0,0,0,0,0,0,0,0
nlsrk,0,0,0,0,0,0,0,0,0
SCAT,1,2476,0,1910,470,4,0,1,1
MOQA,0,0,0,0,0,0,0,0,0
rMouse,0,0,0,0,0,0,0,0,0
rrcov3way,0,0,0,0,0,0,0,0,0
swapClass,0,0,0,0,0,0,0,0,0
ftDK,0,0,0,0,0,0,0,0,0
anchoredDistr,0,0,0,0,0,0,0,0,0
mssqlR,0,0,0,0,0,0,0,0,0
POMaSPU,1,3474,0,3148,229,5,0,2,1
rematch2,0,0,0,0,0,0,0,0,0
RLeafAngle,0,0,0,0,0,0,0,0,0
taxizedb,0,0,0,0,0,0,0,0,0
ukbabynames,0,0,0,0,0,0,0,0,0
clinPK,0,0,0,0,0,0,0,0,0
namedCapture,0,0,0,0,0,0,0,0,0
PeakError,1,5412,545,0,4867,3,1,0,2
sfadv,0,0,0,0,0,0,0,0,0
forecastSNSTS,1,14280,0,14280,0,4,0,4,0
processmonitR,0,0,0,0,0,0,0,0,0
ECFsup,1,7703,0,7417,0,4,0,2,0
secret,0,0,0,0,0,0,0,0,0
CityWaterBalance,0,0,0,0,0,0,0,0,0
phenopix,0,0,0,0,0,0,0,0,0
baseballDBR,0,0,0,0,0,0,0,0,0
dataverse,0,0,0,0,0,0,0,0,0
GeoRange,0,0,0,0,0,0,0,0,0
mccr,0,0,0,0,0,0,0,0,0
pleiades,0,0,0,0,0,0,0,0,0
zooaRchGUI,0,0,0,0,0,0,0,0,0
nscprepr,0,0,0,0,0,0,0,0,0
ZIBseq,0,0,0,0,0,0,0,0,0
d3Tree,0,0,0,0,0,0,0,0,0
argon2,1,154320,56455,0,79605,26,13,0,11
patternator,0,0,0,0,0,0,0,0,0
SanFranBeachWater,0,0,0,0,0,0,0,0,0
standardize,0,0,0,0,0,0,0,0,0
featurizer,0,0,0,0,0,0,0,0,0
orderstats,0,0,0,0,0,0,0,0,0
colorpatch,0,0,0,0,0,0,0,0,0
soptdmaeA,0,0,0,0,0,0,0,0,0
frequencies,0,0,0,0,0,0,0,0,0
getmstatistic,0,0,0,0,0,0,0,0,0
mixEMM,0,0,0,0,0,0,0,0,0
Risk,0,0,0,0,0,0,0,0,0
xsp,0,0,0,0,0,0,0,0,0
gqlr,0,0,0,0,0,0,0,0,0
iNOTE,0,0,0,0,0,0,0,0,0
BAYESDEF,0,0,0,0,0,0,0,0,0
bdlp,0,0,0,0,0,0,0,0,0
covfefe,0,0,0,0,0,0,0,0,0
gamlssbssn,0,0,0,0,0,0,0,0,0
gghalfnorm,0,0,0,0,0,0,0,0,0
HDCI,0,0,0,0,0,0,0,0,0
iadf,0,0,0,0,0,0,0,0,0
piton,1,3833,0,3398,388,4,0,2,1
pwrAB,0,0,0,0,0,0,0,0,0
rpst,0,0,0,0,0,0,0,0,0
themetagenomics,1,18401,4482,13335,534,6,1,3,1
zstdr,1,4434209,526166,104599,2666675,283,64,17,76
capn,0,0,0,0,0,0,0,0,0
imaginator,0,0,0,0,0,0,0,0,0
ck37r,0,0,0,0,0,0,0,0,0
eesim,0,0,0,0,0,0,0,0,0
glmertree,0,0,0,0,0,0,0,0,0
KRMM,0,0,0,0,0,0,0,0,0
NB.MClust,0,0,0,0,0,0,0,0,0
hypersampleplan,0,0,0,0,0,0,0,0,0
logOfGamma,0,0,0,0,0,0,0,0,0
webglobe,0,0,0,0,0,0,0,0,0
kerasR,0,0,0,0,0,0,0,0,0
QPBoot,0,0,0,0,0,0,0,0,0
baitmet,0,0,0,0,0,0,0,0,0
difconet,0,0,0,0,0,0,0,0,0
ElastH,0,0,0,0,0,0,0,0,0
ids,0,0,0,0,0,0,0,0,0
ImaginR,0,0,0,0,0,0,0,0,0
logistic4p,0,0,0,0,0,0,0,0,0
pencopulaCond,0,0,0,0,0,0,0,0,0
mdpeer,0,0,0,0,0,0,0,0,0
DDM,0,0,0,0,0,0,0,0,0
dfCompare,0,0,0,0,0,0,0,0,0
phrasemachine,0,0,0,0,0,0,0,0,0
here,0,0,0,0,0,0,0,0,0
SmartSVA,0,0,0,0,0,0,0,0,0
didrooRFM,0,0,0,0,0,0,0,0,0
polypoly,0,0,0,0,0,0,0,0,0
SeerMapper,0,0,0,0,0,0,0,0,0
stratvns,0,0,0,0,0,0,0,0,0
CharFun,0,0,0,0,0,0,0,0,0
stratbr,0,0,0,0,0,0,0,0,0
tictactoe,0,0,0,0,0,0,0,0,0
apng,0,0,0,0,0,0,0,0,0
rdoxygen,1,995,385,0,583,4,1,0,2
timelineR,0,0,0,0,0,0,0,0,0
TriadSim,0,0,0,0,0,0,0,0,0
lans2r,0,0,0,0,0,0,0,0,0
wally,0,0,0,0,0,0,0,0,0
RHPCBenchmark,0,0,0,0,0,0,0,0,0
RNAstructureModuleMiner,0,0,0,0,0,0,0,0,0
ROI.models.miplib,0,0,0,0,0,0,0,0,0
rpatrec,0,0,0,0,0,0,0,0,0
xLLiM,0,0,0,0,0,0,0,0,0
Rd2md,0,0,0,0,0,0,0,0,0
sotu,0,0,0,0,0,0,0,0,0
NPMOD,0,0,0,0,0,0,0,0,0
AHMbook,0,0,0,0,0,0,0,0,0
CATT,0,0,0,0,0,0,0,0,0
checkarg,0,0,0,0,0,0,0,0,0
kdevine,1,8950,0,8853,0,4,0,2,0
numKM,0,0,0,0,0,0,0,0,0
poisbinom,1,9221,0,8315,883,4,0,2,1
printr,0,0,0,0,0,0,0,0,0
GUIgems,0,0,0,0,0,0,0,0,0
easyNCDF,0,0,0,0,0,0,0,0,0
zeligverse,0,0,0,0,0,0,0,0,0
ExcessMass,0,0,0,0,0,0,0,0,0
PROscorer,0,0,0,0,0,0,0,0,0
rif,0,0,0,0,0,0,0,0,0
PairwiseD,0,0,0,0,0,0,0,0,0
PROscorerTools,0,0,0,0,0,0,0,0,0
slim,0,0,0,0,0,0,0,0,0
gomms,0,0,0,0,0,0,0,0,0
GEEmediate,0,0,0,0,0,0,0,0,0
learnrbook,0,0,0,0,0,0,0,0,0
mbgraphic,1,3886,0,3251,635,4,0,3,1
diffMeshGP,0,0,0,0,0,0,0,0,0
EpistemicGameTheory,0,0,0,0,0,0,0,0,0
fastTextR,1,99236,12359,40986,5495,20,9,2,1
iGSEA,0,0,0,0,0,0,0,0,0
jocre,0,0,0,0,0,0,0,0,0
lifelogr,0,0,0,0,0,0,0,0,0
shinycssloaders,0,0,0,0,0,0,0,0,0
sinib,0,0,0,0,0,0,0,0,0
usedist,0,0,0,0,0,0,0,0,0
iECAT,0,0,0,0,0,0,0,0,0
lhmixr,0,0,0,0,0,0,0,0,0
pawls,1,10069,0,0,10069,4,0,0,4
WebGestaltR,0,0,0,0,0,0,0,0,0
lindia,0,0,0,0,0,0,0,0,0
lsasim,0,0,0,0,0,0,0,0,0
outbreaks,0,0,0,0,0,0,0,0,0
qrsvm,0,0,0,0,0,0,0,0,0
AcuityView,0,0,0,0,0,0,0,0,0
plotprotein,0,0,0,0,0,0,0,0,0
IndianTaxCalc,0,0,0,0,0,0,0,0,0
RPEXE.RPEXT,0,0,0,0,0,0,0,0,0
PROreg,0,0,0,0,0,0,0,0,0
pwr2,0,0,0,0,0,0,0,0,0
cowbell,0,0,0,0,0,0,0,0,0
crunchy,0,0,0,0,0,0,0,0,0
ContourFunctions,0,0,0,0,0,0,0,0,0
DataGraph,1,443070,126542,316276,202,45,23,20,1
idar,1,3001,0,0,522,2,0,0,1
seasonalview,0,0,0,0,0,0,0,0,0
kmcudaR,1,122794,0,21510,0,7,0,2,0
m2b,0,0,0,0,0,0,0,0,0
qrmix,0,0,0,0,0,0,0,0,0
discord,0,0,0,0,0,0,0,0,0
dsrTest,0,0,0,0,0,0,0,0,0
KSEAapp,0,0,0,0,0,0,0,0,0
mut,0,0,0,0,0,0,0,0,0
ncdump,0,0,0,0,0,0,0,0,0
onehot,1,2554,0,0,2554,1,0,0,1
angstroms,0,0,0,0,0,0,0,0,0
EML,0,0,0,0,0,0,0,0,0
MHTmult,0,0,0,0,0,0,0,0,0
MetaboList,0,0,0,0,0,0,0,0,0
pafdR,0,0,0,0,0,0,0,0,0
SPADAR,0,0,0,0,0,0,0,0,0
ChocoLattes,0,0,0,0,0,0,0,0,0
dataseries,0,0,0,0,0,0,0,0,0
mockr,0,0,0,0,0,0,0,0,0
casebase,0,0,0,0,0,0,0,0,0
gsrsb,0,0,0,0,0,0,0,0,0
WikidataQueryServiceR,0,0,0,0,0,0,0,0,0
aSPC,0,0,0,0,0,0,0,0,0
mstherm,0,0,0,0,0,0,0,0,0
bulletr,0,0,0,0,0,0,0,0,0
coxphMIC,0,0,0,0,0,0,0,0,0
md.log,0,0,0,0,0,0,0,0,0
censCov,0,0,0,0,0,0,0,0,0
RandMeta,0,0,0,0,0,0,0,0,0
zip,1,252204,231361,0,20843,5,2,0,3
ajv,0,0,0,0,0,0,0,0,0
BarBorGradient,0,0,0,0,0,0,0,0,0
ider,0,0,0,0,0,0,0,0,0
nonpar,0,0,0,0,0,0,0,0,0
ring,1,23554,2120,0,21384,11,4,0,6
selectapref,0,0,0,0,0,0,0,0,0
startR,0,0,0,0,0,0,0,0,0
chemmodlab,0,0,0,0,0,0,0,0,0
CrossScreening,0,0,0,0,0,0,0,0,0
KENDL,0,0,0,0,0,0,0,0,0
RpeakChrom,0,0,0,0,0,0,0,0,0
SADISA,0,0,0,0,0,0,0,0,0
simMP,0,0,0,0,0,0,0,0,0
statGraph,0,0,0,0,0,0,0,0,0
unix,1,5249,0,0,5249,5,0,0,5
PortfolioOptim,0,0,0,0,0,0,0,0,0
PCADSC,0,0,0,0,0,0,0,0,0
yarrr,0,0,0,0,0,0,0,0,0
icosa,1,113553,0,106162,7391,6,0,5,1
TSGSIS,0,0,0,0,0,0,0,0,0
uqr,0,0,0,0,0,0,0,0,0
WLreg,1,4960,0,0,729,2,0,0,1
mro,0,0,0,0,0,0,0,0,0
complexity,0,0,0,0,0,0,0,0,0
bayesCL,1,142577,31151,109905,1521,11,6,4,1
SeerMapper2010East,0,0,0,0,0,0,0,0,0
SeerMapper2010West,0,0,0,0,0,0,0,0,0
StatPerMeCo,0,0,0,0,0,0,0,0,0
thankr,0,0,0,0,0,0,0,0,0
fpest,0,0,0,0,0,0,0,0,0
nopaco,1,321798,149125,33618,0,22,11,5,0
R2ucare,0,0,0,0,0,0,0,0,0
SeerMapper2010Regs,0,0,0,0,0,0,0,0,0
spec,0,0,0,0,0,0,0,0,0
Tnseq,0,0,0,0,0,0,0,0,0
tubern,0,0,0,0,0,0,0,0,0
wrangle,0,0,0,0,0,0,0,0,0
marcher,0,0,0,0,0,0,0,0,0
optrcdmaeAT,0,0,0,0,0,0,0,0,0
SeerMapperEast,0,0,0,0,0,0,0,0,0
SeerMapperWest,0,0,0,0,0,0,0,0,0
fastqcr,0,0,0,0,0,0,0,0,0
GADAG,1,2900,0,2574,229,5,0,2,1
GLIDE,1,23141,2010,0,20975,5,1,0,2
D3GB,0,0,0,0,0,0,0,0,0
lspline,0,0,0,0,0,0,0,0,0
SeerMapperRegs,0,0,0,0,0,0,0,0,0
mRchmadness,0,0,0,0,0,0,0,0,0
skeletor,0,0,0,0,0,0,0,0,0
duckduckr,0,0,0,0,0,0,0,0,0
IMTest,0,0,0,0,0,0,0,0,0
MedDietCalc,0,0,0,0,0,0,0,0,0
micEconIndex,0,0,0,0,0,0,0,0,0
secure,1,33411,0,33026,229,5,0,2,1
sylcount,1,1675767,1664037,0,11660,7,3,0,3
classifierplots,0,0,0,0,0,0,0,0,0
CoFRA,1,1796,0,1796,0,2,0,2,0
eshrink,0,0,0,0,0,0,0,0,0
zfa,1,864,0,0,864,2,0,0,2
HYRISK,0,0,0,0,0,0,0,0,0
TSMN,0,0,0,0,0,0,0,0,0
afmToolkit,0,0,0,0,0,0,0,0,0
groupsubsetselection,1,105706,0,0,609,2,0,0,1
nlshelper,0,0,0,0,0,0,0,0,0
vesselr,0,0,0,0,0,0,0,0,0
xbreed,1,27895,0,0,1173,5,0,0,1
xyz,1,63206,0,63206,0,2,0,2,0
enrichR,0,0,0,0,0,0,0,0,0
medicare,0,0,0,0,0,0,0,0,0
grapes,0,0,0,0,0,0,0,0,0
InterfaceqPCR,0,0,0,0,0,0,0,0,0
SARP.moodle,0,0,0,0,0,0,0,0,0
tensorr,0,0,0,0,0,0,0,0,0
aptg,0,0,0,0,0,0,0,0,0
focusedMDS,0,0,0,0,0,0,0,0,0
kscons,0,0,0,0,0,0,0,0,0
optim.functions,0,0,0,0,0,0,0,0,0
BLModel,0,0,0,0,0,0,0,0,0
fam2r,0,0,0,0,0,0,0,0,0
metavcov,0,0,0,0,0,0,0,0,0
moezipfR,0,0,0,0,0,0,0,0,0
patternize,0,0,0,0,0,0,0,0,0
tilegramsR,0,0,0,0,0,0,0,0,0
tsqn,0,0,0,0,0,0,0,0,0
itan,0,0,0,0,0,0,0,0,0
shinyHeatmaply,0,0,0,0,0,0,0,0,0
NetworkRiskMeasures,0,0,0,0,0,0,0,0,0
slimrec,0,0,0,0,0,0,0,0,0
TeachBayes,0,0,0,0,0,0,0,0,0
vortexRdata,0,0,0,0,0,0,0,0,0
docstring,0,0,0,0,0,0,0,0,0
IPWsurvival,0,0,0,0,0,0,0,0,0
PCFAM,0,0,0,0,0,0,0,0,0
affluenceIndex,0,0,0,0,0,0,0,0,0
summariser,0,0,0,0,0,0,0,0,0
tsxtreme,1,45623,8189,35946,1488,5,2,2,1
CVR,1,19272,0,18995,229,4,0,2,1
pathmapping,1,13267,0,0,12899,2,0,0,1
xlsimple,0,0,0,0,0,0,0,0,0
FMC,0,0,0,0,0,0,0,0,0
gpg,1,17134,522,0,16209,8,1,0,5
orgutils,0,0,0,0,0,0,0,0,0
rnaturalearth,0,0,0,0,0,0,0,0,0
rolr,0,0,0,0,0,0,0,0,0
stmgp,0,0,0,0,0,0,0,0,0
EstimateGroupNetwork,0,0,0,0,0,0,0,0,0
Rvoterdistance,1,8620,0,8391,229,3,0,2,1
shinyShortcut,0,0,0,0,0,0,0,0,0
OSCV,0,0,0,0,0,0,0,0,0
BASS,1,343848,58217,285521,0,12,4,7,0
BCSub,1,8932,0,8836,0,4,0,2,0
CNull,1,44962,31535,11358,2069,10,7,2,1
FlexDir,0,0,0,0,0,0,0,0,0
RankingProject,0,0,0,0,0,0,0,0,0
rolypoly,0,0,0,0,0,0,0,0,0
gee4,1,75533,28992,43274,3041,13,6,4,1
gatepoints,0,0,0,0,0,0,0,0,0
outreg,0,0,0,0,0,0,0,0,0
collpcm,1,244241,152294,0,91947,11,6,0,5
radmixture,1,3047,0,0,3005,4,0,0,3
cmpprocess,0,0,0,0,0,0,0,0,0
iNextPD,0,0,0,0,0,0,0,0,0
rdataretriever,0,0,0,0,0,0,0,0,0
HoRM,0,0,0,0,0,0,0,0,0
SigOptR,0,0,0,0,0,0,0,0,0
CONS,0,0,0,0,0,0,0,0,0
iSDM,0,0,0,0,0,0,0,0,0
SymTS,1,16285,0,0,15931,3,0,0,1
VertexSort,0,0,0,0,0,0,0,0,0
badger,0,0,0,0,0,0,0,0,0
BCellMA,0,0,0,0,0,0,0,0,0
NHLData,0,0,0,0,0,0,0,0,0
readOffice,0,0,0,0,0,0,0,0,0
cpr,1,22482,1520,20083,716,11,1,7,1
otinference,0,0,0,0,0,0,0,0,0
remindR,0,0,0,0,0,0,0,0,0
edarf,0,0,0,0,0,0,0,0,0
funchir,0,0,0,0,0,0,0,0,0
gt4ireval,0,0,0,0,0,0,0,0,0
MLID,0,0,0,0,0,0,0,0,0
twilio,0,0,0,0,0,0,0,0,0
VarED,0,0,0,0,0,0,0,0,0
CPsurv,0,0,0,0,0,0,0,0,0
SubgrpID,0,0,0,0,0,0,0,0,0
CensSpatial,0,0,0,0,0,0,0,0,0
cghRA,1,10327,747,0,9539,3,1,0,1
Dpit,0,0,0,0,0,0,0,0,0
cropdatape,0,0,0,0,0,0,0,0,0
fitplc,0,0,0,0,0,0,0,0,0
gaiah,0,0,0,0,0,0,0,0,0
WPKDE,1,10447,0,0,10447,2,0,0,2
DiffNet,1,6324,0,5636,688,3,0,2,1
rcc,0,0,0,0,0,0,0,0,0
dirmcmc,0,0,0,0,0,0,0,0,0
extdplyr,0,0,0,0,0,0,0,0,0
fontHind,0,0,0,0,0,0,0,0,0
fontMPlus,0,0,0,0,0,0,0,0,0
gbts,0,0,0,0,0,0,0,0,0
leafletCN,0,0,0,0,0,0,0,0,0
misreport,0,0,0,0,0,0,0,0,0
automagic,0,0,0,0,0,0,0,0,0
AWR.Kinesis,0,0,0,0,0,0,0,0,0
betacal,0,0,0,0,0,0,0,0,0
ccafs,0,0,0,0,0,0,0,0,0
europop,0,0,0,0,0,0,0,0,0
som.nn,0,0,0,0,0,0,0,0,0
TAR,0,0,0,0,0,0,0,0,0
EnviroPRA,0,0,0,0,0,0,0,0,0
InvasionCorrection,0,0,0,0,0,0,0,0,0
naptime,0,0,0,0,0,0,0,0,0
neighbr,0,0,0,0,0,0,0,0,0
prefeR,0,0,0,0,0,0,0,0,0
robustarima,1,260523,1375,0,2628,4,1,0,1
BayesSpec,0,0,0,0,0,0,0,0,0
BCC1997,0,0,0,0,0,0,0,0,0
bsearchtools,1,23858,0,23858,0,2,0,2,0
DecorateR,0,0,0,0,0,0,0,0,0
lclGWAS,1,66007,49047,15279,1649,24,16,5,1
mle.tools,0,0,0,0,0,0,0,0,0
rnaturalearthdata,0,0,0,0,0,0,0,0,0
stdvectors,1,49104,0,41019,8085,3,0,2,1
AWR.KMS,0,0,0,0,0,0,0,0,0
BayesFM,1,71103,0,0,0,14,0,0,0
colorr,0,0,0,0,0,0,0,0,0
fileplyr,0,0,0,0,0,0,0,0,0
gMOIP,0,0,0,0,0,0,0,0,0
GSparO,0,0,0,0,0,0,0,0,0
upmfit,0,0,0,0,0,0,0,0,0
educineq,0,0,0,0,0,0,0,0,0
keyringr,0,0,0,0,0,0,0,0,0
marinespeed,0,0,0,0,0,0,0,0,0
opusminer,1,48164,16081,31640,443,23,11,11,1
rope,0,0,0,0,0,0,0,0,0
spdownscale,0,0,0,0,0,0,0,0,0
ubeR,0,0,0,0,0,0,0,0,0
condir,0,0,0,0,0,0,0,0,0
velociraptr,0,0,0,0,0,0,0,0,0
warpMix,0,0,0,0,0,0,0,0,0
dgodata,0,0,0,0,0,0,0,0,0
eefAnalytics,0,0,0,0,0,0,0,0,0
paperplanes,0,0,0,0,0,0,0,0,0
rapiclient,0,0,0,0,0,0,0,0,0
HRQoL,0,0,0,0,0,0,0,0,0
maxnet,0,0,0,0,0,0,0,0,0
optbdmaeAT,0,0,0,0,0,0,0,0,0
BayesCombo,0,0,0,0,0,0,0,0,0
FuzzyStatTra,0,0,0,0,0,0,0,0,0
OCA,0,0,0,0,0,0,0,0,0
GPB,1,19236,0,0,19236,1,0,0,1
cbird,1,33994,0,0,33946,2,0,0,1
mdftracks,0,0,0,0,0,0,0,0,0
QuantileGradeR,0,0,0,0,0,0,0,0,0
samplingDataCRT,0,0,0,0,0,0,0,0,0
SMLoutliers,0,0,0,0,0,0,0,0,0
mbrglm,1,978,0,0,978,1,0,0,1
flippant,0,0,0,0,0,0,0,0,0
superheat,0,0,0,0,0,0,0,0,0
moveWindSpeed,1,2092,0,2092,0,2,0,2,0
mpe,0,0,0,0,0,0,0,0,0
readHAC,0,0,0,0,0,0,0,0,0
SignifReg,0,0,0,0,0,0,0,0,0
EnsCat,0,0,0,0,0,0,0,0,0
ShinyTester,0,0,0,0,0,0,0,0,0
sonify,0,0,0,0,0,0,0,0,0
ssmsn,0,0,0,0,0,0,0,0,0
iBST,1,1872,0,1872,0,1,0,1,0
flood,0,0,0,0,0,0,0,0,0
inspectr,0,0,0,0,0,0,0,0,0
observer,0,0,0,0,0,0,0,0,0
poio,0,0,0,0,0,0,0,0,0
alphabetr,1,18186,0,18186,0,6,0,6,0
gbp,1,194856,28003,166430,0,34,15,17,0
hurricaneexposure,0,0,0,0,0,0,0,0,0
tracer,0,0,0,0,0,0,0,0,0
LumReader,0,0,0,0,0,0,0,0,0
sparsestep,0,0,0,0,0,0,0,0,0
BayesPieceHazSelect,0,0,0,0,0,0,0,0,0
eclust,0,0,0,0,0,0,0,0,0
nparsurv,0,0,0,0,0,0,0,0,0
mutSignatures,0,0,0,0,0,0,0,0,0
NORMA,0,0,0,0,0,0,0,0,0
powerEQTL,0,0,0,0,0,0,0,0,0
rKIN,0,0,0,0,0,0,0,0,0
simpleSetup,0,0,0,0,0,0,0,0,0
chi2x3way,0,0,0,0,0,0,0,0,0
skm,1,49741,12861,36460,0,11,4,5,0
ICV,0,0,0,0,0,0,0,0,0
intrval,0,0,0,0,0,0,0,0,0
kpcalg,0,0,0,0,0,0,0,0,0
mglR,0,0,0,0,0,0,0,0,0
SOFIA,0,0,0,0,0,0,0,0,0
tea,0,0,0,0,0,0,0,0,0
teda,0,0,0,0,0,0,0,0,0
rcure,0,0,0,0,0,0,0,0,0
testforDEP,1,16458,920,15538,0,9,2,7,0
bytescircle,1,1637,0,0,1637,1,0,0,1
caesar,0,0,0,0,0,0,0,0,0
cleanr,0,0,0,0,0,0,0,0,0
conditions,1,5811,761,0,5050,5,2,0,3
bayesianETAS,1,17146,0,17130,0,2,0,1,0
rCAT,0,0,0,0,0,0,0,0,0
cumstats,0,0,0,0,0,0,0,0,0
maxmatching,0,0,0,0,0,0,0,0,0
PoSI,0,0,0,0,0,0,0,0,0
InfiniumPurify,0,0,0,0,0,0,0,0,0
rwars,0,0,0,0,0,0,0,0,0
GeneClusterNet,0,0,0,0,0,0,0,0,0
SADEG,0,0,0,0,0,0,0,0,0
sparkwarc,0,0,0,0,0,0,0,0,0
EBrank,0,0,0,0,0,0,0,0,0
rld,0,0,0,0,0,0,0,0,0
zTree,0,0,0,0,0,0,0,0,0
esmisc,0,0,0,0,0,0,0,0,0
NetWeaver,0,0,0,0,0,0,0,0,0
QRank,0,0,0,0,0,0,0,0,0
BoolFilter,0,0,0,0,0,0,0,0,0
esaddle,1,4964,668,2990,0,4,1,1,0
rjsonapi,0,0,0,0,0,0,0,0,0
sysid,0,0,0,0,0,0,0,0,0
BivRegBLS,0,0,0,0,0,0,0,0,0
fabCI,0,0,0,0,0,0,0,0,0
ltxsparklines,0,0,0,0,0,0,0,0,0
Plasmidprofiler,0,0,0,0,0,0,0,0,0
semver,1,27565,13425,14124,0,9,4,4,0
crisp,0,0,0,0,0,0,0,0,0
FixSeqMTP,0,0,0,0,0,0,0,0,0
requireR,0,0,0,0,0,0,0,0,0
dSVA,0,0,0,0,0,0,0,0,0
HeritSeq,0,0,0,0,0,0,0,0,0
minimalRSD,0,0,0,0,0,0,0,0,0
Partiallyoverlapping,0,0,0,0,0,0,0,0,0
pwt9,0,0,0,0,0,0,0,0,0
Redmonder,0,0,0,0,0,0,0,0,0
tsdecomp,0,0,0,0,0,0,0,0,0
TSeriesMMA,0,0,0,0,0,0,0,0,0
colr,0,0,0,0,0,0,0,0,0
FTRLProximal,1,9188,277,0,8863,6,2,0,3
natserv,0,0,0,0,0,0,0,0,0
awsjavasdk,0,0,0,0,0,0,0,0,0
censys,0,0,0,0,0,0,0,0,0
hds,0,0,0,0,0,0,0,0,0
bossMaps,0,0,0,0,0,0,0,0,0
attrCUSUM,1,19909,0,19812,0,5,0,3,0
acrt,1,13717,1185,12400,0,8,1,5,0
bayesloglin,1,1861,0,0,1861,1,0,0,1
DStree,1,10718,0,10718,0,5,0,5,0
KTensorGraphs,0,0,0,0,0,0,0,0,0
restrictedMVN,1,5691,0,0,5691,1,0,0,1
rFTRLProximal,1,12122,0,12122,0,2,0,2,0
spark.sas7bdat,0,0,0,0,0,0,0,0,0
UStatBookABSC,0,0,0,0,0,0,0,0,0
DISTRIB,0,0,0,0,0,0,0,0,0
factorcpt,1,7634,0,7585,0,3,0,2,0
utf8latex,1,69407,61753,0,7654,2,1,0,1
findviews,0,0,0,0,0,0,0,0,0
ggguitar,0,0,0,0,0,0,0,0,0
ROI.models.netlib,0,0,0,0,0,0,0,0,0
ztype,0,0,0,0,0,0,0,0,0
crosstalk,0,0,0,0,0,0,0,0,0
pgee.mixed,1,20352,0,20304,0,3,0,2,0
rocNIT,0,0,0,0,0,0,0,0,0
SpaTimeClus,1,17811,0,16598,0,7,0,5,0
aws.ses,0,0,0,0,0,0,0,0,0
SPPcomb,0,0,0,0,0,0,0,0,0
stmgui,0,0,0,0,0,0,0,0,0
pipeliner,0,0,0,0,0,0,0,0,0
DirectStandardisation,0,0,0,0,0,0,0,0,0
magicfor,0,0,0,0,0,0,0,0,0
MTDrh,0,0,0,0,0,0,0,0,0
MWRidge,0,0,0,0,0,0,0,0,0
PepSAVIms,0,0,0,0,0,0,0,0,0
FinancialMath,0,0,0,0,0,0,0,0,0
coprimary,0,0,0,0,0,0,0,0,0
BTYDplus,1,26332,0,26332,0,2,0,2,0
bpp,0,0,0,0,0,0,0,0,0
MODISSnow,0,0,0,0,0,0,0,0,0
poptrend,0,0,0,0,0,0,0,0,0
ampd,0,0,0,0,0,0,0,0,0
DNLC,0,0,0,0,0,0,0,0,0
errorizer,0,0,0,0,0,0,0,0,0
rtrends,0,0,0,0,0,0,0,0,0
CuCubes,1,28331,12825,15260,0,21,11,9,0
GLMaSPU,1,3939,0,3842,0,4,0,2,0
magree,1,17987,0,0,0,4,0,0,0
rrr,0,0,0,0,0,0,0,0,0
aws.polly,0,0,0,0,0,0,0,0,0
gofMC,0,0,0,0,0,0,0,0,0
Radviz,0,0,0,0,0,0,0,0,0
DCM,0,0,0,0,0,0,0,0,0
icesVocab,0,0,0,0,0,0,0,0,0
rccmisc,0,0,0,0,0,0,0,0,0
robustsae,0,0,0,0,0,0,0,0,0
AmmoniaConcentration,0,0,0,0,0,0,0,0,0
bannerCommenter,0,0,0,0,0,0,0,0,0
bridger2,0,0,0,0,0,0,0,0,0
easypackages,0,0,0,0,0,0,0,0,0
melviewr,0,0,0,0,0,0,0,0,0
MultiBD,1,47561,18827,28309,0,16,2,12,0
optigrab,0,0,0,0,0,0,0,0,0
PANDA,0,0,0,0,0,0,0,0,0
rt3,0,0,0,0,0,0,0,0,0
tswge,0,0,0,0,0,0,0,0,0
phuassess,0,0,0,0,0,0,0,0,0
SISIR,0,0,0,0,0,0,0,0,0
rhnerm,0,0,0,0,0,0,0,0,0
ClimDown,0,0,0,0,0,0,0,0,0
vkR,0,0,0,0,0,0,0,0,0
deconvolveR,0,0,0,0,0,0,0,0,0
freqdist,0,0,0,0,0,0,0,0,0
gbs2ploidy,0,0,0,0,0,0,0,0,0
rxSeq,0,0,0,0,0,0,0,0,0
camsRad,0,0,0,0,0,0,0,0,0
eMLEloglin,0,0,0,0,0,0,0,0,0
effectFusion,0,0,0,0,0,0,0,0,0
listdtr,1,64681,5794,0,58838,11,2,0,8
Przewodnik,0,0,0,0,0,0,0,0,0
testassay,0,0,0,0,0,0,0,0,0
tsdisagg2,0,0,0,0,0,0,0,0,0
GeomComb,0,0,0,0,0,0,0,0,0
notifyme,0,0,0,0,0,0,0,0,0
aslib,0,0,0,0,0,0,0,0,0
dynetNLAResistance,0,0,0,0,0,0,0,0,0
rIsing,1,109259,56218,12100,40941,8,5,2,1
rlo,0,0,0,0,0,0,0,0,0
survAWKMT2,0,0,0,0,0,0,0,0,0
quarrint,0,0,0,0,0,0,0,0,0
RDStreeboot,0,0,0,0,0,0,0,0,0
epistasis,0,0,0,0,0,0,0,0,0
SpaCCr,1,4647,0,4599,0,3,0,2,0
strat,1,3120,0,3120,0,2,0,2,0
mbclusterwise,0,0,0,0,0,0,0,0,0
ockc,0,0,0,0,0,0,0,0,0
Rdtq,1,7007,64,6943,0,3,1,2,0
pstest,0,0,0,0,0,0,0,0,0
relabeLoadings,0,0,0,0,0,0,0,0,0
ADCT,0,0,0,0,0,0,0,0,0
climbeR,0,0,0,0,0,0,0,0,0
DGCA,0,0,0,0,0,0,0,0,0
gwfa,1,7634,0,7634,0,2,0,2,0
NegBinBetaBinreg,0,0,0,0,0,0,0,0,0
tinsel,0,0,0,0,0,0,0,0,0
apdesign,0,0,0,0,0,0,0,0,0
colormap,0,0,0,0,0,0,0,0,0
WEE,0,0,0,0,0,0,0,0,0
PhyInformR,0,0,0,0,0,0,0,0,0
CSclone,0,0,0,0,0,0,0,0,0
flock,1,3897,0,3897,0,2,0,2,0
jointNmix,0,0,0,0,0,0,0,0,0
LEANR,0,0,0,0,0,0,0,0,0
Planesmuestra,0,0,0,0,0,0,0,0,0
ptest,1,9696,1847,0,7849,6,2,0,4
qiitr,0,0,0,0,0,0,0,0,0
sparkline,0,0,0,0,0,0,0,0,0
XRSCC,0,0,0,0,0,0,0,0,0
medfate,1,281518,9515,272003,0,22,10,12,0
cthreshER,0,0,0,0,0,0,0,0,0
exteriorMatch,0,0,0,0,0,0,0,0,0
RSIP,0,0,0,0,0,0,0,0,0
HARtools,0,0,0,0,0,0,0,0,0
horseshoe,0,0,0,0,0,0,0,0,0
msaFACE,0,0,0,0,0,0,0,0,0
pirate,1,3354,0,3306,0,3,0,2,0
rehh.data,0,0,0,0,0,0,0,0,0
wvtool,0,0,0,0,0,0,0,0,0
diffrprojectswidget,0,0,0,0,0,0,0,0,0
regtools,0,0,0,0,0,0,0,0,0
Rga4gh,0,0,0,0,0,0,0,0,0
starmie,0,0,0,0,0,0,0,0,0
varband,1,21456,0,21360,0,4,0,2,0
diffrprojects,1,5196,0,5196,0,4,0,4,0
varSel,0,0,0,0,0,0,0,0,0
ordcrm,0,0,0,0,0,0,0,0,0
packagedocs,0,0,0,0,0,0,0,0,0
MiRAnorm,0,0,0,0,0,0,0,0,0
rtext,1,1842,0,1842,0,2,0,2,0
stringb,0,0,0,0,0,0,0,0,0
rRAP,0,0,0,0,0,0,0,0,0
AdjBQR,0,0,0,0,0,0,0,0,0
gtheory,0,0,0,0,0,0,0,0,0
mhtboot,0,0,0,0,0,0,0,0,0
RDota2,0,0,0,0,0,0,0,0,0
rgeoapi,0,0,0,0,0,0,0,0,0
endogenous,0,0,0,0,0,0,0,0,0
spftir,0,0,0,0,0,0,0,0,0
triangulation,0,0,0,0,0,0,0,0,0
MIDN,0,0,0,0,0,0,0,0,0
spellcheckr,0,0,0,0,0,0,0,0,0
fizzbuzzR,0,0,0,0,0,0,0,0,0
countyweather,0,0,0,0,0,0,0,0,0
IRATER,0,0,0,0,0,0,0,0,0
gym,0,0,0,0,0,0,0,0,0
ABC.RAP,0,0,0,0,0,0,0,0,0
corlink,0,0,0,0,0,0,0,0,0
ggloop,0,0,0,0,0,0,0,0,0
MullerPlot,0,0,0,0,0,0,0,0,0
validatejsonr,1,608626,590018,15973,0,40,35,2,0
PCSinR,0,0,0,0,0,0,0,0,0
cryst,0,0,0,0,0,0,0,0,0
TDPanalysis,0,0,0,0,0,0,0,0,0
GraphFactor,0,0,0,0,0,0,0,0,0
KnapsackSampling,0,0,0,0,0,0,0,0,0
fontLiberation,0,0,0,0,0,0,0,0,0
RSarules,0,0,0,0,0,0,0,0,0
types,0,0,0,0,0,0,0,0,0
dbfaker,0,0,0,0,0,0,0,0,0
ISR3,1,39245,4996,0,34198,9,4,0,4
scan,0,0,0,0,0,0,0,0,0
convertr,0,0,0,0,0,0,0,0,0
MethodCompare,0,0,0,0,0,0,0,0,0
exp2flux,0,0,0,0,0,0,0,0,0
haploReconstruct,0,0,0,0,0,0,0,0,0
rgw,0,0,0,0,0,0,0,0,0
valorate,1,3243,0,0,3243,1,0,0,1
ptwikiwords,0,0,0,0,0,0,0,0,0
sharpeRratio,1,1719,0,1719,0,2,0,2,0
tsSelect,0,0,0,0,0,0,0,0,0
sAIC,0,0,0,0,0,0,0,0,0
ordDisp,0,0,0,0,0,0,0,0,0
EBASS,0,0,0,0,0,0,0,0,0
fixedTimeEvents,0,0,0,0,0,0,0,0,0
expandFunctions,0,0,0,0,0,0,0,0,0
sBIC,1,4355,0,4355,0,2,0,2,0
